"incidence","geo_name","geo_code","year","start_week","disease_name","disease_code"
87.04,"LK Breisgau-Hochschwarzwald","[DeutschlandNodes].[Kreise71Web].[FedStateKey71].&[08].&[DE13].&[08315]",2015,1,"Norovirus","[KategorieNz].[Krankheit DE].&[Norovirus-Gastroenteritis]"
109.82,"LK Emmendingen","[DeutschlandNodes].[Kreise71Web].[FedStateKey71].&[08].&[DE13].&[08316]",2015,1,"Norovirus","[KategorieNz].[Krankheit DE].&[Norovirus-Gastroenteritis]"
62.72,"SK Freiburg i.Breisgau","[DeutschlandNodes].[Kreise71Web].[FedStateKey71].&[08].&[DE13].&[08311]",2015,1,"Norovirus","[KategorieNz].[Krankheit DE].&[Norovirus-Gastroenteritis]"
69.21,"LK Konstanz","[DeutschlandNodes].[Kreise71Web].[FedStateKey71].&[08].&[DE13].&[08335]",2015,1,"Norovirus","[KategorieNz].[Krankheit DE].&[Norovirus-Gastroenteritis]"
74.99,"LK Lörrach","[DeutschlandNodes].[Kreise71Web].[FedStateKey71].&[08].&[DE13].&[08336]",2015,1,"Norovirus","[KategorieNz].[Krankheit DE].&[Norovirus-Gastroenteritis]"
96.4,"LK Ortenaukreis","[DeutschlandNodes].[Kreise71Web].[FedStateKey71].&[08].&[DE13].&[08317]",2015,1,"Norovirus","[KategorieNz].[Krankheit DE].&[Norovirus-Gastroenteritis]"
206.55,"LK Rottweil","[DeutschlandNodes].[Kreise71Web].[FedStateKey71].&[08].&[DE13].&[08325]",2015,1,"Norovirus","[KategorieNz].[Krankheit DE].&[Norovirus-Gastroenteritis]"
148.82,"LK Schwarzwald-Baar-Kreis","[DeutschlandNodes].[Kreise71Web].[FedStateKey71].&[08].&[DE13].&[08326]",2015,1,"Norovirus","[KategorieNz].[Krankheit DE].&[Norovirus-Gastroenteritis]"
155.92,"LK Tuttlingen","[DeutschlandNodes].[Kreise71Web].[FedStateKey71].&[08].&[DE13].&[08327]",2015,1,"Norovirus","[KategorieNz].[Krankheit DE].&[Norovirus-Gastroenteritis]"
145.95,"LK Waldshut","[DeutschlandNodes].[Kreise71Web].[FedStateKey71].&[08].&[DE13].&[08337]",2015,1,"Norovirus","[KategorieNz].[Krankheit DE].&[Norovirus-Gastroenteritis]"
96.01,"SK Baden-Baden","[DeutschlandNodes].[Kreise71Web].[FedStateKey71].&[08].&[DE12].&[08211]",2015,1,"Norovirus","[KategorieNz].[Krankheit DE].&[Norovirus-Gastroenteritis]"
162.85,"LK Calw","[DeutschlandNodes].[Kreise71Web].[FedStateKey71].&[08].&[DE12].&[08235]",2015,1,"Norovirus","[KategorieNz].[Krankheit DE].&[Norovirus-Gastroenteritis]"
76.5,"LK Enzkreis","[DeutschlandNodes].[Kreise71Web].[FedStateKey71].&[08].&[DE12].&[08236]",2015,1,"Norovirus","[KategorieNz].[Krankheit DE].&[Norovirus-Gastroenteritis]"
137.65,"LK Freudenstadt","[DeutschlandNodes].[Kreise71Web].[FedStateKey71].&[08].&[DE12].&[08237]",2015,1,"Norovirus","[KategorieNz].[Krankheit DE].&[Norovirus-Gastroenteritis]"
52.47,"SK Heidelberg","[DeutschlandNodes].[Kreise71Web].[FedStateKey71].&[08].&[DE12].&[08221]",2015,1,"Norovirus","[KategorieNz].[Krankheit DE].&[Norovirus-Gastroenteritis]"
69.86,"SK Karlsruhe","[DeutschlandNodes].[Kreise71Web].[FedStateKey71].&[08].&[DE12].&[08212]",2015,1,"Norovirus","[KategorieNz].[Krankheit DE].&[Norovirus-Gastroenteritis]"
76.17,"LK Karlsruhe","[DeutschlandNodes].[Kreise71Web].[FedStateKey71].&[08].&[DE12].&[08215]",2015,1,"Norovirus","[KategorieNz].[Krankheit DE].&[Norovirus-Gastroenteritis]"
121.98,"SK Mannheim","[DeutschlandNodes].[Kreise71Web].[FedStateKey71].&[08].&[DE12].&[08222]",2015,1,"Norovirus","[KategorieNz].[Krankheit DE].&[Norovirus-Gastroenteritis]"
153.92,"LK Neckar-Odenwald-Kreis","[DeutschlandNodes].[Kreise71Web].[FedStateKey71].&[08].&[DE12].&[08225]",2015,1,"Norovirus","[KategorieNz].[Krankheit DE].&[Norovirus-Gastroenteritis]"
36.81,"SK Pforzheim","[DeutschlandNodes].[Kreise71Web].[FedStateKey71].&[08].&[DE12].&[08231]",2015,1,"Norovirus","[KategorieNz].[Krankheit DE].&[Norovirus-Gastroenteritis]"
140.68,"LK Rastatt","[DeutschlandNodes].[Kreise71Web].[FedStateKey71].&[08].&[DE12].&[08216]",2015,1,"Norovirus","[KategorieNz].[Krankheit DE].&[Norovirus-Gastroenteritis]"
94.12,"LK Rhein-Neckar-Kreis","[DeutschlandNodes].[Kreise71Web].[FedStateKey71].&[08].&[DE12].&[08226]",2015,1,"Norovirus","[KategorieNz].[Krankheit DE].&[Norovirus-Gastroenteritis]"
81.83,"LK Böblingen","[DeutschlandNodes].[Kreise71Web].[FedStateKey71].&[08].&[DE11].&[08115]",2015,1,"Norovirus","[KategorieNz].[Krankheit DE].&[Norovirus-Gastroenteritis]"
92.34,"LK Esslingen","[DeutschlandNodes].[Kreise71Web].[FedStateKey71].&[08].&[DE11].&[08116]",2015,1,"Norovirus","[KategorieNz].[Krankheit DE].&[Norovirus-Gastroenteritis]"
79.13,"LK Göppingen","[DeutschlandNodes].[Kreise71Web].[FedStateKey71].&[08].&[DE11].&[08117]",2015,1,"Norovirus","[KategorieNz].[Krankheit DE].&[Norovirus-Gastroenteritis]"
36.01,"LK Heidenheim","[DeutschlandNodes].[Kreise71Web].[FedStateKey71].&[08].&[DE11].&[08135]",2015,1,"Norovirus","[KategorieNz].[Krankheit DE].&[Norovirus-Gastroenteritis]"
90.56,"SK Heilbronn","[DeutschlandNodes].[Kreise71Web].[FedStateKey71].&[08].&[DE11].&[08121]",2015,1,"Norovirus","[KategorieNz].[Krankheit DE].&[Norovirus-Gastroenteritis]"
101.38,"LK Heilbronn","[DeutschlandNodes].[Kreise71Web].[FedStateKey71].&[08].&[DE11].&[08125]",2015,1,"Norovirus","[KategorieNz].[Krankheit DE].&[Norovirus-Gastroenteritis]"
88.94,"LK Hohenlohekreis","[DeutschlandNodes].[Kreise71Web].[FedStateKey71].&[08].&[DE11].&[08126]",2015,1,"Norovirus","[KategorieNz].[Krankheit DE].&[Norovirus-Gastroenteritis]"
76.02,"LK Ludwigsburg","[DeutschlandNodes].[Kreise71Web].[FedStateKey71].&[08].&[DE11].&[08118]",2015,1,"Norovirus","[KategorieNz].[Krankheit DE].&[Norovirus-Gastroenteritis]"
122.56,"LK Main-Tauber-Kreis","[DeutschlandNodes].[Kreise71Web].[FedStateKey71].&[08].&[DE11].&[08128]",2015,1,"Norovirus","[KategorieNz].[Krankheit DE].&[Norovirus-Gastroenteritis]"
81.88,"LK Ostalbkreis","[DeutschlandNodes].[Kreise71Web].[FedStateKey71].&[08].&[DE11].&[08136]",2015,1,"Norovirus","[KategorieNz].[Krankheit DE].&[Norovirus-Gastroenteritis]"
64.13,"LK Rems-Murr-Kreis","[DeutschlandNodes].[Kreise71Web].[FedStateKey71].&[08].&[DE11].&[08119]",2015,1,"Norovirus","[KategorieNz].[Krankheit DE].&[Norovirus-Gastroenteritis]"
103.85,"LK Schwäbisch Hall","[DeutschlandNodes].[Kreise71Web].[FedStateKey71].&[08].&[DE11].&[08127]",2015,1,"Norovirus","[KategorieNz].[Krankheit DE].&[Norovirus-Gastroenteritis]"
79.52,"SK Stuttgart","[DeutschlandNodes].[Kreise71Web].[FedStateKey71].&[08].&[DE11].&[08111]",2015,1,"Norovirus","[KategorieNz].[Krankheit DE].&[Norovirus-Gastroenteritis]"
69.23,"LK Alb-Donau-Kreis","[DeutschlandNodes].[Kreise71Web].[FedStateKey71].&[08].&[DE14].&[08425]",2015,1,"Norovirus","[KategorieNz].[Krankheit DE].&[Norovirus-Gastroenteritis]"
84.53,"LK Biberach","[DeutschlandNodes].[Kreise71Web].[FedStateKey71].&[08].&[DE14].&[08426]",2015,1,"Norovirus","[KategorieNz].[Krankheit DE].&[Norovirus-Gastroenteritis]"
155.51,"LK Bodenseekreis","[DeutschlandNodes].[Kreise71Web].[FedStateKey71].&[08].&[DE14].&[08435]",2015,1,"Norovirus","[KategorieNz].[Krankheit DE].&[Norovirus-Gastroenteritis]"
102.4,"LK Ravensburg","[DeutschlandNodes].[Kreise71Web].[FedStateKey71].&[08].&[DE14].&[08436]",2015,1,"Norovirus","[KategorieNz].[Krankheit DE].&[Norovirus-Gastroenteritis]"
79.05,"LK Reutlingen","[DeutschlandNodes].[Kreise71Web].[FedStateKey71].&[08].&[DE14].&[08415]",2015,1,"Norovirus","[KategorieNz].[Krankheit DE].&[Norovirus-Gastroenteritis]"
114.7,"LK Sigmaringen","[DeutschlandNodes].[Kreise71Web].[FedStateKey71].&[08].&[DE14].&[08437]",2015,1,"Norovirus","[KategorieNz].[Krankheit DE].&[Norovirus-Gastroenteritis]"
63.11,"LK Tübingen","[DeutschlandNodes].[Kreise71Web].[FedStateKey71].&[08].&[DE14].&[08416]",2015,1,"Norovirus","[KategorieNz].[Krankheit DE].&[Norovirus-Gastroenteritis]"
72.57,"SK Ulm","[DeutschlandNodes].[Kreise71Web].[FedStateKey71].&[08].&[DE14].&[08421]",2015,1,"Norovirus","[KategorieNz].[Krankheit DE].&[Norovirus-Gastroenteritis]"
116.65,"LK Zollernalbkreis","[DeutschlandNodes].[Kreise71Web].[FedStateKey71].&[08].&[DE14].&[08417]",2015,1,"Norovirus","[KategorieNz].[Krankheit DE].&[Norovirus-Gastroenteritis]"
121.48,"SK Ansbach","[DeutschlandNodes].[Kreise71Web].[FedStateKey71].&[09].&[DE25].&[09561]",2015,1,"Norovirus","[KategorieNz].[Krankheit DE].&[Norovirus-Gastroenteritis]"
125.2,"LK Ansbach","[DeutschlandNodes].[Kreise71Web].[FedStateKey71].&[09].&[DE25].&[09571]",2015,1,"Norovirus","[KategorieNz].[Krankheit DE].&[Norovirus-Gastroenteritis]"
80.31,"SK Erlangen","[DeutschlandNodes].[Kreise71Web].[FedStateKey71].&[09].&[DE25].&[09562]",2015,1,"Norovirus","[KategorieNz].[Krankheit DE].&[Norovirus-Gastroenteritis]"
67.84,"LK Erlangen-Höchstadt","[DeutschlandNodes].[Kreise71Web].[FedStateKey71].&[09].&[DE25].&[09572]",2015,1,"Norovirus","[KategorieNz].[Krankheit DE].&[Norovirus-Gastroenteritis]"
100.67,"SK Fürth","[DeutschlandNodes].[Kreise71Web].[FedStateKey71].&[09].&[DE25].&[09563]",2015,1,"Norovirus","[KategorieNz].[Krankheit DE].&[Norovirus-Gastroenteritis]"
103.25,"LK Fürth","[DeutschlandNodes].[Kreise71Web].[FedStateKey71].&[09].&[DE25].&[09573]",2015,1,"Norovirus","[KategorieNz].[Krankheit DE].&[Norovirus-Gastroenteritis]"
88.1,"LK Neustadt a.d.Aisch-Bad Windsheim","[DeutschlandNodes].[Kreise71Web].[FedStateKey71].&[09].&[DE25].&[09575]",2015,1,"Norovirus","[KategorieNz].[Krankheit DE].&[Norovirus-Gastroenteritis]"
53.92,"SK Nürnberg","[DeutschlandNodes].[Kreise71Web].[FedStateKey71].&[09].&[DE25].&[09564]",2015,1,"Norovirus","[KategorieNz].[Krankheit DE].&[Norovirus-Gastroenteritis]"
50.11,"LK Nürnberger Land","[DeutschlandNodes].[Kreise71Web].[FedStateKey71].&[09].&[DE25].&[09574]",2015,1,"Norovirus","[KategorieNz].[Krankheit DE].&[Norovirus-Gastroenteritis]"
117.47,"LK Roth","[DeutschlandNodes].[Kreise71Web].[FedStateKey71].&[09].&[DE25].&[09576]",2015,1,"Norovirus","[KategorieNz].[Krankheit DE].&[Norovirus-Gastroenteritis]"
37.1,"SK Schwabach","[DeutschlandNodes].[Kreise71Web].[FedStateKey71].&[09].&[DE25].&[09565]",2015,1,"Norovirus","[KategorieNz].[Krankheit DE].&[Norovirus-Gastroenteritis]"
155.34,"LK Weißenburg-Gunzenhausen","[DeutschlandNodes].[Kreise71Web].[FedStateKey71].&[09].&[DE25].&[09577]",2015,1,"Norovirus","[KategorieNz].[Krankheit DE].&[Norovirus-Gastroenteritis]"
153.52,"LK Deggendorf","[DeutschlandNodes].[Kreise71Web].[FedStateKey71].&[09].&[DE22].&[09271]",2015,1,"Norovirus","[KategorieNz].[Krankheit DE].&[Norovirus-Gastroenteritis]"
167.9,"LK Dingolfing-Landau","[DeutschlandNodes].[Kreise71Web].[FedStateKey71].&[09].&[DE22].&[09279]",2015,1,"Norovirus","[KategorieNz].[Krankheit DE].&[Norovirus-Gastroenteritis]"
221.45,"LK Freyung-Grafenau","[DeutschlandNodes].[Kreise71Web].[FedStateKey71].&[09].&[DE22].&[09272]",2015,1,"Norovirus","[KategorieNz].[Krankheit DE].&[Norovirus-Gastroenteritis]"
97.51,"LK Kelheim","[DeutschlandNodes].[Kreise71Web].[FedStateKey71].&[09].&[DE22].&[09273]",2015,1,"Norovirus","[KategorieNz].[Krankheit DE].&[Norovirus-Gastroenteritis]"
95.36,"SK Landshut","[DeutschlandNodes].[Kreise71Web].[FedStateKey71].&[09].&[DE22].&[09261]",2015,1,"Norovirus","[KategorieNz].[Krankheit DE].&[Norovirus-Gastroenteritis]"
108.04,"LK Landshut","[DeutschlandNodes].[Kreise71Web].[FedStateKey71].&[09].&[DE22].&[09274]",2015,1,"Norovirus","[KategorieNz].[Krankheit DE].&[Norovirus-Gastroenteritis]"
201.72,"SK Passau","[DeutschlandNodes].[Kreise71Web].[FedStateKey71].&[09].&[DE22].&[09262]",2015,1,"Norovirus","[KategorieNz].[Krankheit DE].&[Norovirus-Gastroenteritis]"
181.06,"LK Passau","[DeutschlandNodes].[Kreise71Web].[FedStateKey71].&[09].&[DE22].&[09275]",2015,1,"Norovirus","[KategorieNz].[Krankheit DE].&[Norovirus-Gastroenteritis]"
70.3,"LK Regen","[DeutschlandNodes].[Kreise71Web].[FedStateKey71].&[09].&[DE22].&[09276]",2015,1,"Norovirus","[KategorieNz].[Krankheit DE].&[Norovirus-Gastroenteritis]"
121.63,"LK Rottal-Inn","[DeutschlandNodes].[Kreise71Web].[FedStateKey71].&[09].&[DE22].&[09277]",2015,1,"Norovirus","[KategorieNz].[Krankheit DE].&[Norovirus-Gastroenteritis]"
87.6,"SK Straubing","[DeutschlandNodes].[Kreise71Web].[FedStateKey71].&[09].&[DE22].&[09263]",2015,1,"Norovirus","[KategorieNz].[Krankheit DE].&[Norovirus-Gastroenteritis]"
87.04,"LK Straubing-Bogen","[DeutschlandNodes].[Kreise71Web].[FedStateKey71].&[09].&[DE22].&[09278]",2015,1,"Norovirus","[KategorieNz].[Krankheit DE].&[Norovirus-Gastroenteritis]"
56.23,"LK Altötting","[DeutschlandNodes].[Kreise71Web].[FedStateKey71].&[09].&[DE21].&[09171]",2015,1,"Norovirus","[KategorieNz].[Krankheit DE].&[Norovirus-Gastroenteritis]"
104.06,"LK Bad Tölz-Wolfratshausen","[DeutschlandNodes].[Kreise71Web].[FedStateKey71].&[09].&[DE21].&[09173]",2015,1,"Norovirus","[KategorieNz].[Krankheit DE].&[Norovirus-Gastroenteritis]"
177.08,"LK Berchtesgadener Land","[DeutschlandNodes].[Kreise71Web].[FedStateKey71].&[09].&[DE21].&[09172]",2015,1,"Norovirus","[KategorieNz].[Krankheit DE].&[Norovirus-Gastroenteritis]"
104.44,"LK Dachau","[DeutschlandNodes].[Kreise71Web].[FedStateKey71].&[09].&[DE21].&[09174]",2015,1,"Norovirus","[KategorieNz].[Krankheit DE].&[Norovirus-Gastroenteritis]"
176.83,"LK Ebersberg","[DeutschlandNodes].[Kreise71Web].[FedStateKey71].&[09].&[DE21].&[09175]",2015,1,"Norovirus","[KategorieNz].[Krankheit DE].&[Norovirus-Gastroenteritis]"
99.38,"LK Eichstätt","[DeutschlandNodes].[Kreise71Web].[FedStateKey71].&[09].&[DE21].&[09176]",2015,1,"Norovirus","[KategorieNz].[Krankheit DE].&[Norovirus-Gastroenteritis]"
77.01,"LK Erding","[DeutschlandNodes].[Kreise71Web].[FedStateKey71].&[09].&[DE21].&[09177]",2015,1,"Norovirus","[KategorieNz].[Krankheit DE].&[Norovirus-Gastroenteritis]"
80.24,"LK Freising","[DeutschlandNodes].[Kreise71Web].[FedStateKey71].&[09].&[DE21].&[09178]",2015,1,"Norovirus","[KategorieNz].[Krankheit DE].&[Norovirus-Gastroenteritis]"
142.4,"LK Fürstenfeldbruck","[DeutschlandNodes].[Kreise71Web].[FedStateKey71].&[09].&[DE21].&[09179]",2015,1,"Norovirus","[KategorieNz].[Krankheit DE].&[Norovirus-Gastroenteritis]"
185.39,"LK Garmisch-Partenkirchen","[DeutschlandNodes].[Kreise71Web].[FedStateKey71].&[09].&[DE21].&[09180]",2015,1,"Norovirus","[KategorieNz].[Krankheit DE].&[Norovirus-Gastroenteritis]"
143.46,"SK Ingolstadt","[DeutschlandNodes].[Kreise71Web].[FedStateKey71].&[09].&[DE21].&[09161]",2015,1,"Norovirus","[KategorieNz].[Krankheit DE].&[Norovirus-Gastroenteritis]"
50.15,"LK Landsberg a.Lech","[DeutschlandNodes].[Kreise71Web].[FedStateKey71].&[09].&[DE21].&[09181]",2015,1,"Norovirus","[KategorieNz].[Krankheit DE].&[Norovirus-Gastroenteritis]"
78.34,"LK Miesbach","[DeutschlandNodes].[Kreise71Web].[FedStateKey71].&[09].&[DE21].&[09182]",2015,1,"Norovirus","[KategorieNz].[Krankheit DE].&[Norovirus-Gastroenteritis]"
105.33,"LK Mühldorf a.Inn","[DeutschlandNodes].[Kreise71Web].[FedStateKey71].&[09].&[DE21].&[09183]",2015,1,"Norovirus","[KategorieNz].[Krankheit DE].&[Norovirus-Gastroenteritis]"
117.14,"SK München","[DeutschlandNodes].[Kreise71Web].[FedStateKey71].&[09].&[DE21].&[09162]",2015,1,"Norovirus","[KategorieNz].[Krankheit DE].&[Norovirus-Gastroenteritis]"
113.53,"LK München","[DeutschlandNodes].[Kreise71Web].[FedStateKey71].&[09].&[DE21].&[09184]",2015,1,"Norovirus","[KategorieNz].[Krankheit DE].&[Norovirus-Gastroenteritis]"
104.59,"LK Neuburg-Schrobenhausen","[DeutschlandNodes].[Kreise71Web].[FedStateKey71].&[09].&[DE21].&[09185]",2015,1,"Norovirus","[KategorieNz].[Krankheit DE].&[Norovirus-Gastroenteritis]"
132.12,"LK Pfaffenhofen a.d.Ilm","[DeutschlandNodes].[Kreise71Web].[FedStateKey71].&[09].&[DE21].&[09186]",2015,1,"Norovirus","[KategorieNz].[Krankheit DE].&[Norovirus-Gastroenteritis]"
71.15,"SK Rosenheim","[DeutschlandNodes].[Kreise71Web].[FedStateKey71].&[09].&[DE21].&[09163]",2015,1,"Norovirus","[KategorieNz].[Krankheit DE].&[Norovirus-Gastroenteritis]"
100.36,"LK Rosenheim","[DeutschlandNodes].[Kreise71Web].[FedStateKey71].&[09].&[DE21].&[09187]",2015,1,"Norovirus","[KategorieNz].[Krankheit DE].&[Norovirus-Gastroenteritis]"
121.99,"LK Starnberg","[DeutschlandNodes].[Kreise71Web].[FedStateKey71].&[09].&[DE21].&[09188]",2015,1,"Norovirus","[KategorieNz].[Krankheit DE].&[Norovirus-Gastroenteritis]"
187.76,"LK Traunstein","[DeutschlandNodes].[Kreise71Web].[FedStateKey71].&[09].&[DE21].&[09189]",2015,1,"Norovirus","[KategorieNz].[Krankheit DE].&[Norovirus-Gastroenteritis]"
125.65,"LK Weilheim-Schongau","[DeutschlandNodes].[Kreise71Web].[FedStateKey71].&[09].&[DE21].&[09190]",2015,1,"Norovirus","[KategorieNz].[Krankheit DE].&[Norovirus-Gastroenteritis]"
235.92,"SK Bamberg","[DeutschlandNodes].[Kreise71Web].[FedStateKey71].&[09].&[DE24].&[09461]",2015,1,"Norovirus","[KategorieNz].[Krankheit DE].&[Norovirus-Gastroenteritis]"
206.09,"LK Bamberg","[DeutschlandNodes].[Kreise71Web].[FedStateKey71].&[09].&[DE24].&[09471]",2015,1,"Norovirus","[KategorieNz].[Krankheit DE].&[Norovirus-Gastroenteritis]"
106.73,"SK Bayreuth","[DeutschlandNodes].[Kreise71Web].[FedStateKey71].&[09].&[DE24].&[09462]",2015,1,"Norovirus","[KategorieNz].[Krankheit DE].&[Norovirus-Gastroenteritis]"
145.73,"LK Bayreuth","[DeutschlandNodes].[Kreise71Web].[FedStateKey71].&[09].&[DE24].&[09472]",2015,1,"Norovirus","[KategorieNz].[Krankheit DE].&[Norovirus-Gastroenteritis]"
404.78,"SK Coburg","[DeutschlandNodes].[Kreise71Web].[FedStateKey71].&[09].&[DE24].&[09463]",2015,1,"Norovirus","[KategorieNz].[Krankheit DE].&[Norovirus-Gastroenteritis]"
175.52,"LK Coburg","[DeutschlandNodes].[Kreise71Web].[FedStateKey71].&[09].&[DE24].&[09473]",2015,1,"Norovirus","[KategorieNz].[Krankheit DE].&[Norovirus-Gastroenteritis]"
107.98,"LK Forchheim","[DeutschlandNodes].[Kreise71Web].[FedStateKey71].&[09].&[DE24].&[09474]",2015,1,"Norovirus","[KategorieNz].[Krankheit DE].&[Norovirus-Gastroenteritis]"
11.2,"SK Hof","[DeutschlandNodes].[Kreise71Web].[FedStateKey71].&[09].&[DE24].&[09464]",2015,1,"Norovirus","[KategorieNz].[Krankheit DE].&[Norovirus-Gastroenteritis]"
320.44,"LK Hof","[DeutschlandNodes].[Kreise71Web].[FedStateKey71].&[09].&[DE24].&[09475]",2015,1,"Norovirus","[KategorieNz].[Krankheit DE].&[Norovirus-Gastroenteritis]"
150.19,"LK Kronach","[DeutschlandNodes].[Kreise71Web].[FedStateKey71].&[09].&[DE24].&[09476]",2015,1,"Norovirus","[KategorieNz].[Krankheit DE].&[Norovirus-Gastroenteritis]"
139.37,"LK Kulmbach","[DeutschlandNodes].[Kreise71Web].[FedStateKey71].&[09].&[DE24].&[09477]",2015,1,"Norovirus","[KategorieNz].[Krankheit DE].&[Norovirus-Gastroenteritis]"
112.52,"LK Lichtenfels","[DeutschlandNodes].[Kreise71Web].[FedStateKey71].&[09].&[DE24].&[09478]",2015,1,"Norovirus","[KategorieNz].[Krankheit DE].&[Norovirus-Gastroenteritis]"
169.43,"LK Wunsiedel i.Fichtelgebirge","[DeutschlandNodes].[Kreise71Web].[FedStateKey71].&[09].&[DE24].&[09479]",2015,1,"Norovirus","[KategorieNz].[Krankheit DE].&[Norovirus-Gastroenteritis]"
54.94,"SK Amberg","[DeutschlandNodes].[Kreise71Web].[FedStateKey71].&[09].&[DE23].&[09361]",2015,1,"Norovirus","[KategorieNz].[Krankheit DE].&[Norovirus-Gastroenteritis]"
92.69,"LK Amberg-Sulzbach","[DeutschlandNodes].[Kreise71Web].[FedStateKey71].&[09].&[DE23].&[09371]",2015,1,"Norovirus","[KategorieNz].[Krankheit DE].&[Norovirus-Gastroenteritis]"
60.15,"LK Cham","[DeutschlandNodes].[Kreise71Web].[FedStateKey71].&[09].&[DE23].&[09372]",2015,1,"Norovirus","[KategorieNz].[Krankheit DE].&[Norovirus-Gastroenteritis]"
74.4,"LK Neumarkt i.d.OPf.","[DeutschlandNodes].[Kreise71Web].[FedStateKey71].&[09].&[DE23].&[09373]",2015,1,"Norovirus","[KategorieNz].[Krankheit DE].&[Norovirus-Gastroenteritis]"
99.92,"LK Neustadt a.d.Waldnaab","[DeutschlandNodes].[Kreise71Web].[FedStateKey71].&[09].&[DE23].&[09374]",2015,1,"Norovirus","[KategorieNz].[Krankheit DE].&[Norovirus-Gastroenteritis]"
95.56,"SK Regensburg","[DeutschlandNodes].[Kreise71Web].[FedStateKey71].&[09].&[DE23].&[09362]",2015,1,"Norovirus","[KategorieNz].[Krankheit DE].&[Norovirus-Gastroenteritis]"
97.68,"LK Regensburg","[DeutschlandNodes].[Kreise71Web].[FedStateKey71].&[09].&[DE23].&[09375]",2015,1,"Norovirus","[KategorieNz].[Krankheit DE].&[Norovirus-Gastroenteritis]"
172.58,"LK Schwandorf","[DeutschlandNodes].[Kreise71Web].[FedStateKey71].&[09].&[DE23].&[09376]",2015,1,"Norovirus","[KategorieNz].[Krankheit DE].&[Norovirus-Gastroenteritis]"
177.32,"LK Tirschenreuth","[DeutschlandNodes].[Kreise71Web].[FedStateKey71].&[09].&[DE23].&[09377]",2015,1,"Norovirus","[KategorieNz].[Krankheit DE].&[Norovirus-Gastroenteritis]"
54.69,"SK Weiden i.d.OPf.","[DeutschlandNodes].[Kreise71Web].[FedStateKey71].&[09].&[DE23].&[09363]",2015,1,"Norovirus","[KategorieNz].[Krankheit DE].&[Norovirus-Gastroenteritis]"
80.2,"LK Aichach-Friedberg","[DeutschlandNodes].[Kreise71Web].[FedStateKey71].&[09].&[DE27].&[09771]",2015,1,"Norovirus","[KategorieNz].[Krankheit DE].&[Norovirus-Gastroenteritis]"
95.68,"SK Augsburg","[DeutschlandNodes].[Kreise71Web].[FedStateKey71].&[09].&[DE27].&[09761]",2015,1,"Norovirus","[KategorieNz].[Krankheit DE].&[Norovirus-Gastroenteritis]"
89.17,"LK Augsburg","[DeutschlandNodes].[Kreise71Web].[FedStateKey71].&[09].&[DE27].&[09772]",2015,1,"Norovirus","[KategorieNz].[Krankheit DE].&[Norovirus-Gastroenteritis]"
102.56,"LK Dillingen a.d.Donau","[DeutschlandNodes].[Kreise71Web].[FedStateKey71].&[09].&[DE27].&[09773]",2015,1,"Norovirus","[KategorieNz].[Krankheit DE].&[Norovirus-Gastroenteritis]"
88.32,"LK Donau-Ries","[DeutschlandNodes].[Kreise71Web].[FedStateKey71].&[09].&[DE27].&[09779]",2015,1,"Norovirus","[KategorieNz].[Krankheit DE].&[Norovirus-Gastroenteritis]"
158.34,"LK Günzburg","[DeutschlandNodes].[Kreise71Web].[FedStateKey71].&[09].&[DE27].&[09774]",2015,1,"Norovirus","[KategorieNz].[Krankheit DE].&[Norovirus-Gastroenteritis]"
135.73,"SK Kaufbeuren","[DeutschlandNodes].[Kreise71Web].[FedStateKey71].&[09].&[DE27].&[09762]",2015,1,"Norovirus","[KategorieNz].[Krankheit DE].&[Norovirus-Gastroenteritis]"
29.87,"SK Kempten","[DeutschlandNodes].[Kreise71Web].[FedStateKey71].&[09].&[DE27].&[09763]",2015,1,"Norovirus","[KategorieNz].[Krankheit DE].&[Norovirus-Gastroenteritis]"
103.2,"LK Lindau","[DeutschlandNodes].[Kreise71Web].[FedStateKey71].&[09].&[DE27].&[09776]",2015,1,"Norovirus","[KategorieNz].[Krankheit DE].&[Norovirus-Gastroenteritis]"
93.37,"SK Memmingen","[DeutschlandNodes].[Kreise71Web].[FedStateKey71].&[09].&[DE27].&[09764]",2015,1,"Norovirus","[KategorieNz].[Krankheit DE].&[Norovirus-Gastroenteritis]"
85.14,"LK Neu-Ulm","[DeutschlandNodes].[Kreise71Web].[FedStateKey71].&[09].&[DE27].&[09775]",2015,1,"Norovirus","[KategorieNz].[Krankheit DE].&[Norovirus-Gastroenteritis]"
89.73,"LK Oberallgäu","[DeutschlandNodes].[Kreise71Web].[FedStateKey71].&[09].&[DE27].&[09780]",2015,1,"Norovirus","[KategorieNz].[Krankheit DE].&[Norovirus-Gastroenteritis]"
84.96,"LK Ostallgäu","[DeutschlandNodes].[Kreise71Web].[FedStateKey71].&[09].&[DE27].&[09777]",2015,1,"Norovirus","[KategorieNz].[Krankheit DE].&[Norovirus-Gastroenteritis]"
131.75,"LK Unterallgäu","[DeutschlandNodes].[Kreise71Web].[FedStateKey71].&[09].&[DE27].&[09778]",2015,1,"Norovirus","[KategorieNz].[Krankheit DE].&[Norovirus-Gastroenteritis]"
85.52,"SK Aschaffenburg","[DeutschlandNodes].[Kreise71Web].[FedStateKey71].&[09].&[DE26].&[09661]",2015,1,"Norovirus","[KategorieNz].[Krankheit DE].&[Norovirus-Gastroenteritis]"
121.48,"LK Aschaffenburg","[DeutschlandNodes].[Kreise71Web].[FedStateKey71].&[09].&[DE26].&[09671]",2015,1,"Norovirus","[KategorieNz].[Krankheit DE].&[Norovirus-Gastroenteritis]"
159.06,"LK Bad Kissingen","[DeutschlandNodes].[Kreise71Web].[FedStateKey71].&[09].&[DE26].&[09672]",2015,1,"Norovirus","[KategorieNz].[Krankheit DE].&[Norovirus-Gastroenteritis]"
122.96,"LK Haßberge","[DeutschlandNodes].[Kreise71Web].[FedStateKey71].&[09].&[DE26].&[09674]",2015,1,"Norovirus","[KategorieNz].[Krankheit DE].&[Norovirus-Gastroenteritis]"
89.58,"LK Kitzingen","[DeutschlandNodes].[Kreise71Web].[FedStateKey71].&[09].&[DE26].&[09675]",2015,1,"Norovirus","[KategorieNz].[Krankheit DE].&[Norovirus-Gastroenteritis]"
154.61,"LK Main-Spessart","[DeutschlandNodes].[Kreise71Web].[FedStateKey71].&[09].&[DE26].&[09677]",2015,1,"Norovirus","[KategorieNz].[Krankheit DE].&[Norovirus-Gastroenteritis]"
538.75,"LK Miltenberg","[DeutschlandNodes].[Kreise71Web].[FedStateKey71].&[09].&[DE26].&[09676]",2015,1,"Norovirus","[KategorieNz].[Krankheit DE].&[Norovirus-Gastroenteritis]"
154.28,"LK Rhön-Grabfeld","[DeutschlandNodes].[Kreise71Web].[FedStateKey71].&[09].&[DE26].&[09673]",2015,1,"Norovirus","[KategorieNz].[Krankheit DE].&[Norovirus-Gastroenteritis]"
98.14,"SK Schweinfurt","[DeutschlandNodes].[Kreise71Web].[FedStateKey71].&[09].&[DE26].&[09662]",2015,1,"Norovirus","[KategorieNz].[Krankheit DE].&[Norovirus-Gastroenteritis]"
74.9,"LK Schweinfurt","[DeutschlandNodes].[Kreise71Web].[FedStateKey71].&[09].&[DE26].&[09678]",2015,1,"Norovirus","[KategorieNz].[Krankheit DE].&[Norovirus-Gastroenteritis]"
56.06,"SK Würzburg","[DeutschlandNodes].[Kreise71Web].[FedStateKey71].&[09].&[DE26].&[09663]",2015,1,"Norovirus","[KategorieNz].[Krankheit DE].&[Norovirus-Gastroenteritis]"
69.19,"LK Würzburg","[DeutschlandNodes].[Kreise71Web].[FedStateKey71].&[09].&[DE26].&[09679]",2015,1,"Norovirus","[KategorieNz].[Krankheit DE].&[Norovirus-Gastroenteritis]"
76.53,"SK Berlin Charlottenburg-Wilmersdorf","[DeutschlandNodes].[Kreise71Web].[FedStateKey71].&[11].&[DE30].&[11004]",2015,1,"Norovirus","[KategorieNz].[Krankheit DE].&[Norovirus-Gastroenteritis]"
56.17,"SK Berlin Friedrichshain-Kreuzberg","[DeutschlandNodes].[Kreise71Web].[FedStateKey71].&[11].&[DE30].&[11002]",2015,1,"Norovirus","[KategorieNz].[Krankheit DE].&[Norovirus-Gastroenteritis]"
87.03,"SK Berlin Lichtenberg","[DeutschlandNodes].[Kreise71Web].[FedStateKey71].&[11].&[DE30].&[11011]",2015,1,"Norovirus","[KategorieNz].[Krankheit DE].&[Norovirus-Gastroenteritis]"
76.12,"SK Berlin Marzahn-Hellersdorf","[DeutschlandNodes].[Kreise71Web].[FedStateKey71].&[11].&[DE30].&[11010]",2015,1,"Norovirus","[KategorieNz].[Krankheit DE].&[Norovirus-Gastroenteritis]"
57.6,"SK Berlin Mitte","[DeutschlandNodes].[Kreise71Web].[FedStateKey71].&[11].&[DE30].&[11001]",2015,1,"Norovirus","[KategorieNz].[Krankheit DE].&[Norovirus-Gastroenteritis]"
85,"SK Berlin Neukölln","[DeutschlandNodes].[Kreise71Web].[FedStateKey71].&[11].&[DE30].&[11008]",2015,1,"Norovirus","[KategorieNz].[Krankheit DE].&[Norovirus-Gastroenteritis]"
123.44,"SK Berlin Pankow","[DeutschlandNodes].[Kreise71Web].[FedStateKey71].&[11].&[DE30].&[11003]",2015,1,"Norovirus","[KategorieNz].[Krankheit DE].&[Norovirus-Gastroenteritis]"
118.02,"SK Berlin Reinickendorf","[DeutschlandNodes].[Kreise71Web].[FedStateKey71].&[11].&[DE30].&[11012]",2015,1,"Norovirus","[KategorieNz].[Krankheit DE].&[Norovirus-Gastroenteritis]"
57.93,"SK Berlin Spandau","[DeutschlandNodes].[Kreise71Web].[FedStateKey71].&[11].&[DE30].&[11005]",2015,1,"Norovirus","[KategorieNz].[Krankheit DE].&[Norovirus-Gastroenteritis]"
186.81,"SK Berlin Steglitz-Zehlendorf","[DeutschlandNodes].[Kreise71Web].[FedStateKey71].&[11].&[DE30].&[11006]",2015,1,"Norovirus","[KategorieNz].[Krankheit DE].&[Norovirus-Gastroenteritis]"
106.06,"SK Berlin Tempelhof-Schöneberg","[DeutschlandNodes].[Kreise71Web].[FedStateKey71].&[11].&[DE30].&[11007]",2015,1,"Norovirus","[KategorieNz].[Krankheit DE].&[Norovirus-Gastroenteritis]"
82.88,"SK Berlin Treptow-Köpenick","[DeutschlandNodes].[Kreise71Web].[FedStateKey71].&[11].&[DE30].&[11009]",2015,1,"Norovirus","[KategorieNz].[Krankheit DE].&[Norovirus-Gastroenteritis]"
160.08,"LK Barnim","[DeutschlandNodes].[Kreise71Web].[FedStateKey71].&[12].&[DE40].&[12060]",2015,1,"Norovirus","[KategorieNz].[Krankheit DE].&[Norovirus-Gastroenteritis]"
162.07,"SK Brandenburg a.d.Havel","[DeutschlandNodes].[Kreise71Web].[FedStateKey71].&[12].&[DE40].&[12051]",2015,1,"Norovirus","[KategorieNz].[Krankheit DE].&[Norovirus-Gastroenteritis]"
127.4,"SK Cottbus","[DeutschlandNodes].[Kreise71Web].[FedStateKey71].&[12].&[DE40].&[12052]",2015,1,"Norovirus","[KategorieNz].[Krankheit DE].&[Norovirus-Gastroenteritis]"
335.51,"LK Dahme-Spreewald","[DeutschlandNodes].[Kreise71Web].[FedStateKey71].&[12].&[DE40].&[12061]",2015,1,"Norovirus","[KategorieNz].[Krankheit DE].&[Norovirus-Gastroenteritis]"
184.38,"LK Elbe-Elster","[DeutschlandNodes].[Kreise71Web].[FedStateKey71].&[12].&[DE40].&[12062]",2015,1,"Norovirus","[KategorieNz].[Krankheit DE].&[Norovirus-Gastroenteritis]"
972.6,"SK Frankfurt (Oder)","[DeutschlandNodes].[Kreise71Web].[FedStateKey71].&[12].&[DE40].&[12053]",2015,1,"Norovirus","[KategorieNz].[Krankheit DE].&[Norovirus-Gastroenteritis]"
111.23,"LK Havelland","[DeutschlandNodes].[Kreise71Web].[FedStateKey71].&[12].&[DE40].&[12063]",2015,1,"Norovirus","[KategorieNz].[Krankheit DE].&[Norovirus-Gastroenteritis]"
232.81,"LK Märkisch-Oderland","[DeutschlandNodes].[Kreise71Web].[FedStateKey71].&[12].&[DE40].&[12064]",2015,1,"Norovirus","[KategorieNz].[Krankheit DE].&[Norovirus-Gastroenteritis]"
145.53,"LK Oberhavel","[DeutschlandNodes].[Kreise71Web].[FedStateKey71].&[12].&[DE40].&[12065]",2015,1,"Norovirus","[KategorieNz].[Krankheit DE].&[Norovirus-Gastroenteritis]"
401.96,"LK Oberspreewald-Lausitz","[DeutschlandNodes].[Kreise71Web].[FedStateKey71].&[12].&[DE40].&[12066]",2015,1,"Norovirus","[KategorieNz].[Krankheit DE].&[Norovirus-Gastroenteritis]"
349.24,"LK Oder-Spree","[DeutschlandNodes].[Kreise71Web].[FedStateKey71].&[12].&[DE40].&[12067]",2015,1,"Norovirus","[KategorieNz].[Krankheit DE].&[Norovirus-Gastroenteritis]"
241.15,"LK Ostprignitz-Ruppin","[DeutschlandNodes].[Kreise71Web].[FedStateKey71].&[12].&[DE40].&[12068]",2015,1,"Norovirus","[KategorieNz].[Krankheit DE].&[Norovirus-Gastroenteritis]"
131.15,"SK Potsdam","[DeutschlandNodes].[Kreise71Web].[FedStateKey71].&[12].&[DE40].&[12054]",2015,1,"Norovirus","[KategorieNz].[Krankheit DE].&[Norovirus-Gastroenteritis]"
214.31,"LK Potsdam-Mittelmark","[DeutschlandNodes].[Kreise71Web].[FedStateKey71].&[12].&[DE40].&[12069]",2015,1,"Norovirus","[KategorieNz].[Krankheit DE].&[Norovirus-Gastroenteritis]"
357.08,"LK Prignitz","[DeutschlandNodes].[Kreise71Web].[FedStateKey71].&[12].&[DE40].&[12070]",2015,1,"Norovirus","[KategorieNz].[Krankheit DE].&[Norovirus-Gastroenteritis]"
226.12,"LK Spree-Neiße","[DeutschlandNodes].[Kreise71Web].[FedStateKey71].&[12].&[DE40].&[12071]",2015,1,"Norovirus","[KategorieNz].[Krankheit DE].&[Norovirus-Gastroenteritis]"
193.82,"LK Teltow-Fläming","[DeutschlandNodes].[Kreise71Web].[FedStateKey71].&[12].&[DE40].&[12072]",2015,1,"Norovirus","[KategorieNz].[Krankheit DE].&[Norovirus-Gastroenteritis]"
142.96,"LK Uckermark","[DeutschlandNodes].[Kreise71Web].[FedStateKey71].&[12].&[DE40].&[12073]",2015,1,"Norovirus","[KategorieNz].[Krankheit DE].&[Norovirus-Gastroenteritis]"
121.8,"SK Bremen","[DeutschlandNodes].[Kreise71Web].[FedStateKey71].&[04].&[DE50].&[04011]",2015,1,"Norovirus","[KategorieNz].[Krankheit DE].&[Norovirus-Gastroenteritis]"
95.59,"SK Bremerhaven","[DeutschlandNodes].[Kreise71Web].[FedStateKey71].&[04].&[DE50].&[04012]",2015,1,"Norovirus","[KategorieNz].[Krankheit DE].&[Norovirus-Gastroenteritis]"
137.85,"SK Hamburg","[DeutschlandNodes].[Kreise71Web].[FedStateKey71].&[02].&[DE60].&[02000]",2015,1,"Norovirus","[KategorieNz].[Krankheit DE].&[Norovirus-Gastroenteritis]"
96.28,"LK Bergstraße","[DeutschlandNodes].[Kreise71Web].[FedStateKey71].&[06].&[DE71].&[06431]",2015,1,"Norovirus","[KategorieNz].[Krankheit DE].&[Norovirus-Gastroenteritis]"
52.78,"SK Darmstadt","[DeutschlandNodes].[Kreise71Web].[FedStateKey71].&[06].&[DE71].&[06411]",2015,1,"Norovirus","[KategorieNz].[Krankheit DE].&[Norovirus-Gastroenteritis]"
109.3,"LK Darmstadt-Dieburg","[DeutschlandNodes].[Kreise71Web].[FedStateKey71].&[06].&[DE71].&[06432]",2015,1,"Norovirus","[KategorieNz].[Krankheit DE].&[Norovirus-Gastroenteritis]"
81.62,"SK Frankfurt am Main","[DeutschlandNodes].[Kreise71Web].[FedStateKey71].&[06].&[DE71].&[06412]",2015,1,"Norovirus","[KategorieNz].[Krankheit DE].&[Norovirus-Gastroenteritis]"
66.53,"LK Groß-Gerau","[DeutschlandNodes].[Kreise71Web].[FedStateKey71].&[06].&[DE71].&[06433]",2015,1,"Norovirus","[KategorieNz].[Krankheit DE].&[Norovirus-Gastroenteritis]"
78.4,"LK Hochtaunuskreis","[DeutschlandNodes].[Kreise71Web].[FedStateKey71].&[06].&[DE71].&[06434]",2015,1,"Norovirus","[KategorieNz].[Krankheit DE].&[Norovirus-Gastroenteritis]"
345.91,"LK Main-Kinzig-Kreis","[DeutschlandNodes].[Kreise71Web].[FedStateKey71].&[06].&[DE71].&[06435]",2015,1,"Norovirus","[KategorieNz].[Krankheit DE].&[Norovirus-Gastroenteritis]"
81.17,"LK Main-Taunus-Kreis","[DeutschlandNodes].[Kreise71Web].[FedStateKey71].&[06].&[DE71].&[06436]",2015,1,"Norovirus","[KategorieNz].[Krankheit DE].&[Norovirus-Gastroenteritis]"
91.75,"LK Odenwaldkreis","[DeutschlandNodes].[Kreise71Web].[FedStateKey71].&[06].&[DE71].&[06437]",2015,1,"Norovirus","[KategorieNz].[Krankheit DE].&[Norovirus-Gastroenteritis]"
88.9,"SK Offenbach","[DeutschlandNodes].[Kreise71Web].[FedStateKey71].&[06].&[DE71].&[06413]",2015,1,"Norovirus","[KategorieNz].[Krankheit DE].&[Norovirus-Gastroenteritis]"
108.53,"LK Offenbach","[DeutschlandNodes].[Kreise71Web].[FedStateKey71].&[06].&[DE71].&[06438]",2015,1,"Norovirus","[KategorieNz].[Krankheit DE].&[Norovirus-Gastroenteritis]"
159.68,"LK Rheingau-Taunus-Kreis","[DeutschlandNodes].[Kreise71Web].[FedStateKey71].&[06].&[DE71].&[06439]",2015,1,"Norovirus","[KategorieNz].[Krankheit DE].&[Norovirus-Gastroenteritis]"
117.91,"LK Wetteraukreis","[DeutschlandNodes].[Kreise71Web].[FedStateKey71].&[06].&[DE71].&[06440]",2015,1,"Norovirus","[KategorieNz].[Krankheit DE].&[Norovirus-Gastroenteritis]"
238.58,"SK Wiesbaden","[DeutschlandNodes].[Kreise71Web].[FedStateKey71].&[06].&[DE71].&[06414]",2015,1,"Norovirus","[KategorieNz].[Krankheit DE].&[Norovirus-Gastroenteritis]"
155.43,"LK Gießen","[DeutschlandNodes].[Kreise71Web].[FedStateKey71].&[06].&[DE72].&[06531]",2015,1,"Norovirus","[KategorieNz].[Krankheit DE].&[Norovirus-Gastroenteritis]"
117.71,"LK Lahn-Dill-Kreis","[DeutschlandNodes].[Kreise71Web].[FedStateKey71].&[06].&[DE72].&[06532]",2015,1,"Norovirus","[KategorieNz].[Krankheit DE].&[Norovirus-Gastroenteritis]"
226.85,"LK Limburg-Weilburg","[DeutschlandNodes].[Kreise71Web].[FedStateKey71].&[06].&[DE72].&[06533]",2015,1,"Norovirus","[KategorieNz].[Krankheit DE].&[Norovirus-Gastroenteritis]"
103.98,"LK Marburg-Biedenkopf","[DeutschlandNodes].[Kreise71Web].[FedStateKey71].&[06].&[DE72].&[06534]",2015,1,"Norovirus","[KategorieNz].[Krankheit DE].&[Norovirus-Gastroenteritis]"
121.21,"LK Vogelsbergkreis","[DeutschlandNodes].[Kreise71Web].[FedStateKey71].&[06].&[DE72].&[06535]",2015,1,"Norovirus","[KategorieNz].[Krankheit DE].&[Norovirus-Gastroenteritis]"
167.17,"LK Fulda","[DeutschlandNodes].[Kreise71Web].[FedStateKey71].&[06].&[DE73].&[06631]",2015,1,"Norovirus","[KategorieNz].[Krankheit DE].&[Norovirus-Gastroenteritis]"
80.88,"LK Hersfeld-Rotenburg","[DeutschlandNodes].[Kreise71Web].[FedStateKey71].&[06].&[DE73].&[06632]",2015,1,"Norovirus","[KategorieNz].[Krankheit DE].&[Norovirus-Gastroenteritis]"
95.46,"SK Kassel","[DeutschlandNodes].[Kreise71Web].[FedStateKey71].&[06].&[DE73].&[06611]",2015,1,"Norovirus","[KategorieNz].[Krankheit DE].&[Norovirus-Gastroenteritis]"
75.91,"LK Kassel","[DeutschlandNodes].[Kreise71Web].[FedStateKey71].&[06].&[DE73].&[06633]",2015,1,"Norovirus","[KategorieNz].[Krankheit DE].&[Norovirus-Gastroenteritis]"
58.23,"LK Schwalm-Eder-Kreis","[DeutschlandNodes].[Kreise71Web].[FedStateKey71].&[06].&[DE73].&[06634]",2015,1,"Norovirus","[KategorieNz].[Krankheit DE].&[Norovirus-Gastroenteritis]"
119.3,"LK Waldeck-Frankenberg","[DeutschlandNodes].[Kreise71Web].[FedStateKey71].&[06].&[DE73].&[06635]",2015,1,"Norovirus","[KategorieNz].[Krankheit DE].&[Norovirus-Gastroenteritis]"
101.28,"LK Werra-Meißner-Kreis","[DeutschlandNodes].[Kreise71Web].[FedStateKey71].&[06].&[DE73].&[06636]",2015,1,"Norovirus","[KategorieNz].[Krankheit DE].&[Norovirus-Gastroenteritis]"
580.53,"LK Ludwigslust-Parchim","[DeutschlandNodes].[Kreise71Web].[FedStateKey71].&[13].&[DE80].&[13076]",2015,1,"Norovirus","[KategorieNz].[Krankheit DE].&[Norovirus-Gastroenteritis]"
337.12,"LK Mecklenburgische Seenplatte","[DeutschlandNodes].[Kreise71Web].[FedStateKey71].&[13].&[DE80].&[13071]",2015,1,"Norovirus","[KategorieNz].[Krankheit DE].&[Norovirus-Gastroenteritis]"
303.32,"LK Nordwestmecklenburg","[DeutschlandNodes].[Kreise71Web].[FedStateKey71].&[13].&[DE80].&[13074]",2015,1,"Norovirus","[KategorieNz].[Krankheit DE].&[Norovirus-Gastroenteritis]"
426.19,"SK Rostock","[DeutschlandNodes].[Kreise71Web].[FedStateKey71].&[13].&[DE80].&[13003]",2015,1,"Norovirus","[KategorieNz].[Krankheit DE].&[Norovirus-Gastroenteritis]"
376.63,"LK Rostock","[DeutschlandNodes].[Kreise71Web].[FedStateKey71].&[13].&[DE80].&[13072]",2015,1,"Norovirus","[KategorieNz].[Krankheit DE].&[Norovirus-Gastroenteritis]"
637.4,"SK Schwerin","[DeutschlandNodes].[Kreise71Web].[FedStateKey71].&[13].&[DE80].&[13004]",2015,1,"Norovirus","[KategorieNz].[Krankheit DE].&[Norovirus-Gastroenteritis]"
480.79,"LK Vorpommern-Greifswald","[DeutschlandNodes].[Kreise71Web].[FedStateKey71].&[13].&[DE80].&[13075]",2015,1,"Norovirus","[KategorieNz].[Krankheit DE].&[Norovirus-Gastroenteritis]"
497.29,"LK Vorpommern-Rügen","[DeutschlandNodes].[Kreise71Web].[FedStateKey71].&[13].&[DE80].&[13073]",2015,1,"Norovirus","[KategorieNz].[Krankheit DE].&[Norovirus-Gastroenteritis]"
70.02,"SK Braunschweig","[DeutschlandNodes].[Kreise71Web].[FedStateKey71].&[03].&[DE91].&[03101]",2015,1,"Norovirus","[KategorieNz].[Krankheit DE].&[Norovirus-Gastroenteritis]"
74.05,"LK Gifhorn","[DeutschlandNodes].[Kreise71Web].[FedStateKey71].&[03].&[DE91].&[03151]",2015,1,"Norovirus","[KategorieNz].[Krankheit DE].&[Norovirus-Gastroenteritis]"
159.87,"LK Goslar","[DeutschlandNodes].[Kreise71Web].[FedStateKey71].&[03].&[DE91].&[03153]",2015,1,"Norovirus","[KategorieNz].[Krankheit DE].&[Norovirus-Gastroenteritis]"
146.57,"LK Göttingen","[DeutschlandNodes].[Kreise71Web].[FedStateKey71].&[03].&[DE91].&[03159]",2015,1,"Norovirus","[KategorieNz].[Krankheit DE].&[Norovirus-Gastroenteritis]"
77.6,"LK Helmstedt","[DeutschlandNodes].[Kreise71Web].[FedStateKey71].&[03].&[DE91].&[03154]",2015,1,"Norovirus","[KategorieNz].[Krankheit DE].&[Norovirus-Gastroenteritis]"
143.81,"LK Northeim","[DeutschlandNodes].[Kreise71Web].[FedStateKey71].&[03].&[DE91].&[03155]",2015,1,"Norovirus","[KategorieNz].[Krankheit DE].&[Norovirus-Gastroenteritis]"
334.79,"LK Peine","[DeutschlandNodes].[Kreise71Web].[FedStateKey71].&[03].&[DE91].&[03157]",2015,1,"Norovirus","[KategorieNz].[Krankheit DE].&[Norovirus-Gastroenteritis]"
321.53,"SK Salzgitter","[DeutschlandNodes].[Kreise71Web].[FedStateKey71].&[03].&[DE91].&[03102]",2015,1,"Norovirus","[KategorieNz].[Krankheit DE].&[Norovirus-Gastroenteritis]"
69.43,"LK Wolfenbüttel","[DeutschlandNodes].[Kreise71Web].[FedStateKey71].&[03].&[DE91].&[03158]",2015,1,"Norovirus","[KategorieNz].[Krankheit DE].&[Norovirus-Gastroenteritis]"
48.37,"SK Wolfsburg","[DeutschlandNodes].[Kreise71Web].[FedStateKey71].&[03].&[DE91].&[03103]",2015,1,"Norovirus","[KategorieNz].[Krankheit DE].&[Norovirus-Gastroenteritis]"
82.25,"LK Diepholz","[DeutschlandNodes].[Kreise71Web].[FedStateKey71].&[03].&[DE92].&[03251]",2015,1,"Norovirus","[KategorieNz].[Krankheit DE].&[Norovirus-Gastroenteritis]"
209.06,"LK Hameln-Pyrmont","[DeutschlandNodes].[Kreise71Web].[FedStateKey71].&[03].&[DE92].&[03252]",2015,1,"Norovirus","[KategorieNz].[Krankheit DE].&[Norovirus-Gastroenteritis]"
81.35,"Region Hannover","[DeutschlandNodes].[Kreise71Web].[FedStateKey71].&[03].&[DE92].&[03241]",2015,1,"Norovirus","[KategorieNz].[Krankheit DE].&[Norovirus-Gastroenteritis]"
167.11,"LK Hildesheim","[DeutschlandNodes].[Kreise71Web].[FedStateKey71].&[03].&[DE92].&[03254]",2015,1,"Norovirus","[KategorieNz].[Krankheit DE].&[Norovirus-Gastroenteritis]"
297.24,"LK Holzminden","[DeutschlandNodes].[Kreise71Web].[FedStateKey71].&[03].&[DE92].&[03255]",2015,1,"Norovirus","[KategorieNz].[Krankheit DE].&[Norovirus-Gastroenteritis]"
208.9,"LK Nienburg (Weser)","[DeutschlandNodes].[Kreise71Web].[FedStateKey71].&[03].&[DE92].&[03256]",2015,1,"Norovirus","[KategorieNz].[Krankheit DE].&[Norovirus-Gastroenteritis]"
248.39,"LK Schaumburg","[DeutschlandNodes].[Kreise71Web].[FedStateKey71].&[03].&[DE92].&[03257]",2015,1,"Norovirus","[KategorieNz].[Krankheit DE].&[Norovirus-Gastroenteritis]"
126.99,"LK Celle","[DeutschlandNodes].[Kreise71Web].[FedStateKey71].&[03].&[DE93].&[03351]",2015,1,"Norovirus","[KategorieNz].[Krankheit DE].&[Norovirus-Gastroenteritis]"
109.03,"LK Cuxhaven","[DeutschlandNodes].[Kreise71Web].[FedStateKey71].&[03].&[DE93].&[03352]",2015,1,"Norovirus","[KategorieNz].[Krankheit DE].&[Norovirus-Gastroenteritis]"
84.64,"LK Harburg","[DeutschlandNodes].[Kreise71Web].[FedStateKey71].&[03].&[DE93].&[03353]",2015,1,"Norovirus","[KategorieNz].[Krankheit DE].&[Norovirus-Gastroenteritis]"
103.38,"LK Heidekreis","[DeutschlandNodes].[Kreise71Web].[FedStateKey71].&[03].&[DE93].&[03358]",2015,1,"Norovirus","[KategorieNz].[Krankheit DE].&[Norovirus-Gastroenteritis]"
95.75,"LK Lüchow-Dannenberg","[DeutschlandNodes].[Kreise71Web].[FedStateKey71].&[03].&[DE93].&[03354]",2015,1,"Norovirus","[KategorieNz].[Krankheit DE].&[Norovirus-Gastroenteritis]"
74.7,"LK Lüneburg","[DeutschlandNodes].[Kreise71Web].[FedStateKey71].&[03].&[DE93].&[03355]",2015,1,"Norovirus","[KategorieNz].[Krankheit DE].&[Norovirus-Gastroenteritis]"
203.38,"LK Osterholz","[DeutschlandNodes].[Kreise71Web].[FedStateKey71].&[03].&[DE93].&[03356]",2015,1,"Norovirus","[KategorieNz].[Krankheit DE].&[Norovirus-Gastroenteritis]"
87.59,"LK Rotenburg (Wümme)","[DeutschlandNodes].[Kreise71Web].[FedStateKey71].&[03].&[DE93].&[03357]",2015,1,"Norovirus","[KategorieNz].[Krankheit DE].&[Norovirus-Gastroenteritis]"
112.47,"LK Stade","[DeutschlandNodes].[Kreise71Web].[FedStateKey71].&[03].&[DE93].&[03359]",2015,1,"Norovirus","[KategorieNz].[Krankheit DE].&[Norovirus-Gastroenteritis]"
133.15,"LK Uelzen","[DeutschlandNodes].[Kreise71Web].[FedStateKey71].&[03].&[DE93].&[03360]",2015,1,"Norovirus","[KategorieNz].[Krankheit DE].&[Norovirus-Gastroenteritis]"
56.44,"LK Verden","[DeutschlandNodes].[Kreise71Web].[FedStateKey71].&[03].&[DE93].&[03361]",2015,1,"Norovirus","[KategorieNz].[Krankheit DE].&[Norovirus-Gastroenteritis]"
91.41,"LK Ammerland","[DeutschlandNodes].[Kreise71Web].[FedStateKey71].&[03].&[DE94].&[03451]",2015,1,"Norovirus","[KategorieNz].[Krankheit DE].&[Norovirus-Gastroenteritis]"
56.03,"LK Aurich","[DeutschlandNodes].[Kreise71Web].[FedStateKey71].&[03].&[DE94].&[03452]",2015,1,"Norovirus","[KategorieNz].[Krankheit DE].&[Norovirus-Gastroenteritis]"
118.98,"LK Cloppenburg","[DeutschlandNodes].[Kreise71Web].[FedStateKey71].&[03].&[DE94].&[03453]",2015,1,"Norovirus","[KategorieNz].[Krankheit DE].&[Norovirus-Gastroenteritis]"
132.33,"SK Delmenhorst","[DeutschlandNodes].[Kreise71Web].[FedStateKey71].&[03].&[DE94].&[03401]",2015,1,"Norovirus","[KategorieNz].[Krankheit DE].&[Norovirus-Gastroenteritis]"
98.63,"SK Emden","[DeutschlandNodes].[Kreise71Web].[FedStateKey71].&[03].&[DE94].&[03402]",2015,1,"Norovirus","[KategorieNz].[Krankheit DE].&[Norovirus-Gastroenteritis]"
103.29,"LK Emsland","[DeutschlandNodes].[Kreise71Web].[FedStateKey71].&[03].&[DE94].&[03454]",2015,1,"Norovirus","[KategorieNz].[Krankheit DE].&[Norovirus-Gastroenteritis]"
86.82,"LK Friesland","[DeutschlandNodes].[Kreise71Web].[FedStateKey71].&[03].&[DE94].&[03455]",2015,1,"Norovirus","[KategorieNz].[Krankheit DE].&[Norovirus-Gastroenteritis]"
62.66,"LK Grafschaft Bentheim","[DeutschlandNodes].[Kreise71Web].[FedStateKey71].&[03].&[DE94].&[03456]",2015,1,"Norovirus","[KategorieNz].[Krankheit DE].&[Norovirus-Gastroenteritis]"
87.74,"LK Leer","[DeutschlandNodes].[Kreise71Web].[FedStateKey71].&[03].&[DE94].&[03457]",2015,1,"Norovirus","[KategorieNz].[Krankheit DE].&[Norovirus-Gastroenteritis]"
86.68,"SK Oldenburg","[DeutschlandNodes].[Kreise71Web].[FedStateKey71].&[03].&[DE94].&[03403]",2015,1,"Norovirus","[KategorieNz].[Krankheit DE].&[Norovirus-Gastroenteritis]"
80.87,"LK Oldenburg","[DeutschlandNodes].[Kreise71Web].[FedStateKey71].&[03].&[DE94].&[03458]",2015,1,"Norovirus","[KategorieNz].[Krankheit DE].&[Norovirus-Gastroenteritis]"
56.03,"SK Osnabrück","[DeutschlandNodes].[Kreise71Web].[FedStateKey71].&[03].&[DE94].&[03404]",2015,1,"Norovirus","[KategorieNz].[Krankheit DE].&[Norovirus-Gastroenteritis]"
82.66,"LK Osnabrück","[DeutschlandNodes].[Kreise71Web].[FedStateKey71].&[03].&[DE94].&[03459]",2015,1,"Norovirus","[KategorieNz].[Krankheit DE].&[Norovirus-Gastroenteritis]"
106.63,"LK Vechta","[DeutschlandNodes].[Kreise71Web].[FedStateKey71].&[03].&[DE94].&[03460]",2015,1,"Norovirus","[KategorieNz].[Krankheit DE].&[Norovirus-Gastroenteritis]"
126.63,"LK Wesermarsch","[DeutschlandNodes].[Kreise71Web].[FedStateKey71].&[03].&[DE94].&[03461]",2015,1,"Norovirus","[KategorieNz].[Krankheit DE].&[Norovirus-Gastroenteritis]"
105.27,"SK Wilhelmshaven","[DeutschlandNodes].[Kreise71Web].[FedStateKey71].&[03].&[DE94].&[03405]",2015,1,"Norovirus","[KategorieNz].[Krankheit DE].&[Norovirus-Gastroenteritis]"
96.2,"LK Wittmund","[DeutschlandNodes].[Kreise71Web].[FedStateKey71].&[03].&[DE94].&[03462]",2015,1,"Norovirus","[KategorieNz].[Krankheit DE].&[Norovirus-Gastroenteritis]"
127.49,"SK Bochum","[DeutschlandNodes].[Kreise71Web].[FedStateKey71].&[05].&[DEA5].&[05911]",2015,1,"Norovirus","[KategorieNz].[Krankheit DE].&[Norovirus-Gastroenteritis]"
76.6,"SK Dortmund","[DeutschlandNodes].[Kreise71Web].[FedStateKey71].&[05].&[DEA5].&[05913]",2015,1,"Norovirus","[KategorieNz].[Krankheit DE].&[Norovirus-Gastroenteritis]"
104.62,"LK Ennepe-Ruhr-Kreis","[DeutschlandNodes].[Kreise71Web].[FedStateKey71].&[05].&[DEA5].&[05954]",2015,1,"Norovirus","[KategorieNz].[Krankheit DE].&[Norovirus-Gastroenteritis]"
83.05,"SK Hagen","[DeutschlandNodes].[Kreise71Web].[FedStateKey71].&[05].&[DEA5].&[05914]",2015,1,"Norovirus","[KategorieNz].[Krankheit DE].&[Norovirus-Gastroenteritis]"
167.23,"SK Hamm","[DeutschlandNodes].[Kreise71Web].[FedStateKey71].&[05].&[DEA5].&[05915]",2015,1,"Norovirus","[KategorieNz].[Krankheit DE].&[Norovirus-Gastroenteritis]"
98.17,"SK Herne","[DeutschlandNodes].[Kreise71Web].[FedStateKey71].&[05].&[DEA5].&[05916]",2015,1,"Norovirus","[KategorieNz].[Krankheit DE].&[Norovirus-Gastroenteritis]"
191.84,"LK Hochsauerlandkreis","[DeutschlandNodes].[Kreise71Web].[FedStateKey71].&[05].&[DEA5].&[05958]",2015,1,"Norovirus","[KategorieNz].[Krankheit DE].&[Norovirus-Gastroenteritis]"
133.12,"LK Märkischer Kreis","[DeutschlandNodes].[Kreise71Web].[FedStateKey71].&[05].&[DEA5].&[05962]",2015,1,"Norovirus","[KategorieNz].[Krankheit DE].&[Norovirus-Gastroenteritis]"
148.13,"LK Olpe","[DeutschlandNodes].[Kreise71Web].[FedStateKey71].&[05].&[DEA5].&[05966]",2015,1,"Norovirus","[KategorieNz].[Krankheit DE].&[Norovirus-Gastroenteritis]"
72.65,"LK Siegen-Wittgenstein","[DeutschlandNodes].[Kreise71Web].[FedStateKey71].&[05].&[DEA5].&[05970]",2015,1,"Norovirus","[KategorieNz].[Krankheit DE].&[Norovirus-Gastroenteritis]"
209.24,"LK Soest","[DeutschlandNodes].[Kreise71Web].[FedStateKey71].&[05].&[DEA5].&[05974]",2015,1,"Norovirus","[KategorieNz].[Krankheit DE].&[Norovirus-Gastroenteritis]"
108.32,"LK Unna","[DeutschlandNodes].[Kreise71Web].[FedStateKey71].&[05].&[DEA5].&[05978]",2015,1,"Norovirus","[KategorieNz].[Krankheit DE].&[Norovirus-Gastroenteritis]"
143.2,"SK Bielefeld","[DeutschlandNodes].[Kreise71Web].[FedStateKey71].&[05].&[DEA4].&[05711]",2015,1,"Norovirus","[KategorieNz].[Krankheit DE].&[Norovirus-Gastroenteritis]"
107.59,"LK Gütersloh","[DeutschlandNodes].[Kreise71Web].[FedStateKey71].&[05].&[DEA4].&[05754]",2015,1,"Norovirus","[KategorieNz].[Krankheit DE].&[Norovirus-Gastroenteritis]"
149.13,"LK Herford","[DeutschlandNodes].[Kreise71Web].[FedStateKey71].&[05].&[DEA4].&[05758]",2015,1,"Norovirus","[KategorieNz].[Krankheit DE].&[Norovirus-Gastroenteritis]"
122.21,"LK Höxter","[DeutschlandNodes].[Kreise71Web].[FedStateKey71].&[05].&[DEA4].&[05762]",2015,1,"Norovirus","[KategorieNz].[Krankheit DE].&[Norovirus-Gastroenteritis]"
111.48,"LK Lippe","[DeutschlandNodes].[Kreise71Web].[FedStateKey71].&[05].&[DEA4].&[05766]",2015,1,"Norovirus","[KategorieNz].[Krankheit DE].&[Norovirus-Gastroenteritis]"
106.69,"LK Minden-Lübbecke","[DeutschlandNodes].[Kreise71Web].[FedStateKey71].&[05].&[DEA4].&[05770]",2015,1,"Norovirus","[KategorieNz].[Krankheit DE].&[Norovirus-Gastroenteritis]"
160.35,"LK Paderborn","[DeutschlandNodes].[Kreise71Web].[FedStateKey71].&[05].&[DEA4].&[05774]",2015,1,"Norovirus","[KategorieNz].[Krankheit DE].&[Norovirus-Gastroenteritis]"
125.2,"SK Duisburg","[DeutschlandNodes].[Kreise71Web].[FedStateKey71].&[05].&[DEA1].&[05112]",2015,1,"Norovirus","[KategorieNz].[Krankheit DE].&[Norovirus-Gastroenteritis]"
96.21,"SK Düsseldorf","[DeutschlandNodes].[Kreise71Web].[FedStateKey71].&[05].&[DEA1].&[05111]",2015,1,"Norovirus","[KategorieNz].[Krankheit DE].&[Norovirus-Gastroenteritis]"
88.91,"SK Essen","[DeutschlandNodes].[Kreise71Web].[FedStateKey71].&[05].&[DEA1].&[05113]",2015,1,"Norovirus","[KategorieNz].[Krankheit DE].&[Norovirus-Gastroenteritis]"
79.59,"LK Kleve","[DeutschlandNodes].[Kreise71Web].[FedStateKey71].&[05].&[DEA1].&[05154]",2015,1,"Norovirus","[KategorieNz].[Krankheit DE].&[Norovirus-Gastroenteritis]"
126.14,"SK Krefeld","[DeutschlandNodes].[Kreise71Web].[FedStateKey71].&[05].&[DEA1].&[05114]",2015,1,"Norovirus","[KategorieNz].[Krankheit DE].&[Norovirus-Gastroenteritis]"
100.15,"LK Mettmann","[DeutschlandNodes].[Kreise71Web].[FedStateKey71].&[05].&[DEA1].&[05158]",2015,1,"Norovirus","[KategorieNz].[Krankheit DE].&[Norovirus-Gastroenteritis]"
127.69,"SK Mönchengladbach","[DeutschlandNodes].[Kreise71Web].[FedStateKey71].&[05].&[DEA1].&[05116]",2015,1,"Norovirus","[KategorieNz].[Krankheit DE].&[Norovirus-Gastroenteritis]"
126.42,"SK Mülheim a.d.Ruhr","[DeutschlandNodes].[Kreise71Web].[FedStateKey71].&[05].&[DEA1].&[05117]",2015,1,"Norovirus","[KategorieNz].[Krankheit DE].&[Norovirus-Gastroenteritis]"
193.43,"SK Oberhausen","[DeutschlandNodes].[Kreise71Web].[FedStateKey71].&[05].&[DEA1].&[05119]",2015,1,"Norovirus","[KategorieNz].[Krankheit DE].&[Norovirus-Gastroenteritis]"
105.94,"SK Remscheid","[DeutschlandNodes].[Kreise71Web].[FedStateKey71].&[05].&[DEA1].&[05120]",2015,1,"Norovirus","[KategorieNz].[Krankheit DE].&[Norovirus-Gastroenteritis]"
138.88,"LK Rhein-Kreis Neuss","[DeutschlandNodes].[Kreise71Web].[FedStateKey71].&[05].&[DEA1].&[05162]",2015,1,"Norovirus","[KategorieNz].[Krankheit DE].&[Norovirus-Gastroenteritis]"
62.37,"SK Solingen","[DeutschlandNodes].[Kreise71Web].[FedStateKey71].&[05].&[DEA1].&[05122]",2015,1,"Norovirus","[KategorieNz].[Krankheit DE].&[Norovirus-Gastroenteritis]"
117.92,"LK Viersen","[DeutschlandNodes].[Kreise71Web].[FedStateKey71].&[05].&[DEA1].&[05166]",2015,1,"Norovirus","[KategorieNz].[Krankheit DE].&[Norovirus-Gastroenteritis]"
128.17,"LK Wesel","[DeutschlandNodes].[Kreise71Web].[FedStateKey71].&[05].&[DEA1].&[05170]",2015,1,"Norovirus","[KategorieNz].[Krankheit DE].&[Norovirus-Gastroenteritis]"
75.13,"SK Wuppertal","[DeutschlandNodes].[Kreise71Web].[FedStateKey71].&[05].&[DEA1].&[05124]",2015,1,"Norovirus","[KategorieNz].[Krankheit DE].&[Norovirus-Gastroenteritis]"
121.86,"StädteRegion Aachen","[DeutschlandNodes].[Kreise71Web].[FedStateKey71].&[05].&[DEA2].&[05334]",2015,1,"Norovirus","[KategorieNz].[Krankheit DE].&[Norovirus-Gastroenteritis]"
139.58,"SK Bonn","[DeutschlandNodes].[Kreise71Web].[FedStateKey71].&[05].&[DEA2].&[05314]",2015,1,"Norovirus","[KategorieNz].[Krankheit DE].&[Norovirus-Gastroenteritis]"
130.5,"LK Düren","[DeutschlandNodes].[Kreise71Web].[FedStateKey71].&[05].&[DEA2].&[05358]",2015,1,"Norovirus","[KategorieNz].[Krankheit DE].&[Norovirus-Gastroenteritis]"
152.75,"LK Euskirchen","[DeutschlandNodes].[Kreise71Web].[FedStateKey71].&[05].&[DEA2].&[05366]",2015,1,"Norovirus","[KategorieNz].[Krankheit DE].&[Norovirus-Gastroenteritis]"
116.03,"LK Heinsberg","[DeutschlandNodes].[Kreise71Web].[FedStateKey71].&[05].&[DEA2].&[05370]",2015,1,"Norovirus","[KategorieNz].[Krankheit DE].&[Norovirus-Gastroenteritis]"
71.19,"SK Köln","[DeutschlandNodes].[Kreise71Web].[FedStateKey71].&[05].&[DEA2].&[05315]",2015,1,"Norovirus","[KategorieNz].[Krankheit DE].&[Norovirus-Gastroenteritis]"
81.35,"SK Leverkusen","[DeutschlandNodes].[Kreise71Web].[FedStateKey71].&[05].&[DEA2].&[05316]",2015,1,"Norovirus","[KategorieNz].[Krankheit DE].&[Norovirus-Gastroenteritis]"
214.3,"LK Oberbergischer Kreis","[DeutschlandNodes].[Kreise71Web].[FedStateKey71].&[05].&[DEA2].&[05374]",2015,1,"Norovirus","[KategorieNz].[Krankheit DE].&[Norovirus-Gastroenteritis]"
84.64,"LK Rhein-Erft-Kreis","[DeutschlandNodes].[Kreise71Web].[FedStateKey71].&[05].&[DEA2].&[05362]",2015,1,"Norovirus","[KategorieNz].[Krankheit DE].&[Norovirus-Gastroenteritis]"
60.48,"LK Rheinisch-Bergischer Kreis","[DeutschlandNodes].[Kreise71Web].[FedStateKey71].&[05].&[DEA2].&[05378]",2015,1,"Norovirus","[KategorieNz].[Krankheit DE].&[Norovirus-Gastroenteritis]"
100.13,"LK Rhein-Sieg-Kreis","[DeutschlandNodes].[Kreise71Web].[FedStateKey71].&[05].&[DEA2].&[05382]",2015,1,"Norovirus","[KategorieNz].[Krankheit DE].&[Norovirus-Gastroenteritis]"
171.78,"LK Borken","[DeutschlandNodes].[Kreise71Web].[FedStateKey71].&[05].&[DEA3].&[05554]",2015,1,"Norovirus","[KategorieNz].[Krankheit DE].&[Norovirus-Gastroenteritis]"
236.46,"SK Bottrop","[DeutschlandNodes].[Kreise71Web].[FedStateKey71].&[05].&[DEA3].&[05512]",2015,1,"Norovirus","[KategorieNz].[Krankheit DE].&[Norovirus-Gastroenteritis]"
288.92,"LK Coesfeld","[DeutschlandNodes].[Kreise71Web].[FedStateKey71].&[05].&[DEA3].&[05558]",2015,1,"Norovirus","[KategorieNz].[Krankheit DE].&[Norovirus-Gastroenteritis]"
132.5,"SK Gelsenkirchen","[DeutschlandNodes].[Kreise71Web].[FedStateKey71].&[05].&[DEA3].&[05513]",2015,1,"Norovirus","[KategorieNz].[Krankheit DE].&[Norovirus-Gastroenteritis]"
187.72,"SK Münster","[DeutschlandNodes].[Kreise71Web].[FedStateKey71].&[05].&[DEA3].&[05515]",2015,1,"Norovirus","[KategorieNz].[Krankheit DE].&[Norovirus-Gastroenteritis]"
116.7,"LK Recklinghausen","[DeutschlandNodes].[Kreise71Web].[FedStateKey71].&[05].&[DEA3].&[05562]",2015,1,"Norovirus","[KategorieNz].[Krankheit DE].&[Norovirus-Gastroenteritis]"
132.62,"LK Steinfurt","[DeutschlandNodes].[Kreise71Web].[FedStateKey71].&[05].&[DEA3].&[05566]",2015,1,"Norovirus","[KategorieNz].[Krankheit DE].&[Norovirus-Gastroenteritis]"
184.19,"LK Warendorf","[DeutschlandNodes].[Kreise71Web].[FedStateKey71].&[05].&[DEA3].&[05570]",2015,1,"Norovirus","[KategorieNz].[Krankheit DE].&[Norovirus-Gastroenteritis]"
195.66,"LK Ahrweiler","[DeutschlandNodes].[Kreise71Web].[FedStateKey71].&[07].&[DEB1].&[07131]",2015,1,"Norovirus","[KategorieNz].[Krankheit DE].&[Norovirus-Gastroenteritis]"
103.74,"LK Altenkirchen","[DeutschlandNodes].[Kreise71Web].[FedStateKey71].&[07].&[DEB1].&[07132]",2015,1,"Norovirus","[KategorieNz].[Krankheit DE].&[Norovirus-Gastroenteritis]"
114.78,"LK Bad Kreuznach","[DeutschlandNodes].[Kreise71Web].[FedStateKey71].&[07].&[DEB1].&[07133]",2015,1,"Norovirus","[KategorieNz].[Krankheit DE].&[Norovirus-Gastroenteritis]"
316.32,"LK Birkenfeld","[DeutschlandNodes].[Kreise71Web].[FedStateKey71].&[07].&[DEB1].&[07134]",2015,1,"Norovirus","[KategorieNz].[Krankheit DE].&[Norovirus-Gastroenteritis]"
370.25,"LK Cochem-Zell","[DeutschlandNodes].[Kreise71Web].[FedStateKey71].&[07].&[DEB1].&[07135]",2015,1,"Norovirus","[KategorieNz].[Krankheit DE].&[Norovirus-Gastroenteritis]"
110.14,"SK Koblenz","[DeutschlandNodes].[Kreise71Web].[FedStateKey71].&[07].&[DEB1].&[07111]",2015,1,"Norovirus","[KategorieNz].[Krankheit DE].&[Norovirus-Gastroenteritis]"
175.06,"LK Mayen-Koblenz","[DeutschlandNodes].[Kreise71Web].[FedStateKey71].&[07].&[DEB1].&[07137]",2015,1,"Norovirus","[KategorieNz].[Krankheit DE].&[Norovirus-Gastroenteritis]"
154.99,"LK Neuwied","[DeutschlandNodes].[Kreise71Web].[FedStateKey71].&[07].&[DEB1].&[07138]",2015,1,"Norovirus","[KategorieNz].[Krankheit DE].&[Norovirus-Gastroenteritis]"
239.93,"LK Rhein-Hunsrück-Kreis","[DeutschlandNodes].[Kreise71Web].[FedStateKey71].&[07].&[DEB1].&[07140]",2015,1,"Norovirus","[KategorieNz].[Krankheit DE].&[Norovirus-Gastroenteritis]"
134.37,"LK Rhein-Lahn-Kreis","[DeutschlandNodes].[Kreise71Web].[FedStateKey71].&[07].&[DEB1].&[07141]",2015,1,"Norovirus","[KategorieNz].[Krankheit DE].&[Norovirus-Gastroenteritis]"
128.81,"LK Westerwaldkreis","[DeutschlandNodes].[Kreise71Web].[FedStateKey71].&[07].&[DEB1].&[07143]",2015,1,"Norovirus","[KategorieNz].[Krankheit DE].&[Norovirus-Gastroenteritis]"
117.86,"LK Alzey-Worms","[DeutschlandNodes].[Kreise71Web].[FedStateKey71].&[07].&[DEB3].&[07331]",2015,1,"Norovirus","[KategorieNz].[Krankheit DE].&[Norovirus-Gastroenteritis]"
158.85,"LK Bad Dürkheim","[DeutschlandNodes].[Kreise71Web].[FedStateKey71].&[07].&[DEB3].&[07332]",2015,1,"Norovirus","[KategorieNz].[Krankheit DE].&[Norovirus-Gastroenteritis]"
216.67,"LK Donnersbergkreis","[DeutschlandNodes].[Kreise71Web].[FedStateKey71].&[07].&[DEB3].&[07333]",2015,1,"Norovirus","[KategorieNz].[Krankheit DE].&[Norovirus-Gastroenteritis]"
169.55,"SK Frankenthal","[DeutschlandNodes].[Kreise71Web].[FedStateKey71].&[07].&[DEB3].&[07311]",2015,1,"Norovirus","[KategorieNz].[Krankheit DE].&[Norovirus-Gastroenteritis]"
183.03,"LK Germersheim","[DeutschlandNodes].[Kreise71Web].[FedStateKey71].&[07].&[DEB3].&[07334]",2015,1,"Norovirus","[KategorieNz].[Krankheit DE].&[Norovirus-Gastroenteritis]"
280.15,"SK Kaiserslautern","[DeutschlandNodes].[Kreise71Web].[FedStateKey71].&[07].&[DEB3].&[07312]",2015,1,"Norovirus","[KategorieNz].[Krankheit DE].&[Norovirus-Gastroenteritis]"
334.39,"LK Kaiserslautern","[DeutschlandNodes].[Kreise71Web].[FedStateKey71].&[07].&[DEB3].&[07335]",2015,1,"Norovirus","[KategorieNz].[Krankheit DE].&[Norovirus-Gastroenteritis]"
212.69,"LK Kusel","[DeutschlandNodes].[Kreise71Web].[FedStateKey71].&[07].&[DEB3].&[07336]",2015,1,"Norovirus","[KategorieNz].[Krankheit DE].&[Norovirus-Gastroenteritis]"
205.02,"SK Landau i.d.Pfalz","[DeutschlandNodes].[Kreise71Web].[FedStateKey71].&[07].&[DEB3].&[07313]",2015,1,"Norovirus","[KategorieNz].[Krankheit DE].&[Norovirus-Gastroenteritis]"
148.74,"SK Ludwigshafen","[DeutschlandNodes].[Kreise71Web].[FedStateKey71].&[07].&[DEB3].&[07314]",2015,1,"Norovirus","[KategorieNz].[Krankheit DE].&[Norovirus-Gastroenteritis]"
44.81,"SK Mainz","[DeutschlandNodes].[Kreise71Web].[FedStateKey71].&[07].&[DEB3].&[07315]",2015,1,"Norovirus","[KategorieNz].[Krankheit DE].&[Norovirus-Gastroenteritis]"
72.81,"LK Mainz-Bingen","[DeutschlandNodes].[Kreise71Web].[FedStateKey71].&[07].&[DEB3].&[07339]",2015,1,"Norovirus","[KategorieNz].[Krankheit DE].&[Norovirus-Gastroenteritis]"
211.32,"SK Neustadt a.d.Weinstraße","[DeutschlandNodes].[Kreise71Web].[FedStateKey71].&[07].&[DEB3].&[07316]",2015,1,"Norovirus","[KategorieNz].[Krankheit DE].&[Norovirus-Gastroenteritis]"
214.33,"SK Pirmasens","[DeutschlandNodes].[Kreise71Web].[FedStateKey71].&[07].&[DEB3].&[07317]",2015,1,"Norovirus","[KategorieNz].[Krankheit DE].&[Norovirus-Gastroenteritis]"
193.34,"LK Rhein-Pfalz-Kreis","[DeutschlandNodes].[Kreise71Web].[FedStateKey71].&[07].&[DEB3].&[07338]",2015,1,"Norovirus","[KategorieNz].[Krankheit DE].&[Norovirus-Gastroenteritis]"
149.15,"SK Speyer","[DeutschlandNodes].[Kreise71Web].[FedStateKey71].&[07].&[DEB3].&[07318]",2015,1,"Norovirus","[KategorieNz].[Krankheit DE].&[Norovirus-Gastroenteritis]"
228.91,"LK Südliche Weinstraße","[DeutschlandNodes].[Kreise71Web].[FedStateKey71].&[07].&[DEB3].&[07337]",2015,1,"Norovirus","[KategorieNz].[Krankheit DE].&[Norovirus-Gastroenteritis]"
301.64,"LK Südwestpfalz","[DeutschlandNodes].[Kreise71Web].[FedStateKey71].&[07].&[DEB3].&[07340]",2015,1,"Norovirus","[KategorieNz].[Krankheit DE].&[Norovirus-Gastroenteritis]"
211.93,"SK Worms","[DeutschlandNodes].[Kreise71Web].[FedStateKey71].&[07].&[DEB3].&[07319]",2015,1,"Norovirus","[KategorieNz].[Krankheit DE].&[Norovirus-Gastroenteritis]"
323.99,"SK Zweibrücken","[DeutschlandNodes].[Kreise71Web].[FedStateKey71].&[07].&[DEB3].&[07320]",2015,1,"Norovirus","[KategorieNz].[Krankheit DE].&[Norovirus-Gastroenteritis]"
96.58,"LK Bernkastel-Wittlich","[DeutschlandNodes].[Kreise71Web].[FedStateKey71].&[07].&[DEB2].&[07231]",2015,1,"Norovirus","[KategorieNz].[Krankheit DE].&[Norovirus-Gastroenteritis]"
217.12,"LK Bitburg-Prüm","[DeutschlandNodes].[Kreise71Web].[FedStateKey71].&[07].&[DEB2].&[07232]",2015,1,"Norovirus","[KategorieNz].[Krankheit DE].&[Norovirus-Gastroenteritis]"
109.65,"SK Trier","[DeutschlandNodes].[Kreise71Web].[FedStateKey71].&[07].&[DEB2].&[07211]",2015,1,"Norovirus","[KategorieNz].[Krankheit DE].&[Norovirus-Gastroenteritis]"
47.3,"LK Trier-Saarburg","[DeutschlandNodes].[Kreise71Web].[FedStateKey71].&[07].&[DEB2].&[07235]",2015,1,"Norovirus","[KategorieNz].[Krankheit DE].&[Norovirus-Gastroenteritis]"
233.58,"LK Vulkaneifel","[DeutschlandNodes].[Kreise71Web].[FedStateKey71].&[07].&[DEB2].&[07233]",2015,1,"Norovirus","[KategorieNz].[Krankheit DE].&[Norovirus-Gastroenteritis]"
298.09,"LK Merzig-Wadern","[DeutschlandNodes].[Kreise71Web].[FedStateKey71].&[10].&[DEC0].&[10042]",2015,1,"Norovirus","[KategorieNz].[Krankheit DE].&[Norovirus-Gastroenteritis]"
187.68,"LK Neunkirchen","[DeutschlandNodes].[Kreise71Web].[FedStateKey71].&[10].&[DEC0].&[10043]",2015,1,"Norovirus","[KategorieNz].[Krankheit DE].&[Norovirus-Gastroenteritis]"
146.19,"LK Saarlouis","[DeutschlandNodes].[Kreise71Web].[FedStateKey71].&[10].&[DEC0].&[10044]",2015,1,"Norovirus","[KategorieNz].[Krankheit DE].&[Norovirus-Gastroenteritis]"
251.76,"LK Saarpfalz-Kreis","[DeutschlandNodes].[Kreise71Web].[FedStateKey71].&[10].&[DEC0].&[10045]",2015,1,"Norovirus","[KategorieNz].[Krankheit DE].&[Norovirus-Gastroenteritis]"
215.99,"LK Sankt Wendel","[DeutschlandNodes].[Kreise71Web].[FedStateKey71].&[10].&[DEC0].&[10046]",2015,1,"Norovirus","[KategorieNz].[Krankheit DE].&[Norovirus-Gastroenteritis]"
223.59,"LK Stadtverband Saarbrücken","[DeutschlandNodes].[Kreise71Web].[FedStateKey71].&[10].&[DEC0].&[10041]",2015,1,"Norovirus","[KategorieNz].[Krankheit DE].&[Norovirus-Gastroenteritis]"
202.3,"SK Chemnitz","[DeutschlandNodes].[Kreise71Web].[FedStateKey71].&[14].&[DED4].&[14511]",2015,1,"Norovirus","[KategorieNz].[Krankheit DE].&[Norovirus-Gastroenteritis]"
256.28,"LK Erzgebirgskreis","[DeutschlandNodes].[Kreise71Web].[FedStateKey71].&[14].&[DED4].&[14521]",2015,1,"Norovirus","[KategorieNz].[Krankheit DE].&[Norovirus-Gastroenteritis]"
215.71,"LK Mittelsachsen","[DeutschlandNodes].[Kreise71Web].[FedStateKey71].&[14].&[DED4].&[14522]",2015,1,"Norovirus","[KategorieNz].[Krankheit DE].&[Norovirus-Gastroenteritis]"
264.72,"LK Vogtlandkreis","[DeutschlandNodes].[Kreise71Web].[FedStateKey71].&[14].&[DED4].&[14523]",2015,1,"Norovirus","[KategorieNz].[Krankheit DE].&[Norovirus-Gastroenteritis]"
244.66,"LK Zwickau","[DeutschlandNodes].[Kreise71Web].[FedStateKey71].&[14].&[DED4].&[14524]",2015,1,"Norovirus","[KategorieNz].[Krankheit DE].&[Norovirus-Gastroenteritis]"
280.8,"LK Bautzen","[DeutschlandNodes].[Kreise71Web].[FedStateKey71].&[14].&[DED2].&[14625]",2015,1,"Norovirus","[KategorieNz].[Krankheit DE].&[Norovirus-Gastroenteritis]"
172.3,"SK Dresden","[DeutschlandNodes].[Kreise71Web].[FedStateKey71].&[14].&[DED2].&[14612]",2015,1,"Norovirus","[KategorieNz].[Krankheit DE].&[Norovirus-Gastroenteritis]"
476.92,"LK Görlitz","[DeutschlandNodes].[Kreise71Web].[FedStateKey71].&[14].&[DED2].&[14626]",2015,1,"Norovirus","[KategorieNz].[Krankheit DE].&[Norovirus-Gastroenteritis]"
233.24,"LK Meißen","[DeutschlandNodes].[Kreise71Web].[FedStateKey71].&[14].&[DED2].&[14627]",2015,1,"Norovirus","[KategorieNz].[Krankheit DE].&[Norovirus-Gastroenteritis]"
256.66,"LK Sächsische Schweiz-Osterzgebirge","[DeutschlandNodes].[Kreise71Web].[FedStateKey71].&[14].&[DED2].&[14628]",2015,1,"Norovirus","[KategorieNz].[Krankheit DE].&[Norovirus-Gastroenteritis]"
198.23,"SK Leipzig","[DeutschlandNodes].[Kreise71Web].[FedStateKey71].&[14].&[DED5].&[14713]",2015,1,"Norovirus","[KategorieNz].[Krankheit DE].&[Norovirus-Gastroenteritis]"
316.55,"LK Leipzig","[DeutschlandNodes].[Kreise71Web].[FedStateKey71].&[14].&[DED5].&[14729]",2015,1,"Norovirus","[KategorieNz].[Krankheit DE].&[Norovirus-Gastroenteritis]"
283.39,"LK Nordsachsen","[DeutschlandNodes].[Kreise71Web].[FedStateKey71].&[14].&[DED5].&[14730]",2015,1,"Norovirus","[KategorieNz].[Krankheit DE].&[Norovirus-Gastroenteritis]"
196.14,"LK Altmarkkreis Salzwedel","[DeutschlandNodes].[Kreise71Web].[FedStateKey71].&[15].&[DEE0].&[15081]",2015,1,"Norovirus","[KategorieNz].[Krankheit DE].&[Norovirus-Gastroenteritis]"
482.35,"LK Anhalt-Bitterfeld","[DeutschlandNodes].[Kreise71Web].[FedStateKey71].&[15].&[DEE0].&[15082]",2015,1,"Norovirus","[KategorieNz].[Krankheit DE].&[Norovirus-Gastroenteritis]"
320.51,"LK Börde","[DeutschlandNodes].[Kreise71Web].[FedStateKey71].&[15].&[DEE0].&[15083]",2015,1,"Norovirus","[KategorieNz].[Krankheit DE].&[Norovirus-Gastroenteritis]"
349.85,"LK Burgenlandkreis","[DeutschlandNodes].[Kreise71Web].[FedStateKey71].&[15].&[DEE0].&[15084]",2015,1,"Norovirus","[KategorieNz].[Krankheit DE].&[Norovirus-Gastroenteritis]"
291.85,"SK Dessau-Roßlau","[DeutschlandNodes].[Kreise71Web].[FedStateKey71].&[15].&[DEE0].&[15001]",2015,1,"Norovirus","[KategorieNz].[Krankheit DE].&[Norovirus-Gastroenteritis]"
447.7,"SK Halle","[DeutschlandNodes].[Kreise71Web].[FedStateKey71].&[15].&[DEE0].&[15002]",2015,1,"Norovirus","[KategorieNz].[Krankheit DE].&[Norovirus-Gastroenteritis]"
411.99,"LK Harz","[DeutschlandNodes].[Kreise71Web].[FedStateKey71].&[15].&[DEE0].&[15085]",2015,1,"Norovirus","[KategorieNz].[Krankheit DE].&[Norovirus-Gastroenteritis]"
540.94,"LK Jerichower Land","[DeutschlandNodes].[Kreise71Web].[FedStateKey71].&[15].&[DEE0].&[15086]",2015,1,"Norovirus","[KategorieNz].[Krankheit DE].&[Norovirus-Gastroenteritis]"
333.44,"SK Magdeburg","[DeutschlandNodes].[Kreise71Web].[FedStateKey71].&[15].&[DEE0].&[15003]",2015,1,"Norovirus","[KategorieNz].[Krankheit DE].&[Norovirus-Gastroenteritis]"
608.88,"LK Mansfeld-Südharz","[DeutschlandNodes].[Kreise71Web].[FedStateKey71].&[15].&[DEE0].&[15087]",2015,1,"Norovirus","[KategorieNz].[Krankheit DE].&[Norovirus-Gastroenteritis]"
355.09,"LK Saalekreis","[DeutschlandNodes].[Kreise71Web].[FedStateKey71].&[15].&[DEE0].&[15088]",2015,1,"Norovirus","[KategorieNz].[Krankheit DE].&[Norovirus-Gastroenteritis]"
279.11,"LK Salzlandkreis","[DeutschlandNodes].[Kreise71Web].[FedStateKey71].&[15].&[DEE0].&[15089]",2015,1,"Norovirus","[KategorieNz].[Krankheit DE].&[Norovirus-Gastroenteritis]"
362.65,"LK Stendal","[DeutschlandNodes].[Kreise71Web].[FedStateKey71].&[15].&[DEE0].&[15090]",2015,1,"Norovirus","[KategorieNz].[Krankheit DE].&[Norovirus-Gastroenteritis]"
626.72,"LK Wittenberg","[DeutschlandNodes].[Kreise71Web].[FedStateKey71].&[15].&[DEE0].&[15091]",2015,1,"Norovirus","[KategorieNz].[Krankheit DE].&[Norovirus-Gastroenteritis]"
51.16,"LK Dithmarschen","[DeutschlandNodes].[Kreise71Web].[FedStateKey71].&[01].&[DEF0].&[01051]",2015,1,"Norovirus","[KategorieNz].[Krankheit DE].&[Norovirus-Gastroenteritis]"
44.22,"SK Flensburg","[DeutschlandNodes].[Kreise71Web].[FedStateKey71].&[01].&[DEF0].&[01001]",2015,1,"Norovirus","[KategorieNz].[Krankheit DE].&[Norovirus-Gastroenteritis]"
420.73,"LK Herzogtum Lauenburg","[DeutschlandNodes].[Kreise71Web].[FedStateKey71].&[01].&[DEF0].&[01053]",2015,1,"Norovirus","[KategorieNz].[Krankheit DE].&[Norovirus-Gastroenteritis]"
90.13,"SK Kiel","[DeutschlandNodes].[Kreise71Web].[FedStateKey71].&[01].&[DEF0].&[01002]",2015,1,"Norovirus","[KategorieNz].[Krankheit DE].&[Norovirus-Gastroenteritis]"
215.49,"SK Lübeck","[DeutschlandNodes].[Kreise71Web].[FedStateKey71].&[01].&[DEF0].&[01003]",2015,1,"Norovirus","[KategorieNz].[Krankheit DE].&[Norovirus-Gastroenteritis]"
127.53,"SK Neumünster","[DeutschlandNodes].[Kreise71Web].[FedStateKey71].&[01].&[DEF0].&[01004]",2015,1,"Norovirus","[KategorieNz].[Krankheit DE].&[Norovirus-Gastroenteritis]"
405.59,"LK Nordfriesland","[DeutschlandNodes].[Kreise71Web].[FedStateKey71].&[01].&[DEF0].&[01054]",2015,1,"Norovirus","[KategorieNz].[Krankheit DE].&[Norovirus-Gastroenteritis]"
97.21,"LK Ostholstein","[DeutschlandNodes].[Kreise71Web].[FedStateKey71].&[01].&[DEF0].&[01055]",2015,1,"Norovirus","[KategorieNz].[Krankheit DE].&[Norovirus-Gastroenteritis]"
78.06,"LK Pinneberg","[DeutschlandNodes].[Kreise71Web].[FedStateKey71].&[01].&[DEF0].&[01056]",2015,1,"Norovirus","[KategorieNz].[Krankheit DE].&[Norovirus-Gastroenteritis]"
178.48,"LK Plön","[DeutschlandNodes].[Kreise71Web].[FedStateKey71].&[01].&[DEF0].&[01057]",2015,1,"Norovirus","[KategorieNz].[Krankheit DE].&[Norovirus-Gastroenteritis]"
65.09,"LK Rendsburg-Eckernförde","[DeutschlandNodes].[Kreise71Web].[FedStateKey71].&[01].&[DEF0].&[01058]",2015,1,"Norovirus","[KategorieNz].[Krankheit DE].&[Norovirus-Gastroenteritis]"
182.38,"LK Schleswig-Flensburg","[DeutschlandNodes].[Kreise71Web].[FedStateKey71].&[01].&[DEF0].&[01059]",2015,1,"Norovirus","[KategorieNz].[Krankheit DE].&[Norovirus-Gastroenteritis]"
102.8,"LK Segeberg","[DeutschlandNodes].[Kreise71Web].[FedStateKey71].&[01].&[DEF0].&[01060]",2015,1,"Norovirus","[KategorieNz].[Krankheit DE].&[Norovirus-Gastroenteritis]"
189.42,"LK Steinburg","[DeutschlandNodes].[Kreise71Web].[FedStateKey71].&[01].&[DEF0].&[01061]",2015,1,"Norovirus","[KategorieNz].[Krankheit DE].&[Norovirus-Gastroenteritis]"
89.73,"LK Stormarn","[DeutschlandNodes].[Kreise71Web].[FedStateKey71].&[01].&[DEF0].&[01062]",2015,1,"Norovirus","[KategorieNz].[Krankheit DE].&[Norovirus-Gastroenteritis]"
376.85,"LK Altenburger Land","[DeutschlandNodes].[Kreise71Web].[FedStateKey71].&[16].&[DEG0].&[16077]",2015,1,"Norovirus","[KategorieNz].[Krankheit DE].&[Norovirus-Gastroenteritis]"
469.78,"LK Eichsfeld","[DeutschlandNodes].[Kreise71Web].[FedStateKey71].&[16].&[DEG0].&[16061]",2015,1,"Norovirus","[KategorieNz].[Krankheit DE].&[Norovirus-Gastroenteritis]"
229.87,"SK Erfurt","[DeutschlandNodes].[Kreise71Web].[FedStateKey71].&[16].&[DEG0].&[16051]",2015,1,"Norovirus","[KategorieNz].[Krankheit DE].&[Norovirus-Gastroenteritis]"
309.34,"SK Gera","[DeutschlandNodes].[Kreise71Web].[FedStateKey71].&[16].&[DEG0].&[16052]",2015,1,"Norovirus","[KategorieNz].[Krankheit DE].&[Norovirus-Gastroenteritis]"
271.14,"LK Gotha","[DeutschlandNodes].[Kreise71Web].[FedStateKey71].&[16].&[DEG0].&[16067]",2015,1,"Norovirus","[KategorieNz].[Krankheit DE].&[Norovirus-Gastroenteritis]"
494.49,"LK Greiz","[DeutschlandNodes].[Kreise71Web].[FedStateKey71].&[16].&[DEG0].&[16076]",2015,1,"Norovirus","[KategorieNz].[Krankheit DE].&[Norovirus-Gastroenteritis]"
497.49,"LK Hildburghausen","[DeutschlandNodes].[Kreise71Web].[FedStateKey71].&[16].&[DEG0].&[16069]",2015,1,"Norovirus","[KategorieNz].[Krankheit DE].&[Norovirus-Gastroenteritis]"
285.53,"LK Ilm-Kreis","[DeutschlandNodes].[Kreise71Web].[FedStateKey71].&[16].&[DEG0].&[16070]",2015,1,"Norovirus","[KategorieNz].[Krankheit DE].&[Norovirus-Gastroenteritis]"
321.38,"SK Jena","[DeutschlandNodes].[Kreise71Web].[FedStateKey71].&[16].&[DEG0].&[16053]",2015,1,"Norovirus","[KategorieNz].[Krankheit DE].&[Norovirus-Gastroenteritis]"
299.57,"LK Kyffhäuserkreis","[DeutschlandNodes].[Kreise71Web].[FedStateKey71].&[16].&[DEG0].&[16065]",2015,1,"Norovirus","[KategorieNz].[Krankheit DE].&[Norovirus-Gastroenteritis]"
330.38,"LK Nordhausen","[DeutschlandNodes].[Kreise71Web].[FedStateKey71].&[16].&[DEG0].&[16062]",2015,1,"Norovirus","[KategorieNz].[Krankheit DE].&[Norovirus-Gastroenteritis]"
372.46,"LK Saale-Holzland-Kreis","[DeutschlandNodes].[Kreise71Web].[FedStateKey71].&[16].&[DEG0].&[16074]",2015,1,"Norovirus","[KategorieNz].[Krankheit DE].&[Norovirus-Gastroenteritis]"
339.96,"LK Saale-Orla-Kreis","[DeutschlandNodes].[Kreise71Web].[FedStateKey71].&[16].&[DEG0].&[16075]",2015,1,"Norovirus","[KategorieNz].[Krankheit DE].&[Norovirus-Gastroenteritis]"
398.98,"LK Saalfeld-Rudolstadt","[DeutschlandNodes].[Kreise71Web].[FedStateKey71].&[16].&[DEG0].&[16073]",2015,1,"Norovirus","[KategorieNz].[Krankheit DE].&[Norovirus-Gastroenteritis]"
261.59,"LK Schmalkalden-Meiningen","[DeutschlandNodes].[Kreise71Web].[FedStateKey71].&[16].&[DEG0].&[16066]",2015,1,"Norovirus","[KategorieNz].[Krankheit DE].&[Norovirus-Gastroenteritis]"
413.6,"LK Sömmerda","[DeutschlandNodes].[Kreise71Web].[FedStateKey71].&[16].&[DEG0].&[16068]",2015,1,"Norovirus","[KategorieNz].[Krankheit DE].&[Norovirus-Gastroenteritis]"
336.16,"LK Sonneberg","[DeutschlandNodes].[Kreise71Web].[FedStateKey71].&[16].&[DEG0].&[16072]",2015,1,"Norovirus","[KategorieNz].[Krankheit DE].&[Norovirus-Gastroenteritis]"
179.46,"SK Suhl","[DeutschlandNodes].[Kreise71Web].[FedStateKey71].&[16].&[DEG0].&[16054]",2015,1,"Norovirus","[KategorieNz].[Krankheit DE].&[Norovirus-Gastroenteritis]"
764.68,"LK Unstrut-Hainich-Kreis","[DeutschlandNodes].[Kreise71Web].[FedStateKey71].&[16].&[DEG0].&[16064]",2015,1,"Norovirus","[KategorieNz].[Krankheit DE].&[Norovirus-Gastroenteritis]"
304.04,"LK Wartburgkreis","[DeutschlandNodes].[Kreise71Web].[FedStateKey71].&[16].&[DEG0].&[16063]",2015,1,"Norovirus","[KategorieNz].[Krankheit DE].&[Norovirus-Gastroenteritis]"
162.17,"SK Weimar","[DeutschlandNodes].[Kreise71Web].[FedStateKey71].&[16].&[DEG0].&[16055]",2015,1,"Norovirus","[KategorieNz].[Krankheit DE].&[Norovirus-Gastroenteritis]"
387.21,"LK Weimarer Land","[DeutschlandNodes].[Kreise71Web].[FedStateKey71].&[16].&[DEG0].&[16071]",2015,1,"Norovirus","[KategorieNz].[Krankheit DE].&[Norovirus-Gastroenteritis]"
NA,"Unbekannt","[DeutschlandNodes].[Kreise71Web].[FedStateKey71].&[-1].&[????].&[?????]",2015,1,"Norovirus","[KategorieNz].[Krankheit DE].&[Norovirus-Gastroenteritis]"
77.18,"LK Breisgau-Hochschwarzwald","[DeutschlandNodes].[Kreise71Web].[FedStateKey71].&[08].&[DE13].&[08315]",2016,1,"Norovirus","[KategorieNz].[Krankheit DE].&[Norovirus-Gastroenteritis]"
73.51,"LK Emmendingen","[DeutschlandNodes].[Kreise71Web].[FedStateKey71].&[08].&[DE13].&[08316]",2016,1,"Norovirus","[KategorieNz].[Krankheit DE].&[Norovirus-Gastroenteritis]"
48.77,"SK Freiburg i.Breisgau","[DeutschlandNodes].[Kreise71Web].[FedStateKey71].&[08].&[DE13].&[08311]",2016,1,"Norovirus","[KategorieNz].[Krankheit DE].&[Norovirus-Gastroenteritis]"
51.38,"LK Konstanz","[DeutschlandNodes].[Kreise71Web].[FedStateKey71].&[08].&[DE13].&[08335]",2016,1,"Norovirus","[KategorieNz].[Krankheit DE].&[Norovirus-Gastroenteritis]"
74.71,"LK Lörrach","[DeutschlandNodes].[Kreise71Web].[FedStateKey71].&[08].&[DE13].&[08336]",2016,1,"Norovirus","[KategorieNz].[Krankheit DE].&[Norovirus-Gastroenteritis]"
159.68,"LK Ortenaukreis","[DeutschlandNodes].[Kreise71Web].[FedStateKey71].&[08].&[DE13].&[08317]",2016,1,"Norovirus","[KategorieNz].[Krankheit DE].&[Norovirus-Gastroenteritis]"
220.49,"LK Rottweil","[DeutschlandNodes].[Kreise71Web].[FedStateKey71].&[08].&[DE13].&[08325]",2016,1,"Norovirus","[KategorieNz].[Krankheit DE].&[Norovirus-Gastroenteritis]"
99.01,"LK Schwarzwald-Baar-Kreis","[DeutschlandNodes].[Kreise71Web].[FedStateKey71].&[08].&[DE13].&[08326]",2016,1,"Norovirus","[KategorieNz].[Krankheit DE].&[Norovirus-Gastroenteritis]"
99.19,"LK Tuttlingen","[DeutschlandNodes].[Kreise71Web].[FedStateKey71].&[08].&[DE13].&[08327]",2016,1,"Norovirus","[KategorieNz].[Krankheit DE].&[Norovirus-Gastroenteritis]"
59.22,"LK Waldshut","[DeutschlandNodes].[Kreise71Web].[FedStateKey71].&[08].&[DE13].&[08337]",2016,1,"Norovirus","[KategorieNz].[Krankheit DE].&[Norovirus-Gastroenteritis]"
128.9,"SK Baden-Baden","[DeutschlandNodes].[Kreise71Web].[FedStateKey71].&[08].&[DE12].&[08211]",2016,1,"Norovirus","[KategorieNz].[Krankheit DE].&[Norovirus-Gastroenteritis]"
127.6,"LK Calw","[DeutschlandNodes].[Kreise71Web].[FedStateKey71].&[08].&[DE12].&[08235]",2016,1,"Norovirus","[KategorieNz].[Krankheit DE].&[Norovirus-Gastroenteritis]"
84.67,"LK Enzkreis","[DeutschlandNodes].[Kreise71Web].[FedStateKey71].&[08].&[DE12].&[08236]",2016,1,"Norovirus","[KategorieNz].[Krankheit DE].&[Norovirus-Gastroenteritis]"
155.11,"LK Freudenstadt","[DeutschlandNodes].[Kreise71Web].[FedStateKey71].&[08].&[DE12].&[08237]",2016,1,"Norovirus","[KategorieNz].[Krankheit DE].&[Norovirus-Gastroenteritis]"
64.41,"SK Heidelberg","[DeutschlandNodes].[Kreise71Web].[FedStateKey71].&[08].&[DE12].&[08221]",2016,1,"Norovirus","[KategorieNz].[Krankheit DE].&[Norovirus-Gastroenteritis]"
78.71,"SK Karlsruhe","[DeutschlandNodes].[Kreise71Web].[FedStateKey71].&[08].&[DE12].&[08212]",2016,1,"Norovirus","[KategorieNz].[Krankheit DE].&[Norovirus-Gastroenteritis]"
86.98,"LK Karlsruhe","[DeutschlandNodes].[Kreise71Web].[FedStateKey71].&[08].&[DE12].&[08215]",2016,1,"Norovirus","[KategorieNz].[Krankheit DE].&[Norovirus-Gastroenteritis]"
174.22,"SK Mannheim","[DeutschlandNodes].[Kreise71Web].[FedStateKey71].&[08].&[DE12].&[08222]",2016,1,"Norovirus","[KategorieNz].[Krankheit DE].&[Norovirus-Gastroenteritis]"
87.94,"LK Neckar-Odenwald-Kreis","[DeutschlandNodes].[Kreise71Web].[FedStateKey71].&[08].&[DE12].&[08225]",2016,1,"Norovirus","[KategorieNz].[Krankheit DE].&[Norovirus-Gastroenteritis]"
99.6,"SK Pforzheim","[DeutschlandNodes].[Kreise71Web].[FedStateKey71].&[08].&[DE12].&[08231]",2016,1,"Norovirus","[KategorieNz].[Krankheit DE].&[Norovirus-Gastroenteritis]"
154.65,"LK Rastatt","[DeutschlandNodes].[Kreise71Web].[FedStateKey71].&[08].&[DE12].&[08216]",2016,1,"Norovirus","[KategorieNz].[Krankheit DE].&[Norovirus-Gastroenteritis]"
76.6,"LK Rhein-Neckar-Kreis","[DeutschlandNodes].[Kreise71Web].[FedStateKey71].&[08].&[DE12].&[08226]",2016,1,"Norovirus","[KategorieNz].[Krankheit DE].&[Norovirus-Gastroenteritis]"
54.42,"LK Böblingen","[DeutschlandNodes].[Kreise71Web].[FedStateKey71].&[08].&[DE11].&[08115]",2016,1,"Norovirus","[KategorieNz].[Krankheit DE].&[Norovirus-Gastroenteritis]"
53.52,"LK Esslingen","[DeutschlandNodes].[Kreise71Web].[FedStateKey71].&[08].&[DE11].&[08116]",2016,1,"Norovirus","[KategorieNz].[Krankheit DE].&[Norovirus-Gastroenteritis]"
57.34,"LK Göppingen","[DeutschlandNodes].[Kreise71Web].[FedStateKey71].&[08].&[DE11].&[08117]",2016,1,"Norovirus","[KategorieNz].[Krankheit DE].&[Norovirus-Gastroenteritis]"
63.88,"LK Heidenheim","[DeutschlandNodes].[Kreise71Web].[FedStateKey71].&[08].&[DE11].&[08135]",2016,1,"Norovirus","[KategorieNz].[Krankheit DE].&[Norovirus-Gastroenteritis]"
67.87,"SK Heilbronn","[DeutschlandNodes].[Kreise71Web].[FedStateKey71].&[08].&[DE11].&[08121]",2016,1,"Norovirus","[KategorieNz].[Krankheit DE].&[Norovirus-Gastroenteritis]"
64.88,"LK Heilbronn","[DeutschlandNodes].[Kreise71Web].[FedStateKey71].&[08].&[DE11].&[08125]",2016,1,"Norovirus","[KategorieNz].[Krankheit DE].&[Norovirus-Gastroenteritis]"
258.38,"LK Hohenlohekreis","[DeutschlandNodes].[Kreise71Web].[FedStateKey71].&[08].&[DE11].&[08126]",2016,1,"Norovirus","[KategorieNz].[Krankheit DE].&[Norovirus-Gastroenteritis]"
79.94,"LK Ludwigsburg","[DeutschlandNodes].[Kreise71Web].[FedStateKey71].&[08].&[DE11].&[08118]",2016,1,"Norovirus","[KategorieNz].[Krankheit DE].&[Norovirus-Gastroenteritis]"
115.67,"LK Main-Tauber-Kreis","[DeutschlandNodes].[Kreise71Web].[FedStateKey71].&[08].&[DE11].&[08128]",2016,1,"Norovirus","[KategorieNz].[Krankheit DE].&[Norovirus-Gastroenteritis]"
73.82,"LK Ostalbkreis","[DeutschlandNodes].[Kreise71Web].[FedStateKey71].&[08].&[DE11].&[08136]",2016,1,"Norovirus","[KategorieNz].[Krankheit DE].&[Norovirus-Gastroenteritis]"
68.13,"LK Rems-Murr-Kreis","[DeutschlandNodes].[Kreise71Web].[FedStateKey71].&[08].&[DE11].&[08119]",2016,1,"Norovirus","[KategorieNz].[Krankheit DE].&[Norovirus-Gastroenteritis]"
112.46,"LK Schwäbisch Hall","[DeutschlandNodes].[Kreise71Web].[FedStateKey71].&[08].&[DE11].&[08127]",2016,1,"Norovirus","[KategorieNz].[Krankheit DE].&[Norovirus-Gastroenteritis]"
56.69,"SK Stuttgart","[DeutschlandNodes].[Kreise71Web].[FedStateKey71].&[08].&[DE11].&[08111]",2016,1,"Norovirus","[KategorieNz].[Krankheit DE].&[Norovirus-Gastroenteritis]"
89.49,"LK Alb-Donau-Kreis","[DeutschlandNodes].[Kreise71Web].[FedStateKey71].&[08].&[DE14].&[08425]",2016,1,"Norovirus","[KategorieNz].[Krankheit DE].&[Norovirus-Gastroenteritis]"
145.26,"LK Biberach","[DeutschlandNodes].[Kreise71Web].[FedStateKey71].&[08].&[DE14].&[08426]",2016,1,"Norovirus","[KategorieNz].[Krankheit DE].&[Norovirus-Gastroenteritis]"
128.6,"LK Bodenseekreis","[DeutschlandNodes].[Kreise71Web].[FedStateKey71].&[08].&[DE14].&[08435]",2016,1,"Norovirus","[KategorieNz].[Krankheit DE].&[Norovirus-Gastroenteritis]"
114.69,"LK Ravensburg","[DeutschlandNodes].[Kreise71Web].[FedStateKey71].&[08].&[DE14].&[08436]",2016,1,"Norovirus","[KategorieNz].[Krankheit DE].&[Norovirus-Gastroenteritis]"
67.59,"LK Reutlingen","[DeutschlandNodes].[Kreise71Web].[FedStateKey71].&[08].&[DE14].&[08415]",2016,1,"Norovirus","[KategorieNz].[Krankheit DE].&[Norovirus-Gastroenteritis]"
122.82,"LK Sigmaringen","[DeutschlandNodes].[Kreise71Web].[FedStateKey71].&[08].&[DE14].&[08437]",2016,1,"Norovirus","[KategorieNz].[Krankheit DE].&[Norovirus-Gastroenteritis]"
74.79,"LK Tübingen","[DeutschlandNodes].[Kreise71Web].[FedStateKey71].&[08].&[DE14].&[08416]",2016,1,"Norovirus","[KategorieNz].[Krankheit DE].&[Norovirus-Gastroenteritis]"
70.19,"SK Ulm","[DeutschlandNodes].[Kreise71Web].[FedStateKey71].&[08].&[DE14].&[08421]",2016,1,"Norovirus","[KategorieNz].[Krankheit DE].&[Norovirus-Gastroenteritis]"
112.06,"LK Zollernalbkreis","[DeutschlandNodes].[Kreise71Web].[FedStateKey71].&[08].&[DE14].&[08417]",2016,1,"Norovirus","[KategorieNz].[Krankheit DE].&[Norovirus-Gastroenteritis]"
146.87,"SK Ansbach","[DeutschlandNodes].[Kreise71Web].[FedStateKey71].&[09].&[DE25].&[09561]",2016,1,"Norovirus","[KategorieNz].[Krankheit DE].&[Norovirus-Gastroenteritis]"
152.6,"LK Ansbach","[DeutschlandNodes].[Kreise71Web].[FedStateKey71].&[09].&[DE25].&[09571]",2016,1,"Norovirus","[KategorieNz].[Krankheit DE].&[Norovirus-Gastroenteritis]"
67.13,"SK Erlangen","[DeutschlandNodes].[Kreise71Web].[FedStateKey71].&[09].&[DE25].&[09562]",2016,1,"Norovirus","[KategorieNz].[Krankheit DE].&[Norovirus-Gastroenteritis]"
75.01,"LK Erlangen-Höchstadt","[DeutschlandNodes].[Kreise71Web].[FedStateKey71].&[09].&[DE25].&[09572]",2016,1,"Norovirus","[KategorieNz].[Krankheit DE].&[Norovirus-Gastroenteritis]"
74.16,"SK Fürth","[DeutschlandNodes].[Kreise71Web].[FedStateKey71].&[09].&[DE25].&[09563]",2016,1,"Norovirus","[KategorieNz].[Krankheit DE].&[Norovirus-Gastroenteritis]"
68.12,"LK Fürth","[DeutschlandNodes].[Kreise71Web].[FedStateKey71].&[09].&[DE25].&[09573]",2016,1,"Norovirus","[KategorieNz].[Krankheit DE].&[Norovirus-Gastroenteritis]"
142.95,"LK Neustadt a.d.Aisch-Bad Windsheim","[DeutschlandNodes].[Kreise71Web].[FedStateKey71].&[09].&[DE25].&[09575]",2016,1,"Norovirus","[KategorieNz].[Krankheit DE].&[Norovirus-Gastroenteritis]"
42.41,"SK Nürnberg","[DeutschlandNodes].[Kreise71Web].[FedStateKey71].&[09].&[DE25].&[09564]",2016,1,"Norovirus","[KategorieNz].[Krankheit DE].&[Norovirus-Gastroenteritis]"
50.92,"LK Nürnberger Land","[DeutschlandNodes].[Kreise71Web].[FedStateKey71].&[09].&[DE25].&[09574]",2016,1,"Norovirus","[KategorieNz].[Krankheit DE].&[Norovirus-Gastroenteritis]"
66.9,"LK Roth","[DeutschlandNodes].[Kreise71Web].[FedStateKey71].&[09].&[DE25].&[09576]",2016,1,"Norovirus","[KategorieNz].[Krankheit DE].&[Norovirus-Gastroenteritis]"
22.11,"SK Schwabach","[DeutschlandNodes].[Kreise71Web].[FedStateKey71].&[09].&[DE25].&[09565]",2016,1,"Norovirus","[KategorieNz].[Krankheit DE].&[Norovirus-Gastroenteritis]"
93.64,"LK Weißenburg-Gunzenhausen","[DeutschlandNodes].[Kreise71Web].[FedStateKey71].&[09].&[DE25].&[09577]",2016,1,"Norovirus","[KategorieNz].[Krankheit DE].&[Norovirus-Gastroenteritis]"
140.3,"LK Deggendorf","[DeutschlandNodes].[Kreise71Web].[FedStateKey71].&[09].&[DE22].&[09271]",2016,1,"Norovirus","[KategorieNz].[Krankheit DE].&[Norovirus-Gastroenteritis]"
189.4,"LK Dingolfing-Landau","[DeutschlandNodes].[Kreise71Web].[FedStateKey71].&[09].&[DE22].&[09279]",2016,1,"Norovirus","[KategorieNz].[Krankheit DE].&[Norovirus-Gastroenteritis]"
314.66,"LK Freyung-Grafenau","[DeutschlandNodes].[Kreise71Web].[FedStateKey71].&[09].&[DE22].&[09272]",2016,1,"Norovirus","[KategorieNz].[Krankheit DE].&[Norovirus-Gastroenteritis]"
40.01,"LK Kelheim","[DeutschlandNodes].[Kreise71Web].[FedStateKey71].&[09].&[DE22].&[09273]",2016,1,"Norovirus","[KategorieNz].[Krankheit DE].&[Norovirus-Gastroenteritis]"
82.83,"SK Landshut","[DeutschlandNodes].[Kreise71Web].[FedStateKey71].&[09].&[DE22].&[09261]",2016,1,"Norovirus","[KategorieNz].[Krankheit DE].&[Norovirus-Gastroenteritis]"
129.31,"LK Landshut","[DeutschlandNodes].[Kreise71Web].[FedStateKey71].&[09].&[DE22].&[09274]",2016,1,"Norovirus","[KategorieNz].[Krankheit DE].&[Norovirus-Gastroenteritis]"
211.46,"SK Passau","[DeutschlandNodes].[Kreise71Web].[FedStateKey71].&[09].&[DE22].&[09262]",2016,1,"Norovirus","[KategorieNz].[Krankheit DE].&[Norovirus-Gastroenteritis]"
179.99,"LK Passau","[DeutschlandNodes].[Kreise71Web].[FedStateKey71].&[09].&[DE22].&[09275]",2016,1,"Norovirus","[KategorieNz].[Krankheit DE].&[Norovirus-Gastroenteritis]"
93.28,"LK Regen","[DeutschlandNodes].[Kreise71Web].[FedStateKey71].&[09].&[DE22].&[09276]",2016,1,"Norovirus","[KategorieNz].[Krankheit DE].&[Norovirus-Gastroenteritis]"
169.71,"LK Rottal-Inn","[DeutschlandNodes].[Kreise71Web].[FedStateKey71].&[09].&[DE22].&[09277]",2016,1,"Norovirus","[KategorieNz].[Krankheit DE].&[Norovirus-Gastroenteritis]"
63.64,"SK Straubing","[DeutschlandNodes].[Kreise71Web].[FedStateKey71].&[09].&[DE22].&[09263]",2016,1,"Norovirus","[KategorieNz].[Krankheit DE].&[Norovirus-Gastroenteritis]"
90.71,"LK Straubing-Bogen","[DeutschlandNodes].[Kreise71Web].[FedStateKey71].&[09].&[DE22].&[09278]",2016,1,"Norovirus","[KategorieNz].[Krankheit DE].&[Norovirus-Gastroenteritis]"
78.59,"LK Altötting","[DeutschlandNodes].[Kreise71Web].[FedStateKey71].&[09].&[DE21].&[09171]",2016,1,"Norovirus","[KategorieNz].[Krankheit DE].&[Norovirus-Gastroenteritis]"
138.46,"LK Bad Tölz-Wolfratshausen","[DeutschlandNodes].[Kreise71Web].[FedStateKey71].&[09].&[DE21].&[09173]",2016,1,"Norovirus","[KategorieNz].[Krankheit DE].&[Norovirus-Gastroenteritis]"
180.9,"LK Berchtesgadener Land","[DeutschlandNodes].[Kreise71Web].[FedStateKey71].&[09].&[DE21].&[09172]",2016,1,"Norovirus","[KategorieNz].[Krankheit DE].&[Norovirus-Gastroenteritis]"
169.05,"LK Dachau","[DeutschlandNodes].[Kreise71Web].[FedStateKey71].&[09].&[DE21].&[09174]",2016,1,"Norovirus","[KategorieNz].[Krankheit DE].&[Norovirus-Gastroenteritis]"
68.34,"LK Ebersberg","[DeutschlandNodes].[Kreise71Web].[FedStateKey71].&[09].&[DE21].&[09175]",2016,1,"Norovirus","[KategorieNz].[Krankheit DE].&[Norovirus-Gastroenteritis]"
117.73,"LK Eichstätt","[DeutschlandNodes].[Kreise71Web].[FedStateKey71].&[09].&[DE21].&[09176]",2016,1,"Norovirus","[KategorieNz].[Krankheit DE].&[Norovirus-Gastroenteritis]"
81.22,"LK Erding","[DeutschlandNodes].[Kreise71Web].[FedStateKey71].&[09].&[DE21].&[09177]",2016,1,"Norovirus","[KategorieNz].[Krankheit DE].&[Norovirus-Gastroenteritis]"
75.65,"LK Freising","[DeutschlandNodes].[Kreise71Web].[FedStateKey71].&[09].&[DE21].&[09178]",2016,1,"Norovirus","[KategorieNz].[Krankheit DE].&[Norovirus-Gastroenteritis]"
157.25,"LK Fürstenfeldbruck","[DeutschlandNodes].[Kreise71Web].[FedStateKey71].&[09].&[DE21].&[09179]",2016,1,"Norovirus","[KategorieNz].[Krankheit DE].&[Norovirus-Gastroenteritis]"
83.07,"LK Garmisch-Partenkirchen","[DeutschlandNodes].[Kreise71Web].[FedStateKey71].&[09].&[DE21].&[09180]",2016,1,"Norovirus","[KategorieNz].[Krankheit DE].&[Norovirus-Gastroenteritis]"
79.32,"SK Ingolstadt","[DeutschlandNodes].[Kreise71Web].[FedStateKey71].&[09].&[DE21].&[09161]",2016,1,"Norovirus","[KategorieNz].[Krankheit DE].&[Norovirus-Gastroenteritis]"
48.85,"LK Landsberg a.Lech","[DeutschlandNodes].[Kreise71Web].[FedStateKey71].&[09].&[DE21].&[09181]",2016,1,"Norovirus","[KategorieNz].[Krankheit DE].&[Norovirus-Gastroenteritis]"
85,"LK Miesbach","[DeutschlandNodes].[Kreise71Web].[FedStateKey71].&[09].&[DE21].&[09182]",2016,1,"Norovirus","[KategorieNz].[Krankheit DE].&[Norovirus-Gastroenteritis]"
87.44,"LK Mühldorf a.Inn","[DeutschlandNodes].[Kreise71Web].[FedStateKey71].&[09].&[DE21].&[09183]",2016,1,"Norovirus","[KategorieNz].[Krankheit DE].&[Norovirus-Gastroenteritis]"
101.14,"SK München","[DeutschlandNodes].[Kreise71Web].[FedStateKey71].&[09].&[DE21].&[09162]",2016,1,"Norovirus","[KategorieNz].[Krankheit DE].&[Norovirus-Gastroenteritis]"
96.97,"LK München","[DeutschlandNodes].[Kreise71Web].[FedStateKey71].&[09].&[DE21].&[09184]",2016,1,"Norovirus","[KategorieNz].[Krankheit DE].&[Norovirus-Gastroenteritis]"
99.21,"LK Neuburg-Schrobenhausen","[DeutschlandNodes].[Kreise71Web].[FedStateKey71].&[09].&[DE21].&[09185]",2016,1,"Norovirus","[KategorieNz].[Krankheit DE].&[Norovirus-Gastroenteritis]"
130.31,"LK Pfaffenhofen a.d.Ilm","[DeutschlandNodes].[Kreise71Web].[FedStateKey71].&[09].&[DE21].&[09186]",2016,1,"Norovirus","[KategorieNz].[Krankheit DE].&[Norovirus-Gastroenteritis]"
47.87,"SK Rosenheim","[DeutschlandNodes].[Kreise71Web].[FedStateKey71].&[09].&[DE21].&[09163]",2016,1,"Norovirus","[KategorieNz].[Krankheit DE].&[Norovirus-Gastroenteritis]"
83.12,"LK Rosenheim","[DeutschlandNodes].[Kreise71Web].[FedStateKey71].&[09].&[DE21].&[09187]",2016,1,"Norovirus","[KategorieNz].[Krankheit DE].&[Norovirus-Gastroenteritis]"
100.2,"LK Starnberg","[DeutschlandNodes].[Kreise71Web].[FedStateKey71].&[09].&[DE21].&[09188]",2016,1,"Norovirus","[KategorieNz].[Krankheit DE].&[Norovirus-Gastroenteritis]"
141.37,"LK Traunstein","[DeutschlandNodes].[Kreise71Web].[FedStateKey71].&[09].&[DE21].&[09189]",2016,1,"Norovirus","[KategorieNz].[Krankheit DE].&[Norovirus-Gastroenteritis]"
125.51,"LK Weilheim-Schongau","[DeutschlandNodes].[Kreise71Web].[FedStateKey71].&[09].&[DE21].&[09190]",2016,1,"Norovirus","[KategorieNz].[Krankheit DE].&[Norovirus-Gastroenteritis]"
215.2,"SK Bamberg","[DeutschlandNodes].[Kreise71Web].[FedStateKey71].&[09].&[DE24].&[09461]",2016,1,"Norovirus","[KategorieNz].[Krankheit DE].&[Norovirus-Gastroenteritis]"
216.38,"LK Bamberg","[DeutschlandNodes].[Kreise71Web].[FedStateKey71].&[09].&[DE24].&[09471]",2016,1,"Norovirus","[KategorieNz].[Krankheit DE].&[Norovirus-Gastroenteritis]"
98.54,"SK Bayreuth","[DeutschlandNodes].[Kreise71Web].[FedStateKey71].&[09].&[DE24].&[09462]",2016,1,"Norovirus","[KategorieNz].[Krankheit DE].&[Norovirus-Gastroenteritis]"
145.37,"LK Bayreuth","[DeutschlandNodes].[Kreise71Web].[FedStateKey71].&[09].&[DE24].&[09472]",2016,1,"Norovirus","[KategorieNz].[Krankheit DE].&[Norovirus-Gastroenteritis]"
226.44,"SK Coburg","[DeutschlandNodes].[Kreise71Web].[FedStateKey71].&[09].&[DE24].&[09463]",2016,1,"Norovirus","[KategorieNz].[Krankheit DE].&[Norovirus-Gastroenteritis]"
340.12,"LK Coburg","[DeutschlandNodes].[Kreise71Web].[FedStateKey71].&[09].&[DE24].&[09473]",2016,1,"Norovirus","[KategorieNz].[Krankheit DE].&[Norovirus-Gastroenteritis]"
77.22,"LK Forchheim","[DeutschlandNodes].[Kreise71Web].[FedStateKey71].&[09].&[DE24].&[09474]",2016,1,"Norovirus","[KategorieNz].[Krankheit DE].&[Norovirus-Gastroenteritis]"
NA,"SK Hof","[DeutschlandNodes].[Kreise71Web].[FedStateKey71].&[09].&[DE24].&[09464]",2016,1,"Norovirus","[KategorieNz].[Krankheit DE].&[Norovirus-Gastroenteritis]"
228.33,"LK Hof","[DeutschlandNodes].[Kreise71Web].[FedStateKey71].&[09].&[DE24].&[09475]",2016,1,"Norovirus","[KategorieNz].[Krankheit DE].&[Norovirus-Gastroenteritis]"
201.14,"LK Kronach","[DeutschlandNodes].[Kreise71Web].[FedStateKey71].&[09].&[DE24].&[09476]",2016,1,"Norovirus","[KategorieNz].[Krankheit DE].&[Norovirus-Gastroenteritis]"
220.85,"LK Kulmbach","[DeutschlandNodes].[Kreise71Web].[FedStateKey71].&[09].&[DE24].&[09477]",2016,1,"Norovirus","[KategorieNz].[Krankheit DE].&[Norovirus-Gastroenteritis]"
100.54,"LK Lichtenfels","[DeutschlandNodes].[Kreise71Web].[FedStateKey71].&[09].&[DE24].&[09478]",2016,1,"Norovirus","[KategorieNz].[Krankheit DE].&[Norovirus-Gastroenteritis]"
129.68,"LK Wunsiedel i.Fichtelgebirge","[DeutschlandNodes].[Kreise71Web].[FedStateKey71].&[09].&[DE24].&[09479]",2016,1,"Norovirus","[KategorieNz].[Krankheit DE].&[Norovirus-Gastroenteritis]"
42.5,"SK Amberg","[DeutschlandNodes].[Kreise71Web].[FedStateKey71].&[09].&[DE23].&[09361]",2016,1,"Norovirus","[KategorieNz].[Krankheit DE].&[Norovirus-Gastroenteritis]"
154.36,"LK Amberg-Sulzbach","[DeutschlandNodes].[Kreise71Web].[FedStateKey71].&[09].&[DE23].&[09371]",2016,1,"Norovirus","[KategorieNz].[Krankheit DE].&[Norovirus-Gastroenteritis]"
31.52,"LK Cham","[DeutschlandNodes].[Kreise71Web].[FedStateKey71].&[09].&[DE23].&[09372]",2016,1,"Norovirus","[KategorieNz].[Krankheit DE].&[Norovirus-Gastroenteritis]"
66.84,"LK Neumarkt i.d.OPf.","[DeutschlandNodes].[Kreise71Web].[FedStateKey71].&[09].&[DE23].&[09373]",2016,1,"Norovirus","[KategorieNz].[Krankheit DE].&[Norovirus-Gastroenteritis]"
79.34,"LK Neustadt a.d.Waldnaab","[DeutschlandNodes].[Kreise71Web].[FedStateKey71].&[09].&[DE23].&[09374]",2016,1,"Norovirus","[KategorieNz].[Krankheit DE].&[Norovirus-Gastroenteritis]"
63.24,"SK Regensburg","[DeutschlandNodes].[Kreise71Web].[FedStateKey71].&[09].&[DE23].&[09362]",2016,1,"Norovirus","[KategorieNz].[Krankheit DE].&[Norovirus-Gastroenteritis]"
71.4,"LK Regensburg","[DeutschlandNodes].[Kreise71Web].[FedStateKey71].&[09].&[DE23].&[09375]",2016,1,"Norovirus","[KategorieNz].[Krankheit DE].&[Norovirus-Gastroenteritis]"
92.86,"LK Schwandorf","[DeutschlandNodes].[Kreise71Web].[FedStateKey71].&[09].&[DE23].&[09376]",2016,1,"Norovirus","[KategorieNz].[Krankheit DE].&[Norovirus-Gastroenteritis]"
63.08,"LK Tirschenreuth","[DeutschlandNodes].[Kreise71Web].[FedStateKey71].&[09].&[DE23].&[09377]",2016,1,"Norovirus","[KategorieNz].[Krankheit DE].&[Norovirus-Gastroenteritis]"
68.24,"SK Weiden i.d.OPf.","[DeutschlandNodes].[Kreise71Web].[FedStateKey71].&[09].&[DE23].&[09363]",2016,1,"Norovirus","[KategorieNz].[Krankheit DE].&[Norovirus-Gastroenteritis]"
116.44,"LK Aichach-Friedberg","[DeutschlandNodes].[Kreise71Web].[FedStateKey71].&[09].&[DE27].&[09771]",2016,1,"Norovirus","[KategorieNz].[Krankheit DE].&[Norovirus-Gastroenteritis]"
93.93,"SK Augsburg","[DeutschlandNodes].[Kreise71Web].[FedStateKey71].&[09].&[DE27].&[09761]",2016,1,"Norovirus","[KategorieNz].[Krankheit DE].&[Norovirus-Gastroenteritis]"
131.29,"LK Augsburg","[DeutschlandNodes].[Kreise71Web].[FedStateKey71].&[09].&[DE27].&[09772]",2016,1,"Norovirus","[KategorieNz].[Krankheit DE].&[Norovirus-Gastroenteritis]"
118.45,"LK Dillingen a.d.Donau","[DeutschlandNodes].[Kreise71Web].[FedStateKey71].&[09].&[DE27].&[09773]",2016,1,"Norovirus","[KategorieNz].[Krankheit DE].&[Norovirus-Gastroenteritis]"
148.15,"LK Donau-Ries","[DeutschlandNodes].[Kreise71Web].[FedStateKey71].&[09].&[DE27].&[09779]",2016,1,"Norovirus","[KategorieNz].[Krankheit DE].&[Norovirus-Gastroenteritis]"
179.76,"LK Günzburg","[DeutschlandNodes].[Kreise71Web].[FedStateKey71].&[09].&[DE27].&[09774]",2016,1,"Norovirus","[KategorieNz].[Krankheit DE].&[Norovirus-Gastroenteritis]"
243.43,"SK Kaufbeuren","[DeutschlandNodes].[Kreise71Web].[FedStateKey71].&[09].&[DE27].&[09762]",2016,1,"Norovirus","[KategorieNz].[Krankheit DE].&[Norovirus-Gastroenteritis]"
NA,"SK Kempten","[DeutschlandNodes].[Kreise71Web].[FedStateKey71].&[09].&[DE27].&[09763]",2016,1,"Norovirus","[KategorieNz].[Krankheit DE].&[Norovirus-Gastroenteritis]"
216.15,"LK Lindau","[DeutschlandNodes].[Kreise71Web].[FedStateKey71].&[09].&[DE27].&[09776]",2016,1,"Norovirus","[KategorieNz].[Krankheit DE].&[Norovirus-Gastroenteritis]"
101.63,"SK Memmingen","[DeutschlandNodes].[Kreise71Web].[FedStateKey71].&[09].&[DE27].&[09764]",2016,1,"Norovirus","[KategorieNz].[Krankheit DE].&[Norovirus-Gastroenteritis]"
100.58,"LK Neu-Ulm","[DeutschlandNodes].[Kreise71Web].[FedStateKey71].&[09].&[DE27].&[09775]",2016,1,"Norovirus","[KategorieNz].[Krankheit DE].&[Norovirus-Gastroenteritis]"
215.92,"LK Oberallgäu","[DeutschlandNodes].[Kreise71Web].[FedStateKey71].&[09].&[DE27].&[09780]",2016,1,"Norovirus","[KategorieNz].[Krankheit DE].&[Norovirus-Gastroenteritis]"
154.78,"LK Ostallgäu","[DeutschlandNodes].[Kreise71Web].[FedStateKey71].&[09].&[DE27].&[09777]",2016,1,"Norovirus","[KategorieNz].[Krankheit DE].&[Norovirus-Gastroenteritis]"
87.13,"LK Unterallgäu","[DeutschlandNodes].[Kreise71Web].[FedStateKey71].&[09].&[DE27].&[09778]",2016,1,"Norovirus","[KategorieNz].[Krankheit DE].&[Norovirus-Gastroenteritis]"
26.02,"SK Aschaffenburg","[DeutschlandNodes].[Kreise71Web].[FedStateKey71].&[09].&[DE26].&[09661]",2016,1,"Norovirus","[KategorieNz].[Krankheit DE].&[Norovirus-Gastroenteritis]"
44.38,"LK Aschaffenburg","[DeutschlandNodes].[Kreise71Web].[FedStateKey71].&[09].&[DE26].&[09671]",2016,1,"Norovirus","[KategorieNz].[Krankheit DE].&[Norovirus-Gastroenteritis]"
92.14,"LK Bad Kissingen","[DeutschlandNodes].[Kreise71Web].[FedStateKey71].&[09].&[DE26].&[09672]",2016,1,"Norovirus","[KategorieNz].[Krankheit DE].&[Norovirus-Gastroenteritis]"
99.56,"LK Haßberge","[DeutschlandNodes].[Kreise71Web].[FedStateKey71].&[09].&[DE26].&[09674]",2016,1,"Norovirus","[KategorieNz].[Krankheit DE].&[Norovirus-Gastroenteritis]"
106.97,"LK Kitzingen","[DeutschlandNodes].[Kreise71Web].[FedStateKey71].&[09].&[DE26].&[09675]",2016,1,"Norovirus","[KategorieNz].[Krankheit DE].&[Norovirus-Gastroenteritis]"
83.13,"LK Main-Spessart","[DeutschlandNodes].[Kreise71Web].[FedStateKey71].&[09].&[DE26].&[09677]",2016,1,"Norovirus","[KategorieNz].[Krankheit DE].&[Norovirus-Gastroenteritis]"
508.78,"LK Miltenberg","[DeutschlandNodes].[Kreise71Web].[FedStateKey71].&[09].&[DE26].&[09676]",2016,1,"Norovirus","[KategorieNz].[Krankheit DE].&[Norovirus-Gastroenteritis]"
67.62,"LK Rhön-Grabfeld","[DeutschlandNodes].[Kreise71Web].[FedStateKey71].&[09].&[DE26].&[09673]",2016,1,"Norovirus","[KategorieNz].[Krankheit DE].&[Norovirus-Gastroenteritis]"
36.04,"SK Schweinfurt","[DeutschlandNodes].[Kreise71Web].[FedStateKey71].&[09].&[DE26].&[09662]",2016,1,"Norovirus","[KategorieNz].[Krankheit DE].&[Norovirus-Gastroenteritis]"
58.35,"LK Schweinfurt","[DeutschlandNodes].[Kreise71Web].[FedStateKey71].&[09].&[DE26].&[09678]",2016,1,"Norovirus","[KategorieNz].[Krankheit DE].&[Norovirus-Gastroenteritis]"
66.66,"SK Würzburg","[DeutschlandNodes].[Kreise71Web].[FedStateKey71].&[09].&[DE26].&[09663]",2016,1,"Norovirus","[KategorieNz].[Krankheit DE].&[Norovirus-Gastroenteritis]"
68.93,"LK Würzburg","[DeutschlandNodes].[Kreise71Web].[FedStateKey71].&[09].&[DE26].&[09679]",2016,1,"Norovirus","[KategorieNz].[Krankheit DE].&[Norovirus-Gastroenteritis]"
100.06,"SK Berlin Charlottenburg-Wilmersdorf","[DeutschlandNodes].[Kreise71Web].[FedStateKey71].&[11].&[DE30].&[11004]",2016,1,"Norovirus","[KategorieNz].[Krankheit DE].&[Norovirus-Gastroenteritis]"
62.63,"SK Berlin Friedrichshain-Kreuzberg","[DeutschlandNodes].[Kreise71Web].[FedStateKey71].&[11].&[DE30].&[11002]",2016,1,"Norovirus","[KategorieNz].[Krankheit DE].&[Norovirus-Gastroenteritis]"
137.58,"SK Berlin Lichtenberg","[DeutschlandNodes].[Kreise71Web].[FedStateKey71].&[11].&[DE30].&[11011]",2016,1,"Norovirus","[KategorieNz].[Krankheit DE].&[Norovirus-Gastroenteritis]"
118.68,"SK Berlin Marzahn-Hellersdorf","[DeutschlandNodes].[Kreise71Web].[FedStateKey71].&[11].&[DE30].&[11010]",2016,1,"Norovirus","[KategorieNz].[Krankheit DE].&[Norovirus-Gastroenteritis]"
83.6,"SK Berlin Mitte","[DeutschlandNodes].[Kreise71Web].[FedStateKey71].&[11].&[DE30].&[11001]",2016,1,"Norovirus","[KategorieNz].[Krankheit DE].&[Norovirus-Gastroenteritis]"
75.05,"SK Berlin Neukölln","[DeutschlandNodes].[Kreise71Web].[FedStateKey71].&[11].&[DE30].&[11008]",2016,1,"Norovirus","[KategorieNz].[Krankheit DE].&[Norovirus-Gastroenteritis]"
128.39,"SK Berlin Pankow","[DeutschlandNodes].[Kreise71Web].[FedStateKey71].&[11].&[DE30].&[11003]",2016,1,"Norovirus","[KategorieNz].[Krankheit DE].&[Norovirus-Gastroenteritis]"
149.85,"SK Berlin Reinickendorf","[DeutschlandNodes].[Kreise71Web].[FedStateKey71].&[11].&[DE30].&[11012]",2016,1,"Norovirus","[KategorieNz].[Krankheit DE].&[Norovirus-Gastroenteritis]"
120.78,"SK Berlin Spandau","[DeutschlandNodes].[Kreise71Web].[FedStateKey71].&[11].&[DE30].&[11005]",2016,1,"Norovirus","[KategorieNz].[Krankheit DE].&[Norovirus-Gastroenteritis]"
205.12,"SK Berlin Steglitz-Zehlendorf","[DeutschlandNodes].[Kreise71Web].[FedStateKey71].&[11].&[DE30].&[11006]",2016,1,"Norovirus","[KategorieNz].[Krankheit DE].&[Norovirus-Gastroenteritis]"
154.93,"SK Berlin Tempelhof-Schöneberg","[DeutschlandNodes].[Kreise71Web].[FedStateKey71].&[11].&[DE30].&[11007]",2016,1,"Norovirus","[KategorieNz].[Krankheit DE].&[Norovirus-Gastroenteritis]"
137.21,"SK Berlin Treptow-Köpenick","[DeutschlandNodes].[Kreise71Web].[FedStateKey71].&[11].&[DE30].&[11009]",2016,1,"Norovirus","[KategorieNz].[Krankheit DE].&[Norovirus-Gastroenteritis]"
212.97,"LK Barnim","[DeutschlandNodes].[Kreise71Web].[FedStateKey71].&[12].&[DE40].&[12060]",2016,1,"Norovirus","[KategorieNz].[Krankheit DE].&[Norovirus-Gastroenteritis]"
168.84,"SK Brandenburg a.d.Havel","[DeutschlandNodes].[Kreise71Web].[FedStateKey71].&[12].&[DE40].&[12051]",2016,1,"Norovirus","[KategorieNz].[Krankheit DE].&[Norovirus-Gastroenteritis]"
116.52,"SK Cottbus","[DeutschlandNodes].[Kreise71Web].[FedStateKey71].&[12].&[DE40].&[12052]",2016,1,"Norovirus","[KategorieNz].[Krankheit DE].&[Norovirus-Gastroenteritis]"
447.39,"LK Dahme-Spreewald","[DeutschlandNodes].[Kreise71Web].[FedStateKey71].&[12].&[DE40].&[12061]",2016,1,"Norovirus","[KategorieNz].[Krankheit DE].&[Norovirus-Gastroenteritis]"
420.51,"LK Elbe-Elster","[DeutschlandNodes].[Kreise71Web].[FedStateKey71].&[12].&[DE40].&[12062]",2016,1,"Norovirus","[KategorieNz].[Krankheit DE].&[Norovirus-Gastroenteritis]"
611.76,"SK Frankfurt (Oder)","[DeutschlandNodes].[Kreise71Web].[FedStateKey71].&[12].&[DE40].&[12053]",2016,1,"Norovirus","[KategorieNz].[Krankheit DE].&[Norovirus-Gastroenteritis]"
132.14,"LK Havelland","[DeutschlandNodes].[Kreise71Web].[FedStateKey71].&[12].&[DE40].&[12063]",2016,1,"Norovirus","[KategorieNz].[Krankheit DE].&[Norovirus-Gastroenteritis]"
225.89,"LK Märkisch-Oderland","[DeutschlandNodes].[Kreise71Web].[FedStateKey71].&[12].&[DE40].&[12064]",2016,1,"Norovirus","[KategorieNz].[Krankheit DE].&[Norovirus-Gastroenteritis]"
169.67,"LK Oberhavel","[DeutschlandNodes].[Kreise71Web].[FedStateKey71].&[12].&[DE40].&[12065]",2016,1,"Norovirus","[KategorieNz].[Krankheit DE].&[Norovirus-Gastroenteritis]"
220.61,"LK Oberspreewald-Lausitz","[DeutschlandNodes].[Kreise71Web].[FedStateKey71].&[12].&[DE40].&[12066]",2016,1,"Norovirus","[KategorieNz].[Krankheit DE].&[Norovirus-Gastroenteritis]"
248.25,"LK Oder-Spree","[DeutschlandNodes].[Kreise71Web].[FedStateKey71].&[12].&[DE40].&[12067]",2016,1,"Norovirus","[KategorieNz].[Krankheit DE].&[Norovirus-Gastroenteritis]"
330.94,"LK Ostprignitz-Ruppin","[DeutschlandNodes].[Kreise71Web].[FedStateKey71].&[12].&[DE40].&[12068]",2016,1,"Norovirus","[KategorieNz].[Krankheit DE].&[Norovirus-Gastroenteritis]"
107.1,"SK Potsdam","[DeutschlandNodes].[Kreise71Web].[FedStateKey71].&[12].&[DE40].&[12054]",2016,1,"Norovirus","[KategorieNz].[Krankheit DE].&[Norovirus-Gastroenteritis]"
257.3,"LK Potsdam-Mittelmark","[DeutschlandNodes].[Kreise71Web].[FedStateKey71].&[12].&[DE40].&[12069]",2016,1,"Norovirus","[KategorieNz].[Krankheit DE].&[Norovirus-Gastroenteritis]"
434.37,"LK Prignitz","[DeutschlandNodes].[Kreise71Web].[FedStateKey71].&[12].&[DE40].&[12070]",2016,1,"Norovirus","[KategorieNz].[Krankheit DE].&[Norovirus-Gastroenteritis]"
286.75,"LK Spree-Neiße","[DeutschlandNodes].[Kreise71Web].[FedStateKey71].&[12].&[DE40].&[12071]",2016,1,"Norovirus","[KategorieNz].[Krankheit DE].&[Norovirus-Gastroenteritis]"
212.42,"LK Teltow-Fläming","[DeutschlandNodes].[Kreise71Web].[FedStateKey71].&[12].&[DE40].&[12072]",2016,1,"Norovirus","[KategorieNz].[Krankheit DE].&[Norovirus-Gastroenteritis]"
183.66,"LK Uckermark","[DeutschlandNodes].[Kreise71Web].[FedStateKey71].&[12].&[DE40].&[12073]",2016,1,"Norovirus","[KategorieNz].[Krankheit DE].&[Norovirus-Gastroenteritis]"
89.97,"SK Bremen","[DeutschlandNodes].[Kreise71Web].[FedStateKey71].&[04].&[DE50].&[04011]",2016,1,"Norovirus","[KategorieNz].[Krankheit DE].&[Norovirus-Gastroenteritis]"
99.97,"SK Bremerhaven","[DeutschlandNodes].[Kreise71Web].[FedStateKey71].&[04].&[DE50].&[04012]",2016,1,"Norovirus","[KategorieNz].[Krankheit DE].&[Norovirus-Gastroenteritis]"
151.79,"SK Hamburg","[DeutschlandNodes].[Kreise71Web].[FedStateKey71].&[02].&[DE60].&[02000]",2016,1,"Norovirus","[KategorieNz].[Krankheit DE].&[Norovirus-Gastroenteritis]"
82.48,"LK Bergstraße","[DeutschlandNodes].[Kreise71Web].[FedStateKey71].&[06].&[DE71].&[06431]",2016,1,"Norovirus","[KategorieNz].[Krankheit DE].&[Norovirus-Gastroenteritis]"
37.48,"SK Darmstadt","[DeutschlandNodes].[Kreise71Web].[FedStateKey71].&[06].&[DE71].&[06411]",2016,1,"Norovirus","[KategorieNz].[Krankheit DE].&[Norovirus-Gastroenteritis]"
56.32,"LK Darmstadt-Dieburg","[DeutschlandNodes].[Kreise71Web].[FedStateKey71].&[06].&[DE71].&[06432]",2016,1,"Norovirus","[KategorieNz].[Krankheit DE].&[Norovirus-Gastroenteritis]"
103.88,"SK Frankfurt am Main","[DeutschlandNodes].[Kreise71Web].[FedStateKey71].&[06].&[DE71].&[06412]",2016,1,"Norovirus","[KategorieNz].[Krankheit DE].&[Norovirus-Gastroenteritis]"
57.61,"LK Groß-Gerau","[DeutschlandNodes].[Kreise71Web].[FedStateKey71].&[06].&[DE71].&[06433]",2016,1,"Norovirus","[KategorieNz].[Krankheit DE].&[Norovirus-Gastroenteritis]"
108.94,"LK Hochtaunuskreis","[DeutschlandNodes].[Kreise71Web].[FedStateKey71].&[06].&[DE71].&[06434]",2016,1,"Norovirus","[KategorieNz].[Krankheit DE].&[Norovirus-Gastroenteritis]"
201.82,"LK Main-Kinzig-Kreis","[DeutschlandNodes].[Kreise71Web].[FedStateKey71].&[06].&[DE71].&[06435]",2016,1,"Norovirus","[KategorieNz].[Krankheit DE].&[Norovirus-Gastroenteritis]"
68.73,"LK Main-Taunus-Kreis","[DeutschlandNodes].[Kreise71Web].[FedStateKey71].&[06].&[DE71].&[06436]",2016,1,"Norovirus","[KategorieNz].[Krankheit DE].&[Norovirus-Gastroenteritis]"
62.19,"LK Odenwaldkreis","[DeutschlandNodes].[Kreise71Web].[FedStateKey71].&[06].&[DE71].&[06437]",2016,1,"Norovirus","[KategorieNz].[Krankheit DE].&[Norovirus-Gastroenteritis]"
134.04,"SK Offenbach","[DeutschlandNodes].[Kreise71Web].[FedStateKey71].&[06].&[DE71].&[06413]",2016,1,"Norovirus","[KategorieNz].[Krankheit DE].&[Norovirus-Gastroenteritis]"
86.58,"LK Offenbach","[DeutschlandNodes].[Kreise71Web].[FedStateKey71].&[06].&[DE71].&[06438]",2016,1,"Norovirus","[KategorieNz].[Krankheit DE].&[Norovirus-Gastroenteritis]"
170.73,"LK Rheingau-Taunus-Kreis","[DeutschlandNodes].[Kreise71Web].[FedStateKey71].&[06].&[DE71].&[06439]",2016,1,"Norovirus","[KategorieNz].[Krankheit DE].&[Norovirus-Gastroenteritis]"
116.48,"LK Wetteraukreis","[DeutschlandNodes].[Kreise71Web].[FedStateKey71].&[06].&[DE71].&[06440]",2016,1,"Norovirus","[KategorieNz].[Krankheit DE].&[Norovirus-Gastroenteritis]"
170.38,"SK Wiesbaden","[DeutschlandNodes].[Kreise71Web].[FedStateKey71].&[06].&[DE71].&[06414]",2016,1,"Norovirus","[KategorieNz].[Krankheit DE].&[Norovirus-Gastroenteritis]"
134.36,"LK Gießen","[DeutschlandNodes].[Kreise71Web].[FedStateKey71].&[06].&[DE72].&[06531]",2016,1,"Norovirus","[KategorieNz].[Krankheit DE].&[Norovirus-Gastroenteritis]"
123.19,"LK Lahn-Dill-Kreis","[DeutschlandNodes].[Kreise71Web].[FedStateKey71].&[06].&[DE72].&[06532]",2016,1,"Norovirus","[KategorieNz].[Krankheit DE].&[Norovirus-Gastroenteritis]"
145.25,"LK Limburg-Weilburg","[DeutschlandNodes].[Kreise71Web].[FedStateKey71].&[06].&[DE72].&[06533]",2016,1,"Norovirus","[KategorieNz].[Krankheit DE].&[Norovirus-Gastroenteritis]"
87.34,"LK Marburg-Biedenkopf","[DeutschlandNodes].[Kreise71Web].[FedStateKey71].&[06].&[DE72].&[06534]",2016,1,"Norovirus","[KategorieNz].[Krankheit DE].&[Norovirus-Gastroenteritis]"
85.26,"LK Vogelsbergkreis","[DeutschlandNodes].[Kreise71Web].[FedStateKey71].&[06].&[DE72].&[06535]",2016,1,"Norovirus","[KategorieNz].[Krankheit DE].&[Norovirus-Gastroenteritis]"
175.43,"LK Fulda","[DeutschlandNodes].[Kreise71Web].[FedStateKey71].&[06].&[DE73].&[06631]",2016,1,"Norovirus","[KategorieNz].[Krankheit DE].&[Norovirus-Gastroenteritis]"
82.62,"LK Hersfeld-Rotenburg","[DeutschlandNodes].[Kreise71Web].[FedStateKey71].&[06].&[DE73].&[06632]",2016,1,"Norovirus","[KategorieNz].[Krankheit DE].&[Norovirus-Gastroenteritis]"
63.3,"SK Kassel","[DeutschlandNodes].[Kreise71Web].[FedStateKey71].&[06].&[DE73].&[06611]",2016,1,"Norovirus","[KategorieNz].[Krankheit DE].&[Norovirus-Gastroenteritis]"
67.54,"LK Kassel","[DeutschlandNodes].[Kreise71Web].[FedStateKey71].&[06].&[DE73].&[06633]",2016,1,"Norovirus","[KategorieNz].[Krankheit DE].&[Norovirus-Gastroenteritis]"
75.09,"LK Schwalm-Eder-Kreis","[DeutschlandNodes].[Kreise71Web].[FedStateKey71].&[06].&[DE73].&[06634]",2016,1,"Norovirus","[KategorieNz].[Krankheit DE].&[Norovirus-Gastroenteritis]"
112.05,"LK Waldeck-Frankenberg","[DeutschlandNodes].[Kreise71Web].[FedStateKey71].&[06].&[DE73].&[06635]",2016,1,"Norovirus","[KategorieNz].[Krankheit DE].&[Norovirus-Gastroenteritis]"
101.03,"LK Werra-Meißner-Kreis","[DeutschlandNodes].[Kreise71Web].[FedStateKey71].&[06].&[DE73].&[06636]",2016,1,"Norovirus","[KategorieNz].[Krankheit DE].&[Norovirus-Gastroenteritis]"
541.96,"LK Ludwigslust-Parchim","[DeutschlandNodes].[Kreise71Web].[FedStateKey71].&[13].&[DE80].&[13076]",2016,1,"Norovirus","[KategorieNz].[Krankheit DE].&[Norovirus-Gastroenteritis]"
325.8,"LK Mecklenburgische Seenplatte","[DeutschlandNodes].[Kreise71Web].[FedStateKey71].&[13].&[DE80].&[13071]",2016,1,"Norovirus","[KategorieNz].[Krankheit DE].&[Norovirus-Gastroenteritis]"
473.14,"LK Nordwestmecklenburg","[DeutschlandNodes].[Kreise71Web].[FedStateKey71].&[13].&[DE80].&[13074]",2016,1,"Norovirus","[KategorieNz].[Krankheit DE].&[Norovirus-Gastroenteritis]"
413.47,"SK Rostock","[DeutschlandNodes].[Kreise71Web].[FedStateKey71].&[13].&[DE80].&[13003]",2016,1,"Norovirus","[KategorieNz].[Krankheit DE].&[Norovirus-Gastroenteritis]"
593.14,"LK Rostock","[DeutschlandNodes].[Kreise71Web].[FedStateKey71].&[13].&[DE80].&[13072]",2016,1,"Norovirus","[KategorieNz].[Krankheit DE].&[Norovirus-Gastroenteritis]"
313.58,"SK Schwerin","[DeutschlandNodes].[Kreise71Web].[FedStateKey71].&[13].&[DE80].&[13004]",2016,1,"Norovirus","[KategorieNz].[Krankheit DE].&[Norovirus-Gastroenteritis]"
693.84,"LK Vorpommern-Greifswald","[DeutschlandNodes].[Kreise71Web].[FedStateKey71].&[13].&[DE80].&[13075]",2016,1,"Norovirus","[KategorieNz].[Krankheit DE].&[Norovirus-Gastroenteritis]"
510.73,"LK Vorpommern-Rügen","[DeutschlandNodes].[Kreise71Web].[FedStateKey71].&[13].&[DE80].&[13073]",2016,1,"Norovirus","[KategorieNz].[Krankheit DE].&[Norovirus-Gastroenteritis]"
98.53,"SK Braunschweig","[DeutschlandNodes].[Kreise71Web].[FedStateKey71].&[03].&[DE91].&[03101]",2016,1,"Norovirus","[KategorieNz].[Krankheit DE].&[Norovirus-Gastroenteritis]"
112.73,"LK Gifhorn","[DeutschlandNodes].[Kreise71Web].[FedStateKey71].&[03].&[DE91].&[03151]",2016,1,"Norovirus","[KategorieNz].[Krankheit DE].&[Norovirus-Gastroenteritis]"
202.93,"LK Goslar","[DeutschlandNodes].[Kreise71Web].[FedStateKey71].&[03].&[DE91].&[03153]",2016,1,"Norovirus","[KategorieNz].[Krankheit DE].&[Norovirus-Gastroenteritis]"
170.61,"LK Göttingen","[DeutschlandNodes].[Kreise71Web].[FedStateKey71].&[03].&[DE91].&[03159]",2016,1,"Norovirus","[KategorieNz].[Krankheit DE].&[Norovirus-Gastroenteritis]"
156.39,"LK Helmstedt","[DeutschlandNodes].[Kreise71Web].[FedStateKey71].&[03].&[DE91].&[03154]",2016,1,"Norovirus","[KategorieNz].[Krankheit DE].&[Norovirus-Gastroenteritis]"
195.34,"LK Northeim","[DeutschlandNodes].[Kreise71Web].[FedStateKey71].&[03].&[DE91].&[03155]",2016,1,"Norovirus","[KategorieNz].[Krankheit DE].&[Norovirus-Gastroenteritis]"
122.58,"LK Peine","[DeutschlandNodes].[Kreise71Web].[FedStateKey71].&[03].&[DE91].&[03157]",2016,1,"Norovirus","[KategorieNz].[Krankheit DE].&[Norovirus-Gastroenteritis]"
330.86,"SK Salzgitter","[DeutschlandNodes].[Kreise71Web].[FedStateKey71].&[03].&[DE91].&[03102]",2016,1,"Norovirus","[KategorieNz].[Krankheit DE].&[Norovirus-Gastroenteritis]"
58.72,"LK Wolfenbüttel","[DeutschlandNodes].[Kreise71Web].[FedStateKey71].&[03].&[DE91].&[03158]",2016,1,"Norovirus","[KategorieNz].[Krankheit DE].&[Norovirus-Gastroenteritis]"
92,"SK Wolfsburg","[DeutschlandNodes].[Kreise71Web].[FedStateKey71].&[03].&[DE91].&[03103]",2016,1,"Norovirus","[KategorieNz].[Krankheit DE].&[Norovirus-Gastroenteritis]"
78.57,"LK Diepholz","[DeutschlandNodes].[Kreise71Web].[FedStateKey71].&[03].&[DE92].&[03251]",2016,1,"Norovirus","[KategorieNz].[Krankheit DE].&[Norovirus-Gastroenteritis]"
111.29,"LK Hameln-Pyrmont","[DeutschlandNodes].[Kreise71Web].[FedStateKey71].&[03].&[DE92].&[03252]",2016,1,"Norovirus","[KategorieNz].[Krankheit DE].&[Norovirus-Gastroenteritis]"
72.78,"Region Hannover","[DeutschlandNodes].[Kreise71Web].[FedStateKey71].&[03].&[DE92].&[03241]",2016,1,"Norovirus","[KategorieNz].[Krankheit DE].&[Norovirus-Gastroenteritis]"
123.69,"LK Hildesheim","[DeutschlandNodes].[Kreise71Web].[FedStateKey71].&[03].&[DE92].&[03254]",2016,1,"Norovirus","[KategorieNz].[Krankheit DE].&[Norovirus-Gastroenteritis]"
156.62,"LK Holzminden","[DeutschlandNodes].[Kreise71Web].[FedStateKey71].&[03].&[DE92].&[03255]",2016,1,"Norovirus","[KategorieNz].[Krankheit DE].&[Norovirus-Gastroenteritis]"
223.86,"LK Nienburg (Weser)","[DeutschlandNodes].[Kreise71Web].[FedStateKey71].&[03].&[DE92].&[03256]",2016,1,"Norovirus","[KategorieNz].[Krankheit DE].&[Norovirus-Gastroenteritis]"
166.23,"LK Schaumburg","[DeutschlandNodes].[Kreise71Web].[FedStateKey71].&[03].&[DE92].&[03257]",2016,1,"Norovirus","[KategorieNz].[Krankheit DE].&[Norovirus-Gastroenteritis]"
103.16,"LK Celle","[DeutschlandNodes].[Kreise71Web].[FedStateKey71].&[03].&[DE93].&[03351]",2016,1,"Norovirus","[KategorieNz].[Krankheit DE].&[Norovirus-Gastroenteritis]"
184.73,"LK Cuxhaven","[DeutschlandNodes].[Kreise71Web].[FedStateKey71].&[03].&[DE93].&[03352]",2016,1,"Norovirus","[KategorieNz].[Krankheit DE].&[Norovirus-Gastroenteritis]"
120.24,"LK Harburg","[DeutschlandNodes].[Kreise71Web].[FedStateKey71].&[03].&[DE93].&[03353]",2016,1,"Norovirus","[KategorieNz].[Krankheit DE].&[Norovirus-Gastroenteritis]"
107.42,"LK Heidekreis","[DeutschlandNodes].[Kreise71Web].[FedStateKey71].&[03].&[DE93].&[03358]",2016,1,"Norovirus","[KategorieNz].[Krankheit DE].&[Norovirus-Gastroenteritis]"
124.94,"LK Lüchow-Dannenberg","[DeutschlandNodes].[Kreise71Web].[FedStateKey71].&[03].&[DE93].&[03354]",2016,1,"Norovirus","[KategorieNz].[Krankheit DE].&[Norovirus-Gastroenteritis]"
107.93,"LK Lüneburg","[DeutschlandNodes].[Kreise71Web].[FedStateKey71].&[03].&[DE93].&[03355]",2016,1,"Norovirus","[KategorieNz].[Krankheit DE].&[Norovirus-Gastroenteritis]"
110.92,"LK Osterholz","[DeutschlandNodes].[Kreise71Web].[FedStateKey71].&[03].&[DE93].&[03356]",2016,1,"Norovirus","[KategorieNz].[Krankheit DE].&[Norovirus-Gastroenteritis]"
104.67,"LK Rotenburg (Wümme)","[DeutschlandNodes].[Kreise71Web].[FedStateKey71].&[03].&[DE93].&[03357]",2016,1,"Norovirus","[KategorieNz].[Krankheit DE].&[Norovirus-Gastroenteritis]"
110.59,"LK Stade","[DeutschlandNodes].[Kreise71Web].[FedStateKey71].&[03].&[DE93].&[03359]",2016,1,"Norovirus","[KategorieNz].[Krankheit DE].&[Norovirus-Gastroenteritis]"
97.89,"LK Uelzen","[DeutschlandNodes].[Kreise71Web].[FedStateKey71].&[03].&[DE93].&[03360]",2016,1,"Norovirus","[KategorieNz].[Krankheit DE].&[Norovirus-Gastroenteritis]"
92.02,"LK Verden","[DeutschlandNodes].[Kreise71Web].[FedStateKey71].&[03].&[DE93].&[03361]",2016,1,"Norovirus","[KategorieNz].[Krankheit DE].&[Norovirus-Gastroenteritis]"
66.02,"LK Ammerland","[DeutschlandNodes].[Kreise71Web].[FedStateKey71].&[03].&[DE94].&[03451]",2016,1,"Norovirus","[KategorieNz].[Krankheit DE].&[Norovirus-Gastroenteritis]"
59.98,"LK Aurich","[DeutschlandNodes].[Kreise71Web].[FedStateKey71].&[03].&[DE94].&[03452]",2016,1,"Norovirus","[KategorieNz].[Krankheit DE].&[Norovirus-Gastroenteritis]"
107.27,"LK Cloppenburg","[DeutschlandNodes].[Kreise71Web].[FedStateKey71].&[03].&[DE94].&[03453]",2016,1,"Norovirus","[KategorieNz].[Krankheit DE].&[Norovirus-Gastroenteritis]"
57.11,"SK Delmenhorst","[DeutschlandNodes].[Kreise71Web].[FedStateKey71].&[03].&[DE94].&[03401]",2016,1,"Norovirus","[KategorieNz].[Krankheit DE].&[Norovirus-Gastroenteritis]"
314.94,"SK Emden","[DeutschlandNodes].[Kreise71Web].[FedStateKey71].&[03].&[DE94].&[03402]",2016,1,"Norovirus","[KategorieNz].[Krankheit DE].&[Norovirus-Gastroenteritis]"
111.7,"LK Emsland","[DeutschlandNodes].[Kreise71Web].[FedStateKey71].&[03].&[DE94].&[03454]",2016,1,"Norovirus","[KategorieNz].[Krankheit DE].&[Norovirus-Gastroenteritis]"
64.02,"LK Friesland","[DeutschlandNodes].[Kreise71Web].[FedStateKey71].&[03].&[DE94].&[03455]",2016,1,"Norovirus","[KategorieNz].[Krankheit DE].&[Norovirus-Gastroenteritis]"
97.96,"LK Grafschaft Bentheim","[DeutschlandNodes].[Kreise71Web].[FedStateKey71].&[03].&[DE94].&[03456]",2016,1,"Norovirus","[KategorieNz].[Krankheit DE].&[Norovirus-Gastroenteritis]"
86.77,"LK Leer","[DeutschlandNodes].[Kreise71Web].[FedStateKey71].&[03].&[DE94].&[03457]",2016,1,"Norovirus","[KategorieNz].[Krankheit DE].&[Norovirus-Gastroenteritis]"
73.62,"SK Oldenburg","[DeutschlandNodes].[Kreise71Web].[FedStateKey71].&[03].&[DE94].&[03403]",2016,1,"Norovirus","[KategorieNz].[Krankheit DE].&[Norovirus-Gastroenteritis]"
77.23,"LK Oldenburg","[DeutschlandNodes].[Kreise71Web].[FedStateKey71].&[03].&[DE94].&[03458]",2016,1,"Norovirus","[KategorieNz].[Krankheit DE].&[Norovirus-Gastroenteritis]"
43.88,"SK Osnabrück","[DeutschlandNodes].[Kreise71Web].[FedStateKey71].&[03].&[DE94].&[03404]",2016,1,"Norovirus","[KategorieNz].[Krankheit DE].&[Norovirus-Gastroenteritis]"
64.82,"LK Osnabrück","[DeutschlandNodes].[Kreise71Web].[FedStateKey71].&[03].&[DE94].&[03459]",2016,1,"Norovirus","[KategorieNz].[Krankheit DE].&[Norovirus-Gastroenteritis]"
78.04,"LK Vechta","[DeutschlandNodes].[Kreise71Web].[FedStateKey71].&[03].&[DE94].&[03460]",2016,1,"Norovirus","[KategorieNz].[Krankheit DE].&[Norovirus-Gastroenteritis]"
90.72,"LK Wesermarsch","[DeutschlandNodes].[Kreise71Web].[FedStateKey71].&[03].&[DE94].&[03461]",2016,1,"Norovirus","[KategorieNz].[Krankheit DE].&[Norovirus-Gastroenteritis]"
66.93,"SK Wilhelmshaven","[DeutschlandNodes].[Kreise71Web].[FedStateKey71].&[03].&[DE94].&[03405]",2016,1,"Norovirus","[KategorieNz].[Krankheit DE].&[Norovirus-Gastroenteritis]"
82.63,"LK Wittmund","[DeutschlandNodes].[Kreise71Web].[FedStateKey71].&[03].&[DE94].&[03462]",2016,1,"Norovirus","[KategorieNz].[Krankheit DE].&[Norovirus-Gastroenteritis]"
75.63,"SK Bochum","[DeutschlandNodes].[Kreise71Web].[FedStateKey71].&[05].&[DEA5].&[05911]",2016,1,"Norovirus","[KategorieNz].[Krankheit DE].&[Norovirus-Gastroenteritis]"
98.15,"SK Dortmund","[DeutschlandNodes].[Kreise71Web].[FedStateKey71].&[05].&[DEA5].&[05913]",2016,1,"Norovirus","[KategorieNz].[Krankheit DE].&[Norovirus-Gastroenteritis]"
152.13,"LK Ennepe-Ruhr-Kreis","[DeutschlandNodes].[Kreise71Web].[FedStateKey71].&[05].&[DEA5].&[05954]",2016,1,"Norovirus","[KategorieNz].[Krankheit DE].&[Norovirus-Gastroenteritis]"
122.17,"SK Hagen","[DeutschlandNodes].[Kreise71Web].[FedStateKey71].&[05].&[DEA5].&[05914]",2016,1,"Norovirus","[KategorieNz].[Krankheit DE].&[Norovirus-Gastroenteritis]"
157.6,"SK Hamm","[DeutschlandNodes].[Kreise71Web].[FedStateKey71].&[05].&[DEA5].&[05915]",2016,1,"Norovirus","[KategorieNz].[Krankheit DE].&[Norovirus-Gastroenteritis]"
93.13,"SK Herne","[DeutschlandNodes].[Kreise71Web].[FedStateKey71].&[05].&[DEA5].&[05916]",2016,1,"Norovirus","[KategorieNz].[Krankheit DE].&[Norovirus-Gastroenteritis]"
119.72,"LK Hochsauerlandkreis","[DeutschlandNodes].[Kreise71Web].[FedStateKey71].&[05].&[DEA5].&[05958]",2016,1,"Norovirus","[KategorieNz].[Krankheit DE].&[Norovirus-Gastroenteritis]"
103.4,"LK Märkischer Kreis","[DeutschlandNodes].[Kreise71Web].[FedStateKey71].&[05].&[DEA5].&[05962]",2016,1,"Norovirus","[KategorieNz].[Krankheit DE].&[Norovirus-Gastroenteritis]"
68.9,"LK Olpe","[DeutschlandNodes].[Kreise71Web].[FedStateKey71].&[05].&[DEA5].&[05966]",2016,1,"Norovirus","[KategorieNz].[Krankheit DE].&[Norovirus-Gastroenteritis]"
55.41,"LK Siegen-Wittgenstein","[DeutschlandNodes].[Kreise71Web].[FedStateKey71].&[05].&[DEA5].&[05970]",2016,1,"Norovirus","[KategorieNz].[Krankheit DE].&[Norovirus-Gastroenteritis]"
193.6,"LK Soest","[DeutschlandNodes].[Kreise71Web].[FedStateKey71].&[05].&[DEA5].&[05974]",2016,1,"Norovirus","[KategorieNz].[Krankheit DE].&[Norovirus-Gastroenteritis]"
147.51,"LK Unna","[DeutschlandNodes].[Kreise71Web].[FedStateKey71].&[05].&[DEA5].&[05978]",2016,1,"Norovirus","[KategorieNz].[Krankheit DE].&[Norovirus-Gastroenteritis]"
128.65,"SK Bielefeld","[DeutschlandNodes].[Kreise71Web].[FedStateKey71].&[05].&[DEA4].&[05711]",2016,1,"Norovirus","[KategorieNz].[Krankheit DE].&[Norovirus-Gastroenteritis]"
100.32,"LK Gütersloh","[DeutschlandNodes].[Kreise71Web].[FedStateKey71].&[05].&[DEA4].&[05754]",2016,1,"Norovirus","[KategorieNz].[Krankheit DE].&[Norovirus-Gastroenteritis]"
146.17,"LK Herford","[DeutschlandNodes].[Kreise71Web].[FedStateKey71].&[05].&[DEA4].&[05758]",2016,1,"Norovirus","[KategorieNz].[Krankheit DE].&[Norovirus-Gastroenteritis]"
112.79,"LK Höxter","[DeutschlandNodes].[Kreise71Web].[FedStateKey71].&[05].&[DEA4].&[05762]",2016,1,"Norovirus","[KategorieNz].[Krankheit DE].&[Norovirus-Gastroenteritis]"
126.67,"LK Lippe","[DeutschlandNodes].[Kreise71Web].[FedStateKey71].&[05].&[DEA4].&[05766]",2016,1,"Norovirus","[KategorieNz].[Krankheit DE].&[Norovirus-Gastroenteritis]"
119.92,"LK Minden-Lübbecke","[DeutschlandNodes].[Kreise71Web].[FedStateKey71].&[05].&[DEA4].&[05770]",2016,1,"Norovirus","[KategorieNz].[Krankheit DE].&[Norovirus-Gastroenteritis]"
104.52,"LK Paderborn","[DeutschlandNodes].[Kreise71Web].[FedStateKey71].&[05].&[DEA4].&[05774]",2016,1,"Norovirus","[KategorieNz].[Krankheit DE].&[Norovirus-Gastroenteritis]"
106.43,"SK Duisburg","[DeutschlandNodes].[Kreise71Web].[FedStateKey71].&[05].&[DEA1].&[05112]",2016,1,"Norovirus","[KategorieNz].[Krankheit DE].&[Norovirus-Gastroenteritis]"
79.25,"SK Düsseldorf","[DeutschlandNodes].[Kreise71Web].[FedStateKey71].&[05].&[DEA1].&[05111]",2016,1,"Norovirus","[KategorieNz].[Krankheit DE].&[Norovirus-Gastroenteritis]"
87.12,"SK Essen","[DeutschlandNodes].[Kreise71Web].[FedStateKey71].&[05].&[DEA1].&[05113]",2016,1,"Norovirus","[KategorieNz].[Krankheit DE].&[Norovirus-Gastroenteritis]"
73.15,"LK Kleve","[DeutschlandNodes].[Kreise71Web].[FedStateKey71].&[05].&[DEA1].&[05154]",2016,1,"Norovirus","[KategorieNz].[Krankheit DE].&[Norovirus-Gastroenteritis]"
93.47,"SK Krefeld","[DeutschlandNodes].[Kreise71Web].[FedStateKey71].&[05].&[DEA1].&[05114]",2016,1,"Norovirus","[KategorieNz].[Krankheit DE].&[Norovirus-Gastroenteritis]"
172.04,"LK Mettmann","[DeutschlandNodes].[Kreise71Web].[FedStateKey71].&[05].&[DEA1].&[05158]",2016,1,"Norovirus","[KategorieNz].[Krankheit DE].&[Norovirus-Gastroenteritis]"
131.07,"SK Mönchengladbach","[DeutschlandNodes].[Kreise71Web].[FedStateKey71].&[05].&[DEA1].&[05116]",2016,1,"Norovirus","[KategorieNz].[Krankheit DE].&[Norovirus-Gastroenteritis]"
67.28,"SK Mülheim a.d.Ruhr","[DeutschlandNodes].[Kreise71Web].[FedStateKey71].&[05].&[DEA1].&[05117]",2016,1,"Norovirus","[KategorieNz].[Krankheit DE].&[Norovirus-Gastroenteritis]"
135.77,"SK Oberhausen","[DeutschlandNodes].[Kreise71Web].[FedStateKey71].&[05].&[DEA1].&[05119]",2016,1,"Norovirus","[KategorieNz].[Krankheit DE].&[Norovirus-Gastroenteritis]"
120.24,"SK Remscheid","[DeutschlandNodes].[Kreise71Web].[FedStateKey71].&[05].&[DEA1].&[05120]",2016,1,"Norovirus","[KategorieNz].[Krankheit DE].&[Norovirus-Gastroenteritis]"
115.55,"LK Rhein-Kreis Neuss","[DeutschlandNodes].[Kreise71Web].[FedStateKey71].&[05].&[DEA1].&[05162]",2016,1,"Norovirus","[KategorieNz].[Krankheit DE].&[Norovirus-Gastroenteritis]"
243.54,"SK Solingen","[DeutschlandNodes].[Kreise71Web].[FedStateKey71].&[05].&[DEA1].&[05122]",2016,1,"Norovirus","[KategorieNz].[Krankheit DE].&[Norovirus-Gastroenteritis]"
116.28,"LK Viersen","[DeutschlandNodes].[Kreise71Web].[FedStateKey71].&[05].&[DEA1].&[05166]",2016,1,"Norovirus","[KategorieNz].[Krankheit DE].&[Norovirus-Gastroenteritis]"
80.57,"LK Wesel","[DeutschlandNodes].[Kreise71Web].[FedStateKey71].&[05].&[DEA1].&[05170]",2016,1,"Norovirus","[KategorieNz].[Krankheit DE].&[Norovirus-Gastroenteritis]"
124.29,"SK Wuppertal","[DeutschlandNodes].[Kreise71Web].[FedStateKey71].&[05].&[DEA1].&[05124]",2016,1,"Norovirus","[KategorieNz].[Krankheit DE].&[Norovirus-Gastroenteritis]"
115.12,"StädteRegion Aachen","[DeutschlandNodes].[Kreise71Web].[FedStateKey71].&[05].&[DEA2].&[05334]",2016,1,"Norovirus","[KategorieNz].[Krankheit DE].&[Norovirus-Gastroenteritis]"
94.68,"SK Bonn","[DeutschlandNodes].[Kreise71Web].[FedStateKey71].&[05].&[DEA2].&[05314]",2016,1,"Norovirus","[KategorieNz].[Krankheit DE].&[Norovirus-Gastroenteritis]"
161.79,"LK Düren","[DeutschlandNodes].[Kreise71Web].[FedStateKey71].&[05].&[DEA2].&[05358]",2016,1,"Norovirus","[KategorieNz].[Krankheit DE].&[Norovirus-Gastroenteritis]"
153.76,"LK Euskirchen","[DeutschlandNodes].[Kreise71Web].[FedStateKey71].&[05].&[DEA2].&[05366]",2016,1,"Norovirus","[KategorieNz].[Krankheit DE].&[Norovirus-Gastroenteritis]"
129.43,"LK Heinsberg","[DeutschlandNodes].[Kreise71Web].[FedStateKey71].&[05].&[DEA2].&[05370]",2016,1,"Norovirus","[KategorieNz].[Krankheit DE].&[Norovirus-Gastroenteritis]"
79,"SK Köln","[DeutschlandNodes].[Kreise71Web].[FedStateKey71].&[05].&[DEA2].&[05315]",2016,1,"Norovirus","[KategorieNz].[Krankheit DE].&[Norovirus-Gastroenteritis]"
81.54,"SK Leverkusen","[DeutschlandNodes].[Kreise71Web].[FedStateKey71].&[05].&[DEA2].&[05316]",2016,1,"Norovirus","[KategorieNz].[Krankheit DE].&[Norovirus-Gastroenteritis]"
210.88,"LK Oberbergischer Kreis","[DeutschlandNodes].[Kreise71Web].[FedStateKey71].&[05].&[DEA2].&[05374]",2016,1,"Norovirus","[KategorieNz].[Krankheit DE].&[Norovirus-Gastroenteritis]"
79.69,"LK Rhein-Erft-Kreis","[DeutschlandNodes].[Kreise71Web].[FedStateKey71].&[05].&[DEA2].&[05362]",2016,1,"Norovirus","[KategorieNz].[Krankheit DE].&[Norovirus-Gastroenteritis]"
45.53,"LK Rheinisch-Bergischer Kreis","[DeutschlandNodes].[Kreise71Web].[FedStateKey71].&[05].&[DEA2].&[05378]",2016,1,"Norovirus","[KategorieNz].[Krankheit DE].&[Norovirus-Gastroenteritis]"
79.28,"LK Rhein-Sieg-Kreis","[DeutschlandNodes].[Kreise71Web].[FedStateKey71].&[05].&[DEA2].&[05382]",2016,1,"Norovirus","[KategorieNz].[Krankheit DE].&[Norovirus-Gastroenteritis]"
170.09,"LK Borken","[DeutschlandNodes].[Kreise71Web].[FedStateKey71].&[05].&[DEA3].&[05554]",2016,1,"Norovirus","[KategorieNz].[Krankheit DE].&[Norovirus-Gastroenteritis]"
184.82,"SK Bottrop","[DeutschlandNodes].[Kreise71Web].[FedStateKey71].&[05].&[DEA3].&[05512]",2016,1,"Norovirus","[KategorieNz].[Krankheit DE].&[Norovirus-Gastroenteritis]"
246.55,"LK Coesfeld","[DeutschlandNodes].[Kreise71Web].[FedStateKey71].&[05].&[DEA3].&[05558]",2016,1,"Norovirus","[KategorieNz].[Krankheit DE].&[Norovirus-Gastroenteritis]"
63.99,"SK Gelsenkirchen","[DeutschlandNodes].[Kreise71Web].[FedStateKey71].&[05].&[DEA3].&[05513]",2016,1,"Norovirus","[KategorieNz].[Krankheit DE].&[Norovirus-Gastroenteritis]"
235.05,"SK Münster","[DeutschlandNodes].[Kreise71Web].[FedStateKey71].&[05].&[DEA3].&[05515]",2016,1,"Norovirus","[KategorieNz].[Krankheit DE].&[Norovirus-Gastroenteritis]"
124.11,"LK Recklinghausen","[DeutschlandNodes].[Kreise71Web].[FedStateKey71].&[05].&[DEA3].&[05562]",2016,1,"Norovirus","[KategorieNz].[Krankheit DE].&[Norovirus-Gastroenteritis]"
104.86,"LK Steinfurt","[DeutschlandNodes].[Kreise71Web].[FedStateKey71].&[05].&[DEA3].&[05566]",2016,1,"Norovirus","[KategorieNz].[Krankheit DE].&[Norovirus-Gastroenteritis]"
171.74,"LK Warendorf","[DeutschlandNodes].[Kreise71Web].[FedStateKey71].&[05].&[DEA3].&[05570]",2016,1,"Norovirus","[KategorieNz].[Krankheit DE].&[Norovirus-Gastroenteritis]"
117.55,"LK Ahrweiler","[DeutschlandNodes].[Kreise71Web].[FedStateKey71].&[07].&[DEB1].&[07131]",2016,1,"Norovirus","[KategorieNz].[Krankheit DE].&[Norovirus-Gastroenteritis]"
178.35,"LK Altenkirchen","[DeutschlandNodes].[Kreise71Web].[FedStateKey71].&[07].&[DEB1].&[07132]",2016,1,"Norovirus","[KategorieNz].[Krankheit DE].&[Norovirus-Gastroenteritis]"
107.38,"LK Bad Kreuznach","[DeutschlandNodes].[Kreise71Web].[FedStateKey71].&[07].&[DEB1].&[07133]",2016,1,"Norovirus","[KategorieNz].[Krankheit DE].&[Norovirus-Gastroenteritis]"
221.54,"LK Birkenfeld","[DeutschlandNodes].[Kreise71Web].[FedStateKey71].&[07].&[DEB1].&[07134]",2016,1,"Norovirus","[KategorieNz].[Krankheit DE].&[Norovirus-Gastroenteritis]"
494.63,"LK Cochem-Zell","[DeutschlandNodes].[Kreise71Web].[FedStateKey71].&[07].&[DEB1].&[07135]",2016,1,"Norovirus","[KategorieNz].[Krankheit DE].&[Norovirus-Gastroenteritis]"
128.52,"SK Koblenz","[DeutschlandNodes].[Kreise71Web].[FedStateKey71].&[07].&[DEB1].&[07111]",2016,1,"Norovirus","[KategorieNz].[Krankheit DE].&[Norovirus-Gastroenteritis]"
291.59,"LK Mayen-Koblenz","[DeutschlandNodes].[Kreise71Web].[FedStateKey71].&[07].&[DEB1].&[07137]",2016,1,"Norovirus","[KategorieNz].[Krankheit DE].&[Norovirus-Gastroenteritis]"
102.46,"LK Neuwied","[DeutschlandNodes].[Kreise71Web].[FedStateKey71].&[07].&[DEB1].&[07138]",2016,1,"Norovirus","[KategorieNz].[Krankheit DE].&[Norovirus-Gastroenteritis]"
222.27,"LK Rhein-Hunsrück-Kreis","[DeutschlandNodes].[Kreise71Web].[FedStateKey71].&[07].&[DEB1].&[07140]",2016,1,"Norovirus","[KategorieNz].[Krankheit DE].&[Norovirus-Gastroenteritis]"
111.79,"LK Rhein-Lahn-Kreis","[DeutschlandNodes].[Kreise71Web].[FedStateKey71].&[07].&[DEB1].&[07141]",2016,1,"Norovirus","[KategorieNz].[Krankheit DE].&[Norovirus-Gastroenteritis]"
166.15,"LK Westerwaldkreis","[DeutschlandNodes].[Kreise71Web].[FedStateKey71].&[07].&[DEB1].&[07143]",2016,1,"Norovirus","[KategorieNz].[Krankheit DE].&[Norovirus-Gastroenteritis]"
118.57,"LK Alzey-Worms","[DeutschlandNodes].[Kreise71Web].[FedStateKey71].&[07].&[DEB3].&[07331]",2016,1,"Norovirus","[KategorieNz].[Krankheit DE].&[Norovirus-Gastroenteritis]"
144.4,"LK Bad Dürkheim","[DeutschlandNodes].[Kreise71Web].[FedStateKey71].&[07].&[DEB3].&[07332]",2016,1,"Norovirus","[KategorieNz].[Krankheit DE].&[Norovirus-Gastroenteritis]"
152.92,"LK Donnersbergkreis","[DeutschlandNodes].[Kreise71Web].[FedStateKey71].&[07].&[DEB3].&[07333]",2016,1,"Norovirus","[KategorieNz].[Krankheit DE].&[Norovirus-Gastroenteritis]"
163.07,"SK Frankenthal","[DeutschlandNodes].[Kreise71Web].[FedStateKey71].&[07].&[DEB3].&[07311]",2016,1,"Norovirus","[KategorieNz].[Krankheit DE].&[Norovirus-Gastroenteritis]"
138.06,"LK Germersheim","[DeutschlandNodes].[Kreise71Web].[FedStateKey71].&[07].&[DEB3].&[07334]",2016,1,"Norovirus","[KategorieNz].[Krankheit DE].&[Norovirus-Gastroenteritis]"
155.08,"SK Kaiserslautern","[DeutschlandNodes].[Kreise71Web].[FedStateKey71].&[07].&[DEB3].&[07312]",2016,1,"Norovirus","[KategorieNz].[Krankheit DE].&[Norovirus-Gastroenteritis]"
159.24,"LK Kaiserslautern","[DeutschlandNodes].[Kreise71Web].[FedStateKey71].&[07].&[DEB3].&[07335]",2016,1,"Norovirus","[KategorieNz].[Krankheit DE].&[Norovirus-Gastroenteritis]"
100.14,"LK Kusel","[DeutschlandNodes].[Kreise71Web].[FedStateKey71].&[07].&[DEB3].&[07336]",2016,1,"Norovirus","[KategorieNz].[Krankheit DE].&[Norovirus-Gastroenteritis]"
249.97,"SK Landau i.d.Pfalz","[DeutschlandNodes].[Kreise71Web].[FedStateKey71].&[07].&[DEB3].&[07313]",2016,1,"Norovirus","[KategorieNz].[Krankheit DE].&[Norovirus-Gastroenteritis]"
206.46,"SK Ludwigshafen","[DeutschlandNodes].[Kreise71Web].[FedStateKey71].&[07].&[DEB3].&[07314]",2016,1,"Norovirus","[KategorieNz].[Krankheit DE].&[Norovirus-Gastroenteritis]"
29.04,"SK Mainz","[DeutschlandNodes].[Kreise71Web].[FedStateKey71].&[07].&[DEB3].&[07315]",2016,1,"Norovirus","[KategorieNz].[Krankheit DE].&[Norovirus-Gastroenteritis]"
81.27,"LK Mainz-Bingen","[DeutschlandNodes].[Kreise71Web].[FedStateKey71].&[07].&[DEB3].&[07339]",2016,1,"Norovirus","[KategorieNz].[Krankheit DE].&[Norovirus-Gastroenteritis]"
127.8,"SK Neustadt a.d.Weinstraße","[DeutschlandNodes].[Kreise71Web].[FedStateKey71].&[07].&[DEB3].&[07316]",2016,1,"Norovirus","[KategorieNz].[Krankheit DE].&[Norovirus-Gastroenteritis]"
197.94,"SK Pirmasens","[DeutschlandNodes].[Kreise71Web].[FedStateKey71].&[07].&[DEB3].&[07317]",2016,1,"Norovirus","[KategorieNz].[Krankheit DE].&[Norovirus-Gastroenteritis]"
131.99,"LK Rhein-Pfalz-Kreis","[DeutschlandNodes].[Kreise71Web].[FedStateKey71].&[07].&[DEB3].&[07338]",2016,1,"Norovirus","[KategorieNz].[Krankheit DE].&[Norovirus-Gastroenteritis]"
85.06,"SK Speyer","[DeutschlandNodes].[Kreise71Web].[FedStateKey71].&[07].&[DEB3].&[07318]",2016,1,"Norovirus","[KategorieNz].[Krankheit DE].&[Norovirus-Gastroenteritis]"
217.34,"LK Südliche Weinstraße","[DeutschlandNodes].[Kreise71Web].[FedStateKey71].&[07].&[DEB3].&[07337]",2016,1,"Norovirus","[KategorieNz].[Krankheit DE].&[Norovirus-Gastroenteritis]"
209.47,"LK Südwestpfalz","[DeutschlandNodes].[Kreise71Web].[FedStateKey71].&[07].&[DEB3].&[07340]",2016,1,"Norovirus","[KategorieNz].[Krankheit DE].&[Norovirus-Gastroenteritis]"
157.39,"SK Worms","[DeutschlandNodes].[Kreise71Web].[FedStateKey71].&[07].&[DEB3].&[07319]",2016,1,"Norovirus","[KategorieNz].[Krankheit DE].&[Norovirus-Gastroenteritis]"
142.33,"SK Zweibrücken","[DeutschlandNodes].[Kreise71Web].[FedStateKey71].&[07].&[DEB3].&[07320]",2016,1,"Norovirus","[KategorieNz].[Krankheit DE].&[Norovirus-Gastroenteritis]"
128.56,"LK Bernkastel-Wittlich","[DeutschlandNodes].[Kreise71Web].[FedStateKey71].&[07].&[DEB2].&[07231]",2016,1,"Norovirus","[KategorieNz].[Krankheit DE].&[Norovirus-Gastroenteritis]"
416.24,"LK Bitburg-Prüm","[DeutschlandNodes].[Kreise71Web].[FedStateKey71].&[07].&[DEB2].&[07232]",2016,1,"Norovirus","[KategorieNz].[Krankheit DE].&[Norovirus-Gastroenteritis]"
65.39,"SK Trier","[DeutschlandNodes].[Kreise71Web].[FedStateKey71].&[07].&[DEB2].&[07211]",2016,1,"Norovirus","[KategorieNz].[Krankheit DE].&[Norovirus-Gastroenteritis]"
38.56,"LK Trier-Saarburg","[DeutschlandNodes].[Kreise71Web].[FedStateKey71].&[07].&[DEB2].&[07235]",2016,1,"Norovirus","[KategorieNz].[Krankheit DE].&[Norovirus-Gastroenteritis]"
113.57,"LK Vulkaneifel","[DeutschlandNodes].[Kreise71Web].[FedStateKey71].&[07].&[DEB2].&[07233]",2016,1,"Norovirus","[KategorieNz].[Krankheit DE].&[Norovirus-Gastroenteritis]"
313.74,"LK Merzig-Wadern","[DeutschlandNodes].[Kreise71Web].[FedStateKey71].&[10].&[DEC0].&[10042]",2016,1,"Norovirus","[KategorieNz].[Krankheit DE].&[Norovirus-Gastroenteritis]"
111.95,"LK Neunkirchen","[DeutschlandNodes].[Kreise71Web].[FedStateKey71].&[10].&[DEC0].&[10043]",2016,1,"Norovirus","[KategorieNz].[Krankheit DE].&[Norovirus-Gastroenteritis]"
140.38,"LK Saarlouis","[DeutschlandNodes].[Kreise71Web].[FedStateKey71].&[10].&[DEC0].&[10044]",2016,1,"Norovirus","[KategorieNz].[Krankheit DE].&[Norovirus-Gastroenteritis]"
149.9,"LK Saarpfalz-Kreis","[DeutschlandNodes].[Kreise71Web].[FedStateKey71].&[10].&[DEC0].&[10045]",2016,1,"Norovirus","[KategorieNz].[Krankheit DE].&[Norovirus-Gastroenteritis]"
198.97,"LK Sankt Wendel","[DeutschlandNodes].[Kreise71Web].[FedStateKey71].&[10].&[DEC0].&[10046]",2016,1,"Norovirus","[KategorieNz].[Krankheit DE].&[Norovirus-Gastroenteritis]"
152.31,"LK Stadtverband Saarbrücken","[DeutschlandNodes].[Kreise71Web].[FedStateKey71].&[10].&[DEC0].&[10041]",2016,1,"Norovirus","[KategorieNz].[Krankheit DE].&[Norovirus-Gastroenteritis]"
186.32,"SK Chemnitz","[DeutschlandNodes].[Kreise71Web].[FedStateKey71].&[14].&[DED4].&[14511]",2016,1,"Norovirus","[KategorieNz].[Krankheit DE].&[Norovirus-Gastroenteritis]"
294.65,"LK Erzgebirgskreis","[DeutschlandNodes].[Kreise71Web].[FedStateKey71].&[14].&[DED4].&[14521]",2016,1,"Norovirus","[KategorieNz].[Krankheit DE].&[Norovirus-Gastroenteritis]"
285.66,"LK Mittelsachsen","[DeutschlandNodes].[Kreise71Web].[FedStateKey71].&[14].&[DED4].&[14522]",2016,1,"Norovirus","[KategorieNz].[Krankheit DE].&[Norovirus-Gastroenteritis]"
222.03,"LK Vogtlandkreis","[DeutschlandNodes].[Kreise71Web].[FedStateKey71].&[14].&[DED4].&[14523]",2016,1,"Norovirus","[KategorieNz].[Krankheit DE].&[Norovirus-Gastroenteritis]"
261.41,"LK Zwickau","[DeutschlandNodes].[Kreise71Web].[FedStateKey71].&[14].&[DED4].&[14524]",2016,1,"Norovirus","[KategorieNz].[Krankheit DE].&[Norovirus-Gastroenteritis]"
224.16,"LK Bautzen","[DeutschlandNodes].[Kreise71Web].[FedStateKey71].&[14].&[DED2].&[14625]",2016,1,"Norovirus","[KategorieNz].[Krankheit DE].&[Norovirus-Gastroenteritis]"
146.75,"SK Dresden","[DeutschlandNodes].[Kreise71Web].[FedStateKey71].&[14].&[DED2].&[14612]",2016,1,"Norovirus","[KategorieNz].[Krankheit DE].&[Norovirus-Gastroenteritis]"
301.16,"LK Görlitz","[DeutschlandNodes].[Kreise71Web].[FedStateKey71].&[14].&[DED2].&[14626]",2016,1,"Norovirus","[KategorieNz].[Krankheit DE].&[Norovirus-Gastroenteritis]"
239.04,"LK Meißen","[DeutschlandNodes].[Kreise71Web].[FedStateKey71].&[14].&[DED2].&[14627]",2016,1,"Norovirus","[KategorieNz].[Krankheit DE].&[Norovirus-Gastroenteritis]"
288.54,"LK Sächsische Schweiz-Osterzgebirge","[DeutschlandNodes].[Kreise71Web].[FedStateKey71].&[14].&[DED2].&[14628]",2016,1,"Norovirus","[KategorieNz].[Krankheit DE].&[Norovirus-Gastroenteritis]"
152.34,"SK Leipzig","[DeutschlandNodes].[Kreise71Web].[FedStateKey71].&[14].&[DED5].&[14713]",2016,1,"Norovirus","[KategorieNz].[Krankheit DE].&[Norovirus-Gastroenteritis]"
210.97,"LK Leipzig","[DeutschlandNodes].[Kreise71Web].[FedStateKey71].&[14].&[DED5].&[14729]",2016,1,"Norovirus","[KategorieNz].[Krankheit DE].&[Norovirus-Gastroenteritis]"
298.39,"LK Nordsachsen","[DeutschlandNodes].[Kreise71Web].[FedStateKey71].&[14].&[DED5].&[14730]",2016,1,"Norovirus","[KategorieNz].[Krankheit DE].&[Norovirus-Gastroenteritis]"
242.86,"LK Altmarkkreis Salzwedel","[DeutschlandNodes].[Kreise71Web].[FedStateKey71].&[15].&[DEE0].&[15081]",2016,1,"Norovirus","[KategorieNz].[Krankheit DE].&[Norovirus-Gastroenteritis]"
424.89,"LK Anhalt-Bitterfeld","[DeutschlandNodes].[Kreise71Web].[FedStateKey71].&[15].&[DEE0].&[15082]",2016,1,"Norovirus","[KategorieNz].[Krankheit DE].&[Norovirus-Gastroenteritis]"
554.47,"LK Börde","[DeutschlandNodes].[Kreise71Web].[FedStateKey71].&[15].&[DEE0].&[15083]",2016,1,"Norovirus","[KategorieNz].[Krankheit DE].&[Norovirus-Gastroenteritis]"
411.08,"LK Burgenlandkreis","[DeutschlandNodes].[Kreise71Web].[FedStateKey71].&[15].&[DEE0].&[15084]",2016,1,"Norovirus","[KategorieNz].[Krankheit DE].&[Norovirus-Gastroenteritis]"
659.35,"SK Dessau-Roßlau","[DeutschlandNodes].[Kreise71Web].[FedStateKey71].&[15].&[DEE0].&[15001]",2016,1,"Norovirus","[KategorieNz].[Krankheit DE].&[Norovirus-Gastroenteritis]"
426.88,"SK Halle","[DeutschlandNodes].[Kreise71Web].[FedStateKey71].&[15].&[DEE0].&[15002]",2016,1,"Norovirus","[KategorieNz].[Krankheit DE].&[Norovirus-Gastroenteritis]"
248.59,"LK Harz","[DeutschlandNodes].[Kreise71Web].[FedStateKey71].&[15].&[DEE0].&[15085]",2016,1,"Norovirus","[KategorieNz].[Krankheit DE].&[Norovirus-Gastroenteritis]"
622.91,"LK Jerichower Land","[DeutschlandNodes].[Kreise71Web].[FedStateKey71].&[15].&[DEE0].&[15086]",2016,1,"Norovirus","[KategorieNz].[Krankheit DE].&[Norovirus-Gastroenteritis]"
401.45,"SK Magdeburg","[DeutschlandNodes].[Kreise71Web].[FedStateKey71].&[15].&[DEE0].&[15003]",2016,1,"Norovirus","[KategorieNz].[Krankheit DE].&[Norovirus-Gastroenteritis]"
615.96,"LK Mansfeld-Südharz","[DeutschlandNodes].[Kreise71Web].[FedStateKey71].&[15].&[DEE0].&[15087]",2016,1,"Norovirus","[KategorieNz].[Krankheit DE].&[Norovirus-Gastroenteritis]"
310.3,"LK Saalekreis","[DeutschlandNodes].[Kreise71Web].[FedStateKey71].&[15].&[DEE0].&[15088]",2016,1,"Norovirus","[KategorieNz].[Krankheit DE].&[Norovirus-Gastroenteritis]"
262.11,"LK Salzlandkreis","[DeutschlandNodes].[Kreise71Web].[FedStateKey71].&[15].&[DEE0].&[15089]",2016,1,"Norovirus","[KategorieNz].[Krankheit DE].&[Norovirus-Gastroenteritis]"
502.65,"LK Stendal","[DeutschlandNodes].[Kreise71Web].[FedStateKey71].&[15].&[DEE0].&[15090]",2016,1,"Norovirus","[KategorieNz].[Krankheit DE].&[Norovirus-Gastroenteritis]"
384.47,"LK Wittenberg","[DeutschlandNodes].[Kreise71Web].[FedStateKey71].&[15].&[DEE0].&[15091]",2016,1,"Norovirus","[KategorieNz].[Krankheit DE].&[Norovirus-Gastroenteritis]"
51.66,"LK Dithmarschen","[DeutschlandNodes].[Kreise71Web].[FedStateKey71].&[01].&[DEF0].&[01051]",2016,1,"Norovirus","[KategorieNz].[Krankheit DE].&[Norovirus-Gastroenteritis]"
75.49,"SK Flensburg","[DeutschlandNodes].[Kreise71Web].[FedStateKey71].&[01].&[DEF0].&[01001]",2016,1,"Norovirus","[KategorieNz].[Krankheit DE].&[Norovirus-Gastroenteritis]"
462.41,"LK Herzogtum Lauenburg","[DeutschlandNodes].[Kreise71Web].[FedStateKey71].&[01].&[DEF0].&[01053]",2016,1,"Norovirus","[KategorieNz].[Krankheit DE].&[Norovirus-Gastroenteritis]"
190.75,"SK Kiel","[DeutschlandNodes].[Kreise71Web].[FedStateKey71].&[01].&[DEF0].&[01002]",2016,1,"Norovirus","[KategorieNz].[Krankheit DE].&[Norovirus-Gastroenteritis]"
347.47,"SK Lübeck","[DeutschlandNodes].[Kreise71Web].[FedStateKey71].&[01].&[DEF0].&[01003]",2016,1,"Norovirus","[KategorieNz].[Krankheit DE].&[Norovirus-Gastroenteritis]"
518.32,"SK Neumünster","[DeutschlandNodes].[Kreise71Web].[FedStateKey71].&[01].&[DEF0].&[01004]",2016,1,"Norovirus","[KategorieNz].[Krankheit DE].&[Norovirus-Gastroenteritis]"
635.44,"LK Nordfriesland","[DeutschlandNodes].[Kreise71Web].[FedStateKey71].&[01].&[DEF0].&[01054]",2016,1,"Norovirus","[KategorieNz].[Krankheit DE].&[Norovirus-Gastroenteritis]"
128.48,"LK Ostholstein","[DeutschlandNodes].[Kreise71Web].[FedStateKey71].&[01].&[DEF0].&[01055]",2016,1,"Norovirus","[KategorieNz].[Krankheit DE].&[Norovirus-Gastroenteritis]"
110.41,"LK Pinneberg","[DeutschlandNodes].[Kreise71Web].[FedStateKey71].&[01].&[DEF0].&[01056]",2016,1,"Norovirus","[KategorieNz].[Krankheit DE].&[Norovirus-Gastroenteritis]"
156.95,"LK Plön","[DeutschlandNodes].[Kreise71Web].[FedStateKey71].&[01].&[DEF0].&[01057]",2016,1,"Norovirus","[KategorieNz].[Krankheit DE].&[Norovirus-Gastroenteritis]"
93.27,"LK Rendsburg-Eckernförde","[DeutschlandNodes].[Kreise71Web].[FedStateKey71].&[01].&[DEF0].&[01058]",2016,1,"Norovirus","[KategorieNz].[Krankheit DE].&[Norovirus-Gastroenteritis]"
174.65,"LK Schleswig-Flensburg","[DeutschlandNodes].[Kreise71Web].[FedStateKey71].&[01].&[DEF0].&[01059]",2016,1,"Norovirus","[KategorieNz].[Krankheit DE].&[Norovirus-Gastroenteritis]"
134.44,"LK Segeberg","[DeutschlandNodes].[Kreise71Web].[FedStateKey71].&[01].&[DEF0].&[01060]",2016,1,"Norovirus","[KategorieNz].[Krankheit DE].&[Norovirus-Gastroenteritis]"
773.46,"LK Steinburg","[DeutschlandNodes].[Kreise71Web].[FedStateKey71].&[01].&[DEF0].&[01061]",2016,1,"Norovirus","[KategorieNz].[Krankheit DE].&[Norovirus-Gastroenteritis]"
100.08,"LK Stormarn","[DeutschlandNodes].[Kreise71Web].[FedStateKey71].&[01].&[DEF0].&[01062]",2016,1,"Norovirus","[KategorieNz].[Krankheit DE].&[Norovirus-Gastroenteritis]"
453.02,"LK Altenburger Land","[DeutschlandNodes].[Kreise71Web].[FedStateKey71].&[16].&[DEG0].&[16077]",2016,1,"Norovirus","[KategorieNz].[Krankheit DE].&[Norovirus-Gastroenteritis]"
647.31,"LK Eichsfeld","[DeutschlandNodes].[Kreise71Web].[FedStateKey71].&[16].&[DEG0].&[16061]",2016,1,"Norovirus","[KategorieNz].[Krankheit DE].&[Norovirus-Gastroenteritis]"
218.84,"SK Erfurt","[DeutschlandNodes].[Kreise71Web].[FedStateKey71].&[16].&[DEG0].&[16051]",2016,1,"Norovirus","[KategorieNz].[Krankheit DE].&[Norovirus-Gastroenteritis]"
429.55,"SK Gera","[DeutschlandNodes].[Kreise71Web].[FedStateKey71].&[16].&[DEG0].&[16052]",2016,1,"Norovirus","[KategorieNz].[Krankheit DE].&[Norovirus-Gastroenteritis]"
268.77,"LK Gotha","[DeutschlandNodes].[Kreise71Web].[FedStateKey71].&[16].&[DEG0].&[16067]",2016,1,"Norovirus","[KategorieNz].[Krankheit DE].&[Norovirus-Gastroenteritis]"
942.67,"LK Greiz","[DeutschlandNodes].[Kreise71Web].[FedStateKey71].&[16].&[DEG0].&[16076]",2016,1,"Norovirus","[KategorieNz].[Krankheit DE].&[Norovirus-Gastroenteritis]"
307.79,"LK Hildburghausen","[DeutschlandNodes].[Kreise71Web].[FedStateKey71].&[16].&[DEG0].&[16069]",2016,1,"Norovirus","[KategorieNz].[Krankheit DE].&[Norovirus-Gastroenteritis]"
549.62,"LK Ilm-Kreis","[DeutschlandNodes].[Kreise71Web].[FedStateKey71].&[16].&[DEG0].&[16070]",2016,1,"Norovirus","[KategorieNz].[Krankheit DE].&[Norovirus-Gastroenteritis]"
548.4,"SK Jena","[DeutschlandNodes].[Kreise71Web].[FedStateKey71].&[16].&[DEG0].&[16053]",2016,1,"Norovirus","[KategorieNz].[Krankheit DE].&[Norovirus-Gastroenteritis]"
537.26,"LK Kyffhäuserkreis","[DeutschlandNodes].[Kreise71Web].[FedStateKey71].&[16].&[DEG0].&[16065]",2016,1,"Norovirus","[KategorieNz].[Krankheit DE].&[Norovirus-Gastroenteritis]"
398.36,"LK Nordhausen","[DeutschlandNodes].[Kreise71Web].[FedStateKey71].&[16].&[DEG0].&[16062]",2016,1,"Norovirus","[KategorieNz].[Krankheit DE].&[Norovirus-Gastroenteritis]"
643.6,"LK Saale-Holzland-Kreis","[DeutschlandNodes].[Kreise71Web].[FedStateKey71].&[16].&[DEG0].&[16074]",2016,1,"Norovirus","[KategorieNz].[Krankheit DE].&[Norovirus-Gastroenteritis]"
457.74,"LK Saale-Orla-Kreis","[DeutschlandNodes].[Kreise71Web].[FedStateKey71].&[16].&[DEG0].&[16075]",2016,1,"Norovirus","[KategorieNz].[Krankheit DE].&[Norovirus-Gastroenteritis]"
506.86,"LK Saalfeld-Rudolstadt","[DeutschlandNodes].[Kreise71Web].[FedStateKey71].&[16].&[DEG0].&[16073]",2016,1,"Norovirus","[KategorieNz].[Krankheit DE].&[Norovirus-Gastroenteritis]"
446.13,"LK Schmalkalden-Meiningen","[DeutschlandNodes].[Kreise71Web].[FedStateKey71].&[16].&[DEG0].&[16066]",2016,1,"Norovirus","[KategorieNz].[Krankheit DE].&[Norovirus-Gastroenteritis]"
507.72,"LK Sömmerda","[DeutschlandNodes].[Kreise71Web].[FedStateKey71].&[16].&[DEG0].&[16068]",2016,1,"Norovirus","[KategorieNz].[Krankheit DE].&[Norovirus-Gastroenteritis]"
631.78,"LK Sonneberg","[DeutschlandNodes].[Kreise71Web].[FedStateKey71].&[16].&[DEG0].&[16072]",2016,1,"Norovirus","[KategorieNz].[Krankheit DE].&[Norovirus-Gastroenteritis]"
393.17,"SK Suhl","[DeutschlandNodes].[Kreise71Web].[FedStateKey71].&[16].&[DEG0].&[16054]",2016,1,"Norovirus","[KategorieNz].[Krankheit DE].&[Norovirus-Gastroenteritis]"
673.41,"LK Unstrut-Hainich-Kreis","[DeutschlandNodes].[Kreise71Web].[FedStateKey71].&[16].&[DEG0].&[16064]",2016,1,"Norovirus","[KategorieNz].[Krankheit DE].&[Norovirus-Gastroenteritis]"
403.43,"LK Wartburgkreis","[DeutschlandNodes].[Kreise71Web].[FedStateKey71].&[16].&[DEG0].&[16063]",2016,1,"Norovirus","[KategorieNz].[Krankheit DE].&[Norovirus-Gastroenteritis]"
351.18,"SK Weimar","[DeutschlandNodes].[Kreise71Web].[FedStateKey71].&[16].&[DEG0].&[16055]",2016,1,"Norovirus","[KategorieNz].[Krankheit DE].&[Norovirus-Gastroenteritis]"
529.67,"LK Weimarer Land","[DeutschlandNodes].[Kreise71Web].[FedStateKey71].&[16].&[DEG0].&[16071]",2016,1,"Norovirus","[KategorieNz].[Krankheit DE].&[Norovirus-Gastroenteritis]"
NA,"Unbekannt","[DeutschlandNodes].[Kreise71Web].[FedStateKey71].&[-1].&[????].&[?????]",2016,1,"Norovirus","[KategorieNz].[Krankheit DE].&[Norovirus-Gastroenteritis]"
66.69,"LK Breisgau-Hochschwarzwald","[DeutschlandNodes].[Kreise71Web].[FedStateKey71].&[08].&[DE13].&[08315]",2017,1,"Norovirus","[KategorieNz].[Krankheit DE].&[Norovirus-Gastroenteritis]"
123.25,"LK Emmendingen","[DeutschlandNodes].[Kreise71Web].[FedStateKey71].&[08].&[DE13].&[08316]",2017,1,"Norovirus","[KategorieNz].[Krankheit DE].&[Norovirus-Gastroenteritis]"
63.58,"SK Freiburg i.Breisgau","[DeutschlandNodes].[Kreise71Web].[FedStateKey71].&[08].&[DE13].&[08311]",2017,1,"Norovirus","[KategorieNz].[Krankheit DE].&[Norovirus-Gastroenteritis]"
60.56,"LK Konstanz","[DeutschlandNodes].[Kreise71Web].[FedStateKey71].&[08].&[DE13].&[08335]",2017,1,"Norovirus","[KategorieNz].[Krankheit DE].&[Norovirus-Gastroenteritis]"
69.2,"LK Lörrach","[DeutschlandNodes].[Kreise71Web].[FedStateKey71].&[08].&[DE13].&[08336]",2017,1,"Norovirus","[KategorieNz].[Krankheit DE].&[Norovirus-Gastroenteritis]"
124.2,"LK Ortenaukreis","[DeutschlandNodes].[Kreise71Web].[FedStateKey71].&[08].&[DE13].&[08317]",2017,1,"Norovirus","[KategorieNz].[Krankheit DE].&[Norovirus-Gastroenteritis]"
118.83,"LK Rottweil","[DeutschlandNodes].[Kreise71Web].[FedStateKey71].&[08].&[DE13].&[08325]",2017,1,"Norovirus","[KategorieNz].[Krankheit DE].&[Norovirus-Gastroenteritis]"
150.09,"LK Schwarzwald-Baar-Kreis","[DeutschlandNodes].[Kreise71Web].[FedStateKey71].&[08].&[DE13].&[08326]",2017,1,"Norovirus","[KategorieNz].[Krankheit DE].&[Norovirus-Gastroenteritis]"
59.54,"LK Tuttlingen","[DeutschlandNodes].[Kreise71Web].[FedStateKey71].&[08].&[DE13].&[08327]",2017,1,"Norovirus","[KategorieNz].[Krankheit DE].&[Norovirus-Gastroenteritis]"
81.67,"LK Waldshut","[DeutschlandNodes].[Kreise71Web].[FedStateKey71].&[08].&[DE13].&[08337]",2017,1,"Norovirus","[KategorieNz].[Krankheit DE].&[Norovirus-Gastroenteritis]"
107.83,"SK Baden-Baden","[DeutschlandNodes].[Kreise71Web].[FedStateKey71].&[08].&[DE12].&[08211]",2017,1,"Norovirus","[KategorieNz].[Krankheit DE].&[Norovirus-Gastroenteritis]"
153.09,"LK Calw","[DeutschlandNodes].[Kreise71Web].[FedStateKey71].&[08].&[DE12].&[08235]",2017,1,"Norovirus","[KategorieNz].[Krankheit DE].&[Norovirus-Gastroenteritis]"
70.07,"LK Enzkreis","[DeutschlandNodes].[Kreise71Web].[FedStateKey71].&[08].&[DE12].&[08236]",2017,1,"Norovirus","[KategorieNz].[Krankheit DE].&[Norovirus-Gastroenteritis]"
117.49,"LK Freudenstadt","[DeutschlandNodes].[Kreise71Web].[FedStateKey71].&[08].&[DE12].&[08237]",2017,1,"Norovirus","[KategorieNz].[Krankheit DE].&[Norovirus-Gastroenteritis]"
56.04,"SK Heidelberg","[DeutschlandNodes].[Kreise71Web].[FedStateKey71].&[08].&[DE12].&[08221]",2017,1,"Norovirus","[KategorieNz].[Krankheit DE].&[Norovirus-Gastroenteritis]"
68.29,"SK Karlsruhe","[DeutschlandNodes].[Kreise71Web].[FedStateKey71].&[08].&[DE12].&[08212]",2017,1,"Norovirus","[KategorieNz].[Krankheit DE].&[Norovirus-Gastroenteritis]"
67.54,"LK Karlsruhe","[DeutschlandNodes].[Kreise71Web].[FedStateKey71].&[08].&[DE12].&[08215]",2017,1,"Norovirus","[KategorieNz].[Krankheit DE].&[Norovirus-Gastroenteritis]"
166.56,"SK Mannheim","[DeutschlandNodes].[Kreise71Web].[FedStateKey71].&[08].&[DE12].&[08222]",2017,1,"Norovirus","[KategorieNz].[Krankheit DE].&[Norovirus-Gastroenteritis]"
99.74,"LK Neckar-Odenwald-Kreis","[DeutschlandNodes].[Kreise71Web].[FedStateKey71].&[08].&[DE12].&[08225]",2017,1,"Norovirus","[KategorieNz].[Krankheit DE].&[Norovirus-Gastroenteritis]"
42.64,"SK Pforzheim","[DeutschlandNodes].[Kreise71Web].[FedStateKey71].&[08].&[DE12].&[08231]",2017,1,"Norovirus","[KategorieNz].[Krankheit DE].&[Norovirus-Gastroenteritis]"
124.23,"LK Rastatt","[DeutschlandNodes].[Kreise71Web].[FedStateKey71].&[08].&[DE12].&[08216]",2017,1,"Norovirus","[KategorieNz].[Krankheit DE].&[Norovirus-Gastroenteritis]"
74.81,"LK Rhein-Neckar-Kreis","[DeutschlandNodes].[Kreise71Web].[FedStateKey71].&[08].&[DE12].&[08226]",2017,1,"Norovirus","[KategorieNz].[Krankheit DE].&[Norovirus-Gastroenteritis]"
38.76,"LK Böblingen","[DeutschlandNodes].[Kreise71Web].[FedStateKey71].&[08].&[DE11].&[08115]",2017,1,"Norovirus","[KategorieNz].[Krankheit DE].&[Norovirus-Gastroenteritis]"
65.55,"LK Esslingen","[DeutschlandNodes].[Kreise71Web].[FedStateKey71].&[08].&[DE11].&[08116]",2017,1,"Norovirus","[KategorieNz].[Krankheit DE].&[Norovirus-Gastroenteritis]"
35.11,"LK Göppingen","[DeutschlandNodes].[Kreise71Web].[FedStateKey71].&[08].&[DE11].&[08117]",2017,1,"Norovirus","[KategorieNz].[Krankheit DE].&[Norovirus-Gastroenteritis]"
62.12,"LK Heidenheim","[DeutschlandNodes].[Kreise71Web].[FedStateKey71].&[08].&[DE11].&[08135]",2017,1,"Norovirus","[KategorieNz].[Krankheit DE].&[Norovirus-Gastroenteritis]"
64.74,"SK Heilbronn","[DeutschlandNodes].[Kreise71Web].[FedStateKey71].&[08].&[DE11].&[08121]",2017,1,"Norovirus","[KategorieNz].[Krankheit DE].&[Norovirus-Gastroenteritis]"
59.57,"LK Heilbronn","[DeutschlandNodes].[Kreise71Web].[FedStateKey71].&[08].&[DE11].&[08125]",2017,1,"Norovirus","[KategorieNz].[Krankheit DE].&[Norovirus-Gastroenteritis]"
100.55,"LK Hohenlohekreis","[DeutschlandNodes].[Kreise71Web].[FedStateKey71].&[08].&[DE11].&[08126]",2017,1,"Norovirus","[KategorieNz].[Krankheit DE].&[Norovirus-Gastroenteritis]"
62.47,"LK Ludwigsburg","[DeutschlandNodes].[Kreise71Web].[FedStateKey71].&[08].&[DE11].&[08118]",2017,1,"Norovirus","[KategorieNz].[Krankheit DE].&[Norovirus-Gastroenteritis]"
116.5,"LK Main-Tauber-Kreis","[DeutschlandNodes].[Kreise71Web].[FedStateKey71].&[08].&[DE11].&[08128]",2017,1,"Norovirus","[KategorieNz].[Krankheit DE].&[Norovirus-Gastroenteritis]"
41.61,"LK Ostalbkreis","[DeutschlandNodes].[Kreise71Web].[FedStateKey71].&[08].&[DE11].&[08136]",2017,1,"Norovirus","[KategorieNz].[Krankheit DE].&[Norovirus-Gastroenteritis]"
57.43,"LK Rems-Murr-Kreis","[DeutschlandNodes].[Kreise71Web].[FedStateKey71].&[08].&[DE11].&[08119]",2017,1,"Norovirus","[KategorieNz].[Krankheit DE].&[Norovirus-Gastroenteritis]"
91.66,"LK Schwäbisch Hall","[DeutschlandNodes].[Kreise71Web].[FedStateKey71].&[08].&[DE11].&[08127]",2017,1,"Norovirus","[KategorieNz].[Krankheit DE].&[Norovirus-Gastroenteritis]"
68.91,"SK Stuttgart","[DeutschlandNodes].[Kreise71Web].[FedStateKey71].&[08].&[DE11].&[08111]",2017,1,"Norovirus","[KategorieNz].[Krankheit DE].&[Norovirus-Gastroenteritis]"
36.48,"LK Alb-Donau-Kreis","[DeutschlandNodes].[Kreise71Web].[FedStateKey71].&[08].&[DE14].&[08425]",2017,1,"Norovirus","[KategorieNz].[Krankheit DE].&[Norovirus-Gastroenteritis]"
72.13,"LK Biberach","[DeutschlandNodes].[Kreise71Web].[FedStateKey71].&[08].&[DE14].&[08426]",2017,1,"Norovirus","[KategorieNz].[Krankheit DE].&[Norovirus-Gastroenteritis]"
90.38,"LK Bodenseekreis","[DeutschlandNodes].[Kreise71Web].[FedStateKey71].&[08].&[DE14].&[08435]",2017,1,"Norovirus","[KategorieNz].[Krankheit DE].&[Norovirus-Gastroenteritis]"
84.73,"LK Ravensburg","[DeutschlandNodes].[Kreise71Web].[FedStateKey71].&[08].&[DE14].&[08436]",2017,1,"Norovirus","[KategorieNz].[Krankheit DE].&[Norovirus-Gastroenteritis]"
102.89,"LK Reutlingen","[DeutschlandNodes].[Kreise71Web].[FedStateKey71].&[08].&[DE14].&[08415]",2017,1,"Norovirus","[KategorieNz].[Krankheit DE].&[Norovirus-Gastroenteritis]"
127.5,"LK Sigmaringen","[DeutschlandNodes].[Kreise71Web].[FedStateKey71].&[08].&[DE14].&[08437]",2017,1,"Norovirus","[KategorieNz].[Krankheit DE].&[Norovirus-Gastroenteritis]"
37.65,"LK Tübingen","[DeutschlandNodes].[Kreise71Web].[FedStateKey71].&[08].&[DE14].&[08416]",2017,1,"Norovirus","[KategorieNz].[Krankheit DE].&[Norovirus-Gastroenteritis]"
39.81,"SK Ulm","[DeutschlandNodes].[Kreise71Web].[FedStateKey71].&[08].&[DE14].&[08421]",2017,1,"Norovirus","[KategorieNz].[Krankheit DE].&[Norovirus-Gastroenteritis]"
76.53,"LK Zollernalbkreis","[DeutschlandNodes].[Kreise71Web].[FedStateKey71].&[08].&[DE14].&[08417]",2017,1,"Norovirus","[KategorieNz].[Krankheit DE].&[Norovirus-Gastroenteritis]"
24.01,"SK Ansbach","[DeutschlandNodes].[Kreise71Web].[FedStateKey71].&[09].&[DE25].&[09561]",2017,1,"Norovirus","[KategorieNz].[Krankheit DE].&[Norovirus-Gastroenteritis]"
94.4,"LK Ansbach","[DeutschlandNodes].[Kreise71Web].[FedStateKey71].&[09].&[DE25].&[09571]",2017,1,"Norovirus","[KategorieNz].[Krankheit DE].&[Norovirus-Gastroenteritis]"
60.36,"SK Erlangen","[DeutschlandNodes].[Kreise71Web].[FedStateKey71].&[09].&[DE25].&[09562]",2017,1,"Norovirus","[KategorieNz].[Krankheit DE].&[Norovirus-Gastroenteritis]"
56.16,"LK Erlangen-Höchstadt","[DeutschlandNodes].[Kreise71Web].[FedStateKey71].&[09].&[DE25].&[09572]",2017,1,"Norovirus","[KategorieNz].[Krankheit DE].&[Norovirus-Gastroenteritis]"
111.44,"SK Fürth","[DeutschlandNodes].[Kreise71Web].[FedStateKey71].&[09].&[DE25].&[09563]",2017,1,"Norovirus","[KategorieNz].[Krankheit DE].&[Norovirus-Gastroenteritis]"
99.83,"LK Fürth","[DeutschlandNodes].[Kreise71Web].[FedStateKey71].&[09].&[DE25].&[09573]",2017,1,"Norovirus","[KategorieNz].[Krankheit DE].&[Norovirus-Gastroenteritis]"
82.3,"LK Neustadt a.d.Aisch-Bad Windsheim","[DeutschlandNodes].[Kreise71Web].[FedStateKey71].&[09].&[DE25].&[09575]",2017,1,"Norovirus","[KategorieNz].[Krankheit DE].&[Norovirus-Gastroenteritis]"
47.55,"SK Nürnberg","[DeutschlandNodes].[Kreise71Web].[FedStateKey71].&[09].&[DE25].&[09564]",2017,1,"Norovirus","[KategorieNz].[Krankheit DE].&[Norovirus-Gastroenteritis]"
43.59,"LK Nürnberger Land","[DeutschlandNodes].[Kreise71Web].[FedStateKey71].&[09].&[DE25].&[09574]",2017,1,"Norovirus","[KategorieNz].[Krankheit DE].&[Norovirus-Gastroenteritis]"
37.27,"LK Roth","[DeutschlandNodes].[Kreise71Web].[FedStateKey71].&[09].&[DE25].&[09576]",2017,1,"Norovirus","[KategorieNz].[Krankheit DE].&[Norovirus-Gastroenteritis]"
61.3,"SK Schwabach","[DeutschlandNodes].[Kreise71Web].[FedStateKey71].&[09].&[DE25].&[09565]",2017,1,"Norovirus","[KategorieNz].[Krankheit DE].&[Norovirus-Gastroenteritis]"
97.66,"LK Weißenburg-Gunzenhausen","[DeutschlandNodes].[Kreise71Web].[FedStateKey71].&[09].&[DE25].&[09577]",2017,1,"Norovirus","[KategorieNz].[Krankheit DE].&[Norovirus-Gastroenteritis]"
107.8,"LK Deggendorf","[DeutschlandNodes].[Kreise71Web].[FedStateKey71].&[09].&[DE22].&[09271]",2017,1,"Norovirus","[KategorieNz].[Krankheit DE].&[Norovirus-Gastroenteritis]"
186.79,"LK Dingolfing-Landau","[DeutschlandNodes].[Kreise71Web].[FedStateKey71].&[09].&[DE22].&[09279]",2017,1,"Norovirus","[KategorieNz].[Krankheit DE].&[Norovirus-Gastroenteritis]"
227.2,"LK Freyung-Grafenau","[DeutschlandNodes].[Kreise71Web].[FedStateKey71].&[09].&[DE22].&[09272]",2017,1,"Norovirus","[KategorieNz].[Krankheit DE].&[Norovirus-Gastroenteritis]"
52.01,"LK Kelheim","[DeutschlandNodes].[Kreise71Web].[FedStateKey71].&[09].&[DE22].&[09273]",2017,1,"Norovirus","[KategorieNz].[Krankheit DE].&[Norovirus-Gastroenteritis]"
66.02,"SK Landshut","[DeutschlandNodes].[Kreise71Web].[FedStateKey71].&[09].&[DE22].&[09261]",2017,1,"Norovirus","[KategorieNz].[Krankheit DE].&[Norovirus-Gastroenteritis]"
78.86,"LK Landshut","[DeutschlandNodes].[Kreise71Web].[FedStateKey71].&[09].&[DE22].&[09274]",2017,1,"Norovirus","[KategorieNz].[Krankheit DE].&[Norovirus-Gastroenteritis]"
193.12,"SK Passau","[DeutschlandNodes].[Kreise71Web].[FedStateKey71].&[09].&[DE22].&[09262]",2017,1,"Norovirus","[KategorieNz].[Krankheit DE].&[Norovirus-Gastroenteritis]"
158,"LK Passau","[DeutschlandNodes].[Kreise71Web].[FedStateKey71].&[09].&[DE22].&[09275]",2017,1,"Norovirus","[KategorieNz].[Krankheit DE].&[Norovirus-Gastroenteritis]"
104.53,"LK Regen","[DeutschlandNodes].[Kreise71Web].[FedStateKey71].&[09].&[DE22].&[09276]",2017,1,"Norovirus","[KategorieNz].[Krankheit DE].&[Norovirus-Gastroenteritis]"
146.21,"LK Rottal-Inn","[DeutschlandNodes].[Kreise71Web].[FedStateKey71].&[09].&[DE22].&[09277]",2017,1,"Norovirus","[KategorieNz].[Krankheit DE].&[Norovirus-Gastroenteritis]"
71.45,"SK Straubing","[DeutschlandNodes].[Kreise71Web].[FedStateKey71].&[09].&[DE22].&[09263]",2017,1,"Norovirus","[KategorieNz].[Krankheit DE].&[Norovirus-Gastroenteritis]"
102.17,"LK Straubing-Bogen","[DeutschlandNodes].[Kreise71Web].[FedStateKey71].&[09].&[DE22].&[09278]",2017,1,"Norovirus","[KategorieNz].[Krankheit DE].&[Norovirus-Gastroenteritis]"
91.54,"LK Altötting","[DeutschlandNodes].[Kreise71Web].[FedStateKey71].&[09].&[DE21].&[09171]",2017,1,"Norovirus","[KategorieNz].[Krankheit DE].&[Norovirus-Gastroenteritis]"
83.75,"LK Bad Tölz-Wolfratshausen","[DeutschlandNodes].[Kreise71Web].[FedStateKey71].&[09].&[DE21].&[09173]",2017,1,"Norovirus","[KategorieNz].[Krankheit DE].&[Norovirus-Gastroenteritis]"
120.89,"LK Berchtesgadener Land","[DeutschlandNodes].[Kreise71Web].[FedStateKey71].&[09].&[DE21].&[09172]",2017,1,"Norovirus","[KategorieNz].[Krankheit DE].&[Norovirus-Gastroenteritis]"
184.67,"LK Dachau","[DeutschlandNodes].[Kreise71Web].[FedStateKey71].&[09].&[DE21].&[09174]",2017,1,"Norovirus","[KategorieNz].[Krankheit DE].&[Norovirus-Gastroenteritis]"
58.24,"LK Ebersberg","[DeutschlandNodes].[Kreise71Web].[FedStateKey71].&[09].&[DE21].&[09175]",2017,1,"Norovirus","[KategorieNz].[Krankheit DE].&[Norovirus-Gastroenteritis]"
66.09,"LK Eichstätt","[DeutschlandNodes].[Kreise71Web].[FedStateKey71].&[09].&[DE21].&[09176]",2017,1,"Norovirus","[KategorieNz].[Krankheit DE].&[Norovirus-Gastroenteritis]"
86.93,"LK Erding","[DeutschlandNodes].[Kreise71Web].[FedStateKey71].&[09].&[DE21].&[09177]",2017,1,"Norovirus","[KategorieNz].[Krankheit DE].&[Norovirus-Gastroenteritis]"
47.75,"LK Freising","[DeutschlandNodes].[Kreise71Web].[FedStateKey71].&[09].&[DE21].&[09178]",2017,1,"Norovirus","[KategorieNz].[Krankheit DE].&[Norovirus-Gastroenteritis]"
120.74,"LK Fürstenfeldbruck","[DeutschlandNodes].[Kreise71Web].[FedStateKey71].&[09].&[DE21].&[09179]",2017,1,"Norovirus","[KategorieNz].[Krankheit DE].&[Norovirus-Gastroenteritis]"
243.89,"LK Garmisch-Partenkirchen","[DeutschlandNodes].[Kreise71Web].[FedStateKey71].&[09].&[DE21].&[09180]",2017,1,"Norovirus","[KategorieNz].[Krankheit DE].&[Norovirus-Gastroenteritis]"
85.03,"SK Ingolstadt","[DeutschlandNodes].[Kreise71Web].[FedStateKey71].&[09].&[DE21].&[09161]",2017,1,"Norovirus","[KategorieNz].[Krankheit DE].&[Norovirus-Gastroenteritis]"
52.88,"LK Landsberg a.Lech","[DeutschlandNodes].[Kreise71Web].[FedStateKey71].&[09].&[DE21].&[09181]",2017,1,"Norovirus","[KategorieNz].[Krankheit DE].&[Norovirus-Gastroenteritis]"
130.05,"LK Miesbach","[DeutschlandNodes].[Kreise71Web].[FedStateKey71].&[09].&[DE21].&[09182]",2017,1,"Norovirus","[KategorieNz].[Krankheit DE].&[Norovirus-Gastroenteritis]"
74.24,"LK Mühldorf a.Inn","[DeutschlandNodes].[Kreise71Web].[FedStateKey71].&[09].&[DE21].&[09183]",2017,1,"Norovirus","[KategorieNz].[Krankheit DE].&[Norovirus-Gastroenteritis]"
93.54,"SK München","[DeutschlandNodes].[Kreise71Web].[FedStateKey71].&[09].&[DE21].&[09162]",2017,1,"Norovirus","[KategorieNz].[Krankheit DE].&[Norovirus-Gastroenteritis]"
74.47,"LK München","[DeutschlandNodes].[Kreise71Web].[FedStateKey71].&[09].&[DE21].&[09184]",2017,1,"Norovirus","[KategorieNz].[Krankheit DE].&[Norovirus-Gastroenteritis]"
59.27,"LK Neuburg-Schrobenhausen","[DeutschlandNodes].[Kreise71Web].[FedStateKey71].&[09].&[DE21].&[09185]",2017,1,"Norovirus","[KategorieNz].[Krankheit DE].&[Norovirus-Gastroenteritis]"
100.6,"LK Pfaffenhofen a.d.Ilm","[DeutschlandNodes].[Kreise71Web].[FedStateKey71].&[09].&[DE21].&[09186]",2017,1,"Norovirus","[KategorieNz].[Krankheit DE].&[Norovirus-Gastroenteritis]"
55.49,"SK Rosenheim","[DeutschlandNodes].[Kreise71Web].[FedStateKey71].&[09].&[DE21].&[09163]",2017,1,"Norovirus","[KategorieNz].[Krankheit DE].&[Norovirus-Gastroenteritis]"
119.1,"LK Rosenheim","[DeutschlandNodes].[Kreise71Web].[FedStateKey71].&[09].&[DE21].&[09187]",2017,1,"Norovirus","[KategorieNz].[Krankheit DE].&[Norovirus-Gastroenteritis]"
101.81,"LK Starnberg","[DeutschlandNodes].[Kreise71Web].[FedStateKey71].&[09].&[DE21].&[09188]",2017,1,"Norovirus","[KategorieNz].[Krankheit DE].&[Norovirus-Gastroenteritis]"
163.37,"LK Traunstein","[DeutschlandNodes].[Kreise71Web].[FedStateKey71].&[09].&[DE21].&[09189]",2017,1,"Norovirus","[KategorieNz].[Krankheit DE].&[Norovirus-Gastroenteritis]"
133.33,"LK Weilheim-Schongau","[DeutschlandNodes].[Kreise71Web].[FedStateKey71].&[09].&[DE21].&[09190]",2017,1,"Norovirus","[KategorieNz].[Krankheit DE].&[Norovirus-Gastroenteritis]"
307.08,"SK Bamberg","[DeutschlandNodes].[Kreise71Web].[FedStateKey71].&[09].&[DE24].&[09461]",2017,1,"Norovirus","[KategorieNz].[Krankheit DE].&[Norovirus-Gastroenteritis]"
260.6,"LK Bamberg","[DeutschlandNodes].[Kreise71Web].[FedStateKey71].&[09].&[DE24].&[09471]",2017,1,"Norovirus","[KategorieNz].[Krankheit DE].&[Norovirus-Gastroenteritis]"
95.95,"SK Bayreuth","[DeutschlandNodes].[Kreise71Web].[FedStateKey71].&[09].&[DE24].&[09462]",2017,1,"Norovirus","[KategorieNz].[Krankheit DE].&[Norovirus-Gastroenteritis]"
110.78,"LK Bayreuth","[DeutschlandNodes].[Kreise71Web].[FedStateKey71].&[09].&[DE24].&[09472]",2017,1,"Norovirus","[KategorieNz].[Krankheit DE].&[Norovirus-Gastroenteritis]"
82.45,"SK Coburg","[DeutschlandNodes].[Kreise71Web].[FedStateKey71].&[09].&[DE24].&[09463]",2017,1,"Norovirus","[KategorieNz].[Krankheit DE].&[Norovirus-Gastroenteritis]"
394.77,"LK Coburg","[DeutschlandNodes].[Kreise71Web].[FedStateKey71].&[09].&[DE24].&[09473]",2017,1,"Norovirus","[KategorieNz].[Krankheit DE].&[Norovirus-Gastroenteritis]"
95.09,"LK Forchheim","[DeutschlandNodes].[Kreise71Web].[FedStateKey71].&[09].&[DE24].&[09474]",2017,1,"Norovirus","[KategorieNz].[Krankheit DE].&[Norovirus-Gastroenteritis]"
121.87,"SK Hof","[DeutschlandNodes].[Kreise71Web].[FedStateKey71].&[09].&[DE24].&[09464]",2017,1,"Norovirus","[KategorieNz].[Krankheit DE].&[Norovirus-Gastroenteritis]"
256.86,"LK Hof","[DeutschlandNodes].[Kreise71Web].[FedStateKey71].&[09].&[DE24].&[09475]",2017,1,"Norovirus","[KategorieNz].[Krankheit DE].&[Norovirus-Gastroenteritis]"
93.37,"LK Kronach","[DeutschlandNodes].[Kreise71Web].[FedStateKey71].&[09].&[DE24].&[09476]",2017,1,"Norovirus","[KategorieNz].[Krankheit DE].&[Norovirus-Gastroenteritis]"
227.74,"LK Kulmbach","[DeutschlandNodes].[Kreise71Web].[FedStateKey71].&[09].&[DE24].&[09477]",2017,1,"Norovirus","[KategorieNz].[Krankheit DE].&[Norovirus-Gastroenteritis]"
130.28,"LK Lichtenfels","[DeutschlandNodes].[Kreise71Web].[FedStateKey71].&[09].&[DE24].&[09478]",2017,1,"Norovirus","[KategorieNz].[Krankheit DE].&[Norovirus-Gastroenteritis]"
102.06,"LK Wunsiedel i.Fichtelgebirge","[DeutschlandNodes].[Kreise71Web].[FedStateKey71].&[09].&[DE24].&[09479]",2017,1,"Norovirus","[KategorieNz].[Krankheit DE].&[Norovirus-Gastroenteritis]"
44.97,"SK Amberg","[DeutschlandNodes].[Kreise71Web].[FedStateKey71].&[09].&[DE23].&[09361]",2017,1,"Norovirus","[KategorieNz].[Krankheit DE].&[Norovirus-Gastroenteritis]"
79.74,"LK Amberg-Sulzbach","[DeutschlandNodes].[Kreise71Web].[FedStateKey71].&[09].&[DE23].&[09371]",2017,1,"Norovirus","[KategorieNz].[Krankheit DE].&[Norovirus-Gastroenteritis]"
44.76,"LK Cham","[DeutschlandNodes].[Kreise71Web].[FedStateKey71].&[09].&[DE23].&[09372]",2017,1,"Norovirus","[KategorieNz].[Krankheit DE].&[Norovirus-Gastroenteritis]"
61.07,"LK Neumarkt i.d.OPf.","[DeutschlandNodes].[Kreise71Web].[FedStateKey71].&[09].&[DE23].&[09373]",2017,1,"Norovirus","[KategorieNz].[Krankheit DE].&[Norovirus-Gastroenteritis]"
117.48,"LK Neustadt a.d.Waldnaab","[DeutschlandNodes].[Kreise71Web].[FedStateKey71].&[09].&[DE23].&[09374]",2017,1,"Norovirus","[KategorieNz].[Krankheit DE].&[Norovirus-Gastroenteritis]"
59.64,"SK Regensburg","[DeutschlandNodes].[Kreise71Web].[FedStateKey71].&[09].&[DE23].&[09362]",2017,1,"Norovirus","[KategorieNz].[Krankheit DE].&[Norovirus-Gastroenteritis]"
67.64,"LK Regensburg","[DeutschlandNodes].[Kreise71Web].[FedStateKey71].&[09].&[DE23].&[09375]",2017,1,"Norovirus","[KategorieNz].[Krankheit DE].&[Norovirus-Gastroenteritis]"
141.31,"LK Schwandorf","[DeutschlandNodes].[Kreise71Web].[FedStateKey71].&[09].&[DE23].&[09376]",2017,1,"Norovirus","[KategorieNz].[Krankheit DE].&[Norovirus-Gastroenteritis]"
64.62,"LK Tirschenreuth","[DeutschlandNodes].[Kreise71Web].[FedStateKey71].&[09].&[DE23].&[09377]",2017,1,"Norovirus","[KategorieNz].[Krankheit DE].&[Norovirus-Gastroenteritis]"
96.37,"SK Weiden i.d.OPf.","[DeutschlandNodes].[Kreise71Web].[FedStateKey71].&[09].&[DE23].&[09363]",2017,1,"Norovirus","[KategorieNz].[Krankheit DE].&[Norovirus-Gastroenteritis]"
78.43,"LK Aichach-Friedberg","[DeutschlandNodes].[Kreise71Web].[FedStateKey71].&[09].&[DE27].&[09771]",2017,1,"Norovirus","[KategorieNz].[Krankheit DE].&[Norovirus-Gastroenteritis]"
63.51,"SK Augsburg","[DeutschlandNodes].[Kreise71Web].[FedStateKey71].&[09].&[DE27].&[09761]",2017,1,"Norovirus","[KategorieNz].[Krankheit DE].&[Norovirus-Gastroenteritis]"
54.84,"LK Augsburg","[DeutschlandNodes].[Kreise71Web].[FedStateKey71].&[09].&[DE27].&[09772]",2017,1,"Norovirus","[KategorieNz].[Krankheit DE].&[Norovirus-Gastroenteritis]"
94.58,"LK Dillingen a.d.Donau","[DeutschlandNodes].[Kreise71Web].[FedStateKey71].&[09].&[DE27].&[09773]",2017,1,"Norovirus","[KategorieNz].[Krankheit DE].&[Norovirus-Gastroenteritis]"
102.97,"LK Donau-Ries","[DeutschlandNodes].[Kreise71Web].[FedStateKey71].&[09].&[DE27].&[09779]",2017,1,"Norovirus","[KategorieNz].[Krankheit DE].&[Norovirus-Gastroenteritis]"
123.68,"LK Günzburg","[DeutschlandNodes].[Kreise71Web].[FedStateKey71].&[09].&[DE27].&[09774]",2017,1,"Norovirus","[KategorieNz].[Krankheit DE].&[Norovirus-Gastroenteritis]"
96.6,"SK Kaufbeuren","[DeutschlandNodes].[Kreise71Web].[FedStateKey71].&[09].&[DE27].&[09762]",2017,1,"Norovirus","[KategorieNz].[Krankheit DE].&[Norovirus-Gastroenteritis]"
NA,"SK Kempten","[DeutschlandNodes].[Kreise71Web].[FedStateKey71].&[09].&[DE27].&[09763]",2017,1,"Norovirus","[KategorieNz].[Krankheit DE].&[Norovirus-Gastroenteritis]"
103.51,"LK Lindau","[DeutschlandNodes].[Kreise71Web].[FedStateKey71].&[09].&[DE27].&[09776]",2017,1,"Norovirus","[KategorieNz].[Krankheit DE].&[Norovirus-Gastroenteritis]"
66.71,"SK Memmingen","[DeutschlandNodes].[Kreise71Web].[FedStateKey71].&[09].&[DE27].&[09764]",2017,1,"Norovirus","[KategorieNz].[Krankheit DE].&[Norovirus-Gastroenteritis]"
52.16,"LK Neu-Ulm","[DeutschlandNodes].[Kreise71Web].[FedStateKey71].&[09].&[DE27].&[09775]",2017,1,"Norovirus","[KategorieNz].[Krankheit DE].&[Norovirus-Gastroenteritis]"
124.86,"LK Oberallgäu","[DeutschlandNodes].[Kreise71Web].[FedStateKey71].&[09].&[DE27].&[09780]",2017,1,"Norovirus","[KategorieNz].[Krankheit DE].&[Norovirus-Gastroenteritis]"
112.01,"LK Ostallgäu","[DeutschlandNodes].[Kreise71Web].[FedStateKey71].&[09].&[DE27].&[09777]",2017,1,"Norovirus","[KategorieNz].[Krankheit DE].&[Norovirus-Gastroenteritis]"
160.65,"LK Unterallgäu","[DeutschlandNodes].[Kreise71Web].[FedStateKey71].&[09].&[DE27].&[09778]",2017,1,"Norovirus","[KategorieNz].[Krankheit DE].&[Norovirus-Gastroenteritis]"
32.89,"SK Aschaffenburg","[DeutschlandNodes].[Kreise71Web].[FedStateKey71].&[09].&[DE26].&[09661]",2017,1,"Norovirus","[KategorieNz].[Krankheit DE].&[Norovirus-Gastroenteritis]"
47.71,"LK Aschaffenburg","[DeutschlandNodes].[Kreise71Web].[FedStateKey71].&[09].&[DE26].&[09671]",2017,1,"Norovirus","[KategorieNz].[Krankheit DE].&[Norovirus-Gastroenteritis]"
78.44,"LK Bad Kissingen","[DeutschlandNodes].[Kreise71Web].[FedStateKey71].&[09].&[DE26].&[09672]",2017,1,"Norovirus","[KategorieNz].[Krankheit DE].&[Norovirus-Gastroenteritis]"
118.39,"LK Haßberge","[DeutschlandNodes].[Kreise71Web].[FedStateKey71].&[09].&[DE26].&[09674]",2017,1,"Norovirus","[KategorieNz].[Krankheit DE].&[Norovirus-Gastroenteritis]"
40.92,"LK Kitzingen","[DeutschlandNodes].[Kreise71Web].[FedStateKey71].&[09].&[DE26].&[09675]",2017,1,"Norovirus","[KategorieNz].[Krankheit DE].&[Norovirus-Gastroenteritis]"
126.46,"LK Main-Spessart","[DeutschlandNodes].[Kreise71Web].[FedStateKey71].&[09].&[DE26].&[09677]",2017,1,"Norovirus","[KategorieNz].[Krankheit DE].&[Norovirus-Gastroenteritis]"
501.23,"LK Miltenberg","[DeutschlandNodes].[Kreise71Web].[FedStateKey71].&[09].&[DE26].&[09676]",2017,1,"Norovirus","[KategorieNz].[Krankheit DE].&[Norovirus-Gastroenteritis]"
115.29,"LK Rhön-Grabfeld","[DeutschlandNodes].[Kreise71Web].[FedStateKey71].&[09].&[DE26].&[09673]",2017,1,"Norovirus","[KategorieNz].[Krankheit DE].&[Norovirus-Gastroenteritis]"
54.27,"SK Schweinfurt","[DeutschlandNodes].[Kreise71Web].[FedStateKey71].&[09].&[DE26].&[09662]",2017,1,"Norovirus","[KategorieNz].[Krankheit DE].&[Norovirus-Gastroenteritis]"
57.34,"LK Schweinfurt","[DeutschlandNodes].[Kreise71Web].[FedStateKey71].&[09].&[DE26].&[09678]",2017,1,"Norovirus","[KategorieNz].[Krankheit DE].&[Norovirus-Gastroenteritis]"
62.38,"SK Würzburg","[DeutschlandNodes].[Kreise71Web].[FedStateKey71].&[09].&[DE26].&[09663]",2017,1,"Norovirus","[KategorieNz].[Krankheit DE].&[Norovirus-Gastroenteritis]"
52.68,"LK Würzburg","[DeutschlandNodes].[Kreise71Web].[FedStateKey71].&[09].&[DE26].&[09679]",2017,1,"Norovirus","[KategorieNz].[Krankheit DE].&[Norovirus-Gastroenteritis]"
102.41,"SK Berlin Charlottenburg-Wilmersdorf","[DeutschlandNodes].[Kreise71Web].[FedStateKey71].&[11].&[DE30].&[11004]",2017,1,"Norovirus","[KategorieNz].[Krankheit DE].&[Norovirus-Gastroenteritis]"
95.43,"SK Berlin Friedrichshain-Kreuzberg","[DeutschlandNodes].[Kreise71Web].[FedStateKey71].&[11].&[DE30].&[11002]",2017,1,"Norovirus","[KategorieNz].[Krankheit DE].&[Norovirus-Gastroenteritis]"
261.31,"SK Berlin Lichtenberg","[DeutschlandNodes].[Kreise71Web].[FedStateKey71].&[11].&[DE30].&[11011]",2017,1,"Norovirus","[KategorieNz].[Krankheit DE].&[Norovirus-Gastroenteritis]"
245.61,"SK Berlin Marzahn-Hellersdorf","[DeutschlandNodes].[Kreise71Web].[FedStateKey71].&[11].&[DE30].&[11010]",2017,1,"Norovirus","[KategorieNz].[Krankheit DE].&[Norovirus-Gastroenteritis]"
114.03,"SK Berlin Mitte","[DeutschlandNodes].[Kreise71Web].[FedStateKey71].&[11].&[DE30].&[11001]",2017,1,"Norovirus","[KategorieNz].[Krankheit DE].&[Norovirus-Gastroenteritis]"
125.69,"SK Berlin Neukölln","[DeutschlandNodes].[Kreise71Web].[FedStateKey71].&[11].&[DE30].&[11008]",2017,1,"Norovirus","[KategorieNz].[Krankheit DE].&[Norovirus-Gastroenteritis]"
199.61,"SK Berlin Pankow","[DeutschlandNodes].[Kreise71Web].[FedStateKey71].&[11].&[DE30].&[11003]",2017,1,"Norovirus","[KategorieNz].[Krankheit DE].&[Norovirus-Gastroenteritis]"
182.1,"SK Berlin Reinickendorf","[DeutschlandNodes].[Kreise71Web].[FedStateKey71].&[11].&[DE30].&[11012]",2017,1,"Norovirus","[KategorieNz].[Krankheit DE].&[Norovirus-Gastroenteritis]"
208.14,"SK Berlin Spandau","[DeutschlandNodes].[Kreise71Web].[FedStateKey71].&[11].&[DE30].&[11005]",2017,1,"Norovirus","[KategorieNz].[Krankheit DE].&[Norovirus-Gastroenteritis]"
235.77,"SK Berlin Steglitz-Zehlendorf","[DeutschlandNodes].[Kreise71Web].[FedStateKey71].&[11].&[DE30].&[11006]",2017,1,"Norovirus","[KategorieNz].[Krankheit DE].&[Norovirus-Gastroenteritis]"
143.37,"SK Berlin Tempelhof-Schöneberg","[DeutschlandNodes].[Kreise71Web].[FedStateKey71].&[11].&[DE30].&[11007]",2017,1,"Norovirus","[KategorieNz].[Krankheit DE].&[Norovirus-Gastroenteritis]"
98.11,"SK Berlin Treptow-Köpenick","[DeutschlandNodes].[Kreise71Web].[FedStateKey71].&[11].&[DE30].&[11009]",2017,1,"Norovirus","[KategorieNz].[Krankheit DE].&[Norovirus-Gastroenteritis]"
135.46,"LK Barnim","[DeutschlandNodes].[Kreise71Web].[FedStateKey71].&[12].&[DE40].&[12060]",2017,1,"Norovirus","[KategorieNz].[Krankheit DE].&[Norovirus-Gastroenteritis]"
86.25,"SK Brandenburg a.d.Havel","[DeutschlandNodes].[Kreise71Web].[FedStateKey71].&[12].&[DE40].&[12051]",2017,1,"Norovirus","[KategorieNz].[Krankheit DE].&[Norovirus-Gastroenteritis]"
104.91,"SK Cottbus","[DeutschlandNodes].[Kreise71Web].[FedStateKey71].&[12].&[DE40].&[12052]",2017,1,"Norovirus","[KategorieNz].[Krankheit DE].&[Norovirus-Gastroenteritis]"
304.21,"LK Dahme-Spreewald","[DeutschlandNodes].[Kreise71Web].[FedStateKey71].&[12].&[DE40].&[12061]",2017,1,"Norovirus","[KategorieNz].[Krankheit DE].&[Norovirus-Gastroenteritis]"
481.37,"LK Elbe-Elster","[DeutschlandNodes].[Kreise71Web].[FedStateKey71].&[12].&[DE40].&[12062]",2017,1,"Norovirus","[KategorieNz].[Krankheit DE].&[Norovirus-Gastroenteritis]"
243.83,"SK Frankfurt (Oder)","[DeutschlandNodes].[Kreise71Web].[FedStateKey71].&[12].&[DE40].&[12053]",2017,1,"Norovirus","[KategorieNz].[Krankheit DE].&[Norovirus-Gastroenteritis]"
102.67,"LK Havelland","[DeutschlandNodes].[Kreise71Web].[FedStateKey71].&[12].&[DE40].&[12063]",2017,1,"Norovirus","[KategorieNz].[Krankheit DE].&[Norovirus-Gastroenteritis]"
175.2,"LK Märkisch-Oderland","[DeutschlandNodes].[Kreise71Web].[FedStateKey71].&[12].&[DE40].&[12064]",2017,1,"Norovirus","[KategorieNz].[Krankheit DE].&[Norovirus-Gastroenteritis]"
121.01,"LK Oberhavel","[DeutschlandNodes].[Kreise71Web].[FedStateKey71].&[12].&[DE40].&[12065]",2017,1,"Norovirus","[KategorieNz].[Krankheit DE].&[Norovirus-Gastroenteritis]"
123.29,"LK Oberspreewald-Lausitz","[DeutschlandNodes].[Kreise71Web].[FedStateKey71].&[12].&[DE40].&[12066]",2017,1,"Norovirus","[KategorieNz].[Krankheit DE].&[Norovirus-Gastroenteritis]"
361.65,"LK Oder-Spree","[DeutschlandNodes].[Kreise71Web].[FedStateKey71].&[12].&[DE40].&[12067]",2017,1,"Norovirus","[KategorieNz].[Krankheit DE].&[Norovirus-Gastroenteritis]"
219.39,"LK Ostprignitz-Ruppin","[DeutschlandNodes].[Kreise71Web].[FedStateKey71].&[12].&[DE40].&[12068]",2017,1,"Norovirus","[KategorieNz].[Krankheit DE].&[Norovirus-Gastroenteritis]"
96.18,"SK Potsdam","[DeutschlandNodes].[Kreise71Web].[FedStateKey71].&[12].&[DE40].&[12054]",2017,1,"Norovirus","[KategorieNz].[Krankheit DE].&[Norovirus-Gastroenteritis]"
175.41,"LK Potsdam-Mittelmark","[DeutschlandNodes].[Kreise71Web].[FedStateKey71].&[12].&[DE40].&[12069]",2017,1,"Norovirus","[KategorieNz].[Krankheit DE].&[Norovirus-Gastroenteritis]"
464.65,"LK Prignitz","[DeutschlandNodes].[Kreise71Web].[FedStateKey71].&[12].&[DE40].&[12070]",2017,1,"Norovirus","[KategorieNz].[Krankheit DE].&[Norovirus-Gastroenteritis]"
165.43,"LK Spree-Neiße","[DeutschlandNodes].[Kreise71Web].[FedStateKey71].&[12].&[DE40].&[12071]",2017,1,"Norovirus","[KategorieNz].[Krankheit DE].&[Norovirus-Gastroenteritis]"
140.81,"LK Teltow-Fläming","[DeutschlandNodes].[Kreise71Web].[FedStateKey71].&[12].&[DE40].&[12072]",2017,1,"Norovirus","[KategorieNz].[Krankheit DE].&[Norovirus-Gastroenteritis]"
222.69,"LK Uckermark","[DeutschlandNodes].[Kreise71Web].[FedStateKey71].&[12].&[DE40].&[12073]",2017,1,"Norovirus","[KategorieNz].[Krankheit DE].&[Norovirus-Gastroenteritis]"
34.51,"SK Bremen","[DeutschlandNodes].[Kreise71Web].[FedStateKey71].&[04].&[DE50].&[04011]",2017,1,"Norovirus","[KategorieNz].[Krankheit DE].&[Norovirus-Gastroenteritis]"
76.97,"SK Bremerhaven","[DeutschlandNodes].[Kreise71Web].[FedStateKey71].&[04].&[DE50].&[04012]",2017,1,"Norovirus","[KategorieNz].[Krankheit DE].&[Norovirus-Gastroenteritis]"
109.69,"SK Hamburg","[DeutschlandNodes].[Kreise71Web].[FedStateKey71].&[02].&[DE60].&[02000]",2017,1,"Norovirus","[KategorieNz].[Krankheit DE].&[Norovirus-Gastroenteritis]"
81.48,"LK Bergstraße","[DeutschlandNodes].[Kreise71Web].[FedStateKey71].&[06].&[DE71].&[06431]",2017,1,"Norovirus","[KategorieNz].[Krankheit DE].&[Norovirus-Gastroenteritis]"
24.64,"SK Darmstadt","[DeutschlandNodes].[Kreise71Web].[FedStateKey71].&[06].&[DE71].&[06411]",2017,1,"Norovirus","[KategorieNz].[Krankheit DE].&[Norovirus-Gastroenteritis]"
79.38,"LK Darmstadt-Dieburg","[DeutschlandNodes].[Kreise71Web].[FedStateKey71].&[06].&[DE71].&[06432]",2017,1,"Norovirus","[KategorieNz].[Krankheit DE].&[Norovirus-Gastroenteritis]"
62.39,"SK Frankfurt am Main","[DeutschlandNodes].[Kreise71Web].[FedStateKey71].&[06].&[DE71].&[06412]",2017,1,"Norovirus","[KategorieNz].[Krankheit DE].&[Norovirus-Gastroenteritis]"
59.32,"LK Groß-Gerau","[DeutschlandNodes].[Kreise71Web].[FedStateKey71].&[06].&[DE71].&[06433]",2017,1,"Norovirus","[KategorieNz].[Krankheit DE].&[Norovirus-Gastroenteritis]"
74.58,"LK Hochtaunuskreis","[DeutschlandNodes].[Kreise71Web].[FedStateKey71].&[06].&[DE71].&[06434]",2017,1,"Norovirus","[KategorieNz].[Krankheit DE].&[Norovirus-Gastroenteritis]"
121.47,"LK Main-Kinzig-Kreis","[DeutschlandNodes].[Kreise71Web].[FedStateKey71].&[06].&[DE71].&[06435]",2017,1,"Norovirus","[KategorieNz].[Krankheit DE].&[Norovirus-Gastroenteritis]"
65.83,"LK Main-Taunus-Kreis","[DeutschlandNodes].[Kreise71Web].[FedStateKey71].&[06].&[DE71].&[06436]",2017,1,"Norovirus","[KategorieNz].[Krankheit DE].&[Norovirus-Gastroenteritis]"
42.44,"LK Odenwaldkreis","[DeutschlandNodes].[Kreise71Web].[FedStateKey71].&[06].&[DE71].&[06437]",2017,1,"Norovirus","[KategorieNz].[Krankheit DE].&[Norovirus-Gastroenteritis]"
141.33,"SK Offenbach","[DeutschlandNodes].[Kreise71Web].[FedStateKey71].&[06].&[DE71].&[06413]",2017,1,"Norovirus","[KategorieNz].[Krankheit DE].&[Norovirus-Gastroenteritis]"
100.09,"LK Offenbach","[DeutschlandNodes].[Kreise71Web].[FedStateKey71].&[06].&[DE71].&[06438]",2017,1,"Norovirus","[KategorieNz].[Krankheit DE].&[Norovirus-Gastroenteritis]"
158.63,"LK Rheingau-Taunus-Kreis","[DeutschlandNodes].[Kreise71Web].[FedStateKey71].&[06].&[DE71].&[06439]",2017,1,"Norovirus","[KategorieNz].[Krankheit DE].&[Norovirus-Gastroenteritis]"
58.96,"LK Wetteraukreis","[DeutschlandNodes].[Kreise71Web].[FedStateKey71].&[06].&[DE71].&[06440]",2017,1,"Norovirus","[KategorieNz].[Krankheit DE].&[Norovirus-Gastroenteritis]"
200.25,"SK Wiesbaden","[DeutschlandNodes].[Kreise71Web].[FedStateKey71].&[06].&[DE71].&[06414]",2017,1,"Norovirus","[KategorieNz].[Krankheit DE].&[Norovirus-Gastroenteritis]"
142.67,"LK Gießen","[DeutschlandNodes].[Kreise71Web].[FedStateKey71].&[06].&[DE72].&[06531]",2017,1,"Norovirus","[KategorieNz].[Krankheit DE].&[Norovirus-Gastroenteritis]"
97.57,"LK Lahn-Dill-Kreis","[DeutschlandNodes].[Kreise71Web].[FedStateKey71].&[06].&[DE72].&[06532]",2017,1,"Norovirus","[KategorieNz].[Krankheit DE].&[Norovirus-Gastroenteritis]"
166.89,"LK Limburg-Weilburg","[DeutschlandNodes].[Kreise71Web].[FedStateKey71].&[06].&[DE72].&[06533]",2017,1,"Norovirus","[KategorieNz].[Krankheit DE].&[Norovirus-Gastroenteritis]"
65.81,"LK Marburg-Biedenkopf","[DeutschlandNodes].[Kreise71Web].[FedStateKey71].&[06].&[DE72].&[06534]",2017,1,"Norovirus","[KategorieNz].[Krankheit DE].&[Norovirus-Gastroenteritis]"
69.52,"LK Vogelsbergkreis","[DeutschlandNodes].[Kreise71Web].[FedStateKey71].&[06].&[DE72].&[06535]",2017,1,"Norovirus","[KategorieNz].[Krankheit DE].&[Norovirus-Gastroenteritis]"
88.83,"LK Fulda","[DeutschlandNodes].[Kreise71Web].[FedStateKey71].&[06].&[DE73].&[06631]",2017,1,"Norovirus","[KategorieNz].[Krankheit DE].&[Norovirus-Gastroenteritis]"
97.44,"LK Hersfeld-Rotenburg","[DeutschlandNodes].[Kreise71Web].[FedStateKey71].&[06].&[DE73].&[06632]",2017,1,"Norovirus","[KategorieNz].[Krankheit DE].&[Norovirus-Gastroenteritis]"
47.82,"SK Kassel","[DeutschlandNodes].[Kreise71Web].[FedStateKey71].&[06].&[DE73].&[06611]",2017,1,"Norovirus","[KategorieNz].[Krankheit DE].&[Norovirus-Gastroenteritis]"
49.01,"LK Kassel","[DeutschlandNodes].[Kreise71Web].[FedStateKey71].&[06].&[DE73].&[06633]",2017,1,"Norovirus","[KategorieNz].[Krankheit DE].&[Norovirus-Gastroenteritis]"
39.83,"LK Schwalm-Eder-Kreis","[DeutschlandNodes].[Kreise71Web].[FedStateKey71].&[06].&[DE73].&[06634]",2017,1,"Norovirus","[KategorieNz].[Krankheit DE].&[Norovirus-Gastroenteritis]"
244.19,"LK Waldeck-Frankenberg","[DeutschlandNodes].[Kreise71Web].[FedStateKey71].&[06].&[DE73].&[06635]",2017,1,"Norovirus","[KategorieNz].[Krankheit DE].&[Norovirus-Gastroenteritis]"
49.46,"LK Werra-Meißner-Kreis","[DeutschlandNodes].[Kreise71Web].[FedStateKey71].&[06].&[DE73].&[06636]",2017,1,"Norovirus","[KategorieNz].[Krankheit DE].&[Norovirus-Gastroenteritis]"
290.79,"LK Ludwigslust-Parchim","[DeutschlandNodes].[Kreise71Web].[FedStateKey71].&[13].&[DE80].&[13076]",2017,1,"Norovirus","[KategorieNz].[Krankheit DE].&[Norovirus-Gastroenteritis]"
243.31,"LK Mecklenburgische Seenplatte","[DeutschlandNodes].[Kreise71Web].[FedStateKey71].&[13].&[DE80].&[13071]",2017,1,"Norovirus","[KategorieNz].[Krankheit DE].&[Norovirus-Gastroenteritis]"
294.92,"LK Nordwestmecklenburg","[DeutschlandNodes].[Kreise71Web].[FedStateKey71].&[13].&[DE80].&[13074]",2017,1,"Norovirus","[KategorieNz].[Krankheit DE].&[Norovirus-Gastroenteritis]"
327.72,"SK Rostock","[DeutschlandNodes].[Kreise71Web].[FedStateKey71].&[13].&[DE80].&[13003]",2017,1,"Norovirus","[KategorieNz].[Krankheit DE].&[Norovirus-Gastroenteritis]"
549.77,"LK Rostock","[DeutschlandNodes].[Kreise71Web].[FedStateKey71].&[13].&[DE80].&[13072]",2017,1,"Norovirus","[KategorieNz].[Krankheit DE].&[Norovirus-Gastroenteritis]"
242.18,"SK Schwerin","[DeutschlandNodes].[Kreise71Web].[FedStateKey71].&[13].&[DE80].&[13004]",2017,1,"Norovirus","[KategorieNz].[Krankheit DE].&[Norovirus-Gastroenteritis]"
460.21,"LK Vorpommern-Greifswald","[DeutschlandNodes].[Kreise71Web].[FedStateKey71].&[13].&[DE80].&[13075]",2017,1,"Norovirus","[KategorieNz].[Krankheit DE].&[Norovirus-Gastroenteritis]"
690.73,"LK Vorpommern-Rügen","[DeutschlandNodes].[Kreise71Web].[FedStateKey71].&[13].&[DE80].&[13073]",2017,1,"Norovirus","[KategorieNz].[Krankheit DE].&[Norovirus-Gastroenteritis]"
78.22,"SK Braunschweig","[DeutschlandNodes].[Kreise71Web].[FedStateKey71].&[03].&[DE91].&[03101]",2017,1,"Norovirus","[KategorieNz].[Krankheit DE].&[Norovirus-Gastroenteritis]"
70.25,"LK Gifhorn","[DeutschlandNodes].[Kreise71Web].[FedStateKey71].&[03].&[DE91].&[03151]",2017,1,"Norovirus","[KategorieNz].[Krankheit DE].&[Norovirus-Gastroenteritis]"
117.76,"LK Goslar","[DeutschlandNodes].[Kreise71Web].[FedStateKey71].&[03].&[DE91].&[03153]",2017,1,"Norovirus","[KategorieNz].[Krankheit DE].&[Norovirus-Gastroenteritis]"
101.21,"LK Göttingen","[DeutschlandNodes].[Kreise71Web].[FedStateKey71].&[03].&[DE91].&[03159]",2017,1,"Norovirus","[KategorieNz].[Krankheit DE].&[Norovirus-Gastroenteritis]"
76.32,"LK Helmstedt","[DeutschlandNodes].[Kreise71Web].[FedStateKey71].&[03].&[DE91].&[03154]",2017,1,"Norovirus","[KategorieNz].[Krankheit DE].&[Norovirus-Gastroenteritis]"
150.32,"LK Northeim","[DeutschlandNodes].[Kreise71Web].[FedStateKey71].&[03].&[DE91].&[03155]",2017,1,"Norovirus","[KategorieNz].[Krankheit DE].&[Norovirus-Gastroenteritis]"
191.95,"LK Peine","[DeutschlandNodes].[Kreise71Web].[FedStateKey71].&[03].&[DE91].&[03157]",2017,1,"Norovirus","[KategorieNz].[Krankheit DE].&[Norovirus-Gastroenteritis]"
221.91,"SK Salzgitter","[DeutschlandNodes].[Kreise71Web].[FedStateKey71].&[03].&[DE91].&[03102]",2017,1,"Norovirus","[KategorieNz].[Krankheit DE].&[Norovirus-Gastroenteritis]"
100.47,"LK Wolfenbüttel","[DeutschlandNodes].[Kreise71Web].[FedStateKey71].&[03].&[DE91].&[03158]",2017,1,"Norovirus","[KategorieNz].[Krankheit DE].&[Norovirus-Gastroenteritis]"
61.33,"SK Wolfsburg","[DeutschlandNodes].[Kreise71Web].[FedStateKey71].&[03].&[DE91].&[03103]",2017,1,"Norovirus","[KategorieNz].[Krankheit DE].&[Norovirus-Gastroenteritis]"
62.96,"LK Diepholz","[DeutschlandNodes].[Kreise71Web].[FedStateKey71].&[03].&[DE92].&[03251]",2017,1,"Norovirus","[KategorieNz].[Krankheit DE].&[Norovirus-Gastroenteritis]"
105.87,"LK Hameln-Pyrmont","[DeutschlandNodes].[Kreise71Web].[FedStateKey71].&[03].&[DE92].&[03252]",2017,1,"Norovirus","[KategorieNz].[Krankheit DE].&[Norovirus-Gastroenteritis]"
58.39,"Region Hannover","[DeutschlandNodes].[Kreise71Web].[FedStateKey71].&[03].&[DE92].&[03241]",2017,1,"Norovirus","[KategorieNz].[Krankheit DE].&[Norovirus-Gastroenteritis]"
93.62,"LK Hildesheim","[DeutschlandNodes].[Kreise71Web].[FedStateKey71].&[03].&[DE92].&[03254]",2017,1,"Norovirus","[KategorieNz].[Krankheit DE].&[Norovirus-Gastroenteritis]"
188.35,"LK Holzminden","[DeutschlandNodes].[Kreise71Web].[FedStateKey71].&[03].&[DE92].&[03255]",2017,1,"Norovirus","[KategorieNz].[Krankheit DE].&[Norovirus-Gastroenteritis]"
81.5,"LK Nienburg (Weser)","[DeutschlandNodes].[Kreise71Web].[FedStateKey71].&[03].&[DE92].&[03256]",2017,1,"Norovirus","[KategorieNz].[Krankheit DE].&[Norovirus-Gastroenteritis]"
85.51,"LK Schaumburg","[DeutschlandNodes].[Kreise71Web].[FedStateKey71].&[03].&[DE92].&[03257]",2017,1,"Norovirus","[KategorieNz].[Krankheit DE].&[Norovirus-Gastroenteritis]"
107.96,"LK Celle","[DeutschlandNodes].[Kreise71Web].[FedStateKey71].&[03].&[DE93].&[03351]",2017,1,"Norovirus","[KategorieNz].[Krankheit DE].&[Norovirus-Gastroenteritis]"
123.67,"LK Cuxhaven","[DeutschlandNodes].[Kreise71Web].[FedStateKey71].&[03].&[DE93].&[03352]",2017,1,"Norovirus","[KategorieNz].[Krankheit DE].&[Norovirus-Gastroenteritis]"
64.41,"LK Harburg","[DeutschlandNodes].[Kreise71Web].[FedStateKey71].&[03].&[DE93].&[03353]",2017,1,"Norovirus","[KategorieNz].[Krankheit DE].&[Norovirus-Gastroenteritis]"
86.99,"LK Heidekreis","[DeutschlandNodes].[Kreise71Web].[FedStateKey71].&[03].&[DE93].&[03358]",2017,1,"Norovirus","[KategorieNz].[Krankheit DE].&[Norovirus-Gastroenteritis]"
113.74,"LK Lüchow-Dannenberg","[DeutschlandNodes].[Kreise71Web].[FedStateKey71].&[03].&[DE93].&[03354]",2017,1,"Norovirus","[KategorieNz].[Krankheit DE].&[Norovirus-Gastroenteritis]"
56.85,"LK Lüneburg","[DeutschlandNodes].[Kreise71Web].[FedStateKey71].&[03].&[DE93].&[03355]",2017,1,"Norovirus","[KategorieNz].[Krankheit DE].&[Norovirus-Gastroenteritis]"
33.6,"LK Osterholz","[DeutschlandNodes].[Kreise71Web].[FedStateKey71].&[03].&[DE93].&[03356]",2017,1,"Norovirus","[KategorieNz].[Krankheit DE].&[Norovirus-Gastroenteritis]"
63.04,"LK Rotenburg (Wümme)","[DeutschlandNodes].[Kreise71Web].[FedStateKey71].&[03].&[DE93].&[03357]",2017,1,"Norovirus","[KategorieNz].[Krankheit DE].&[Norovirus-Gastroenteritis]"
59.44,"LK Stade","[DeutschlandNodes].[Kreise71Web].[FedStateKey71].&[03].&[DE93].&[03359]",2017,1,"Norovirus","[KategorieNz].[Krankheit DE].&[Norovirus-Gastroenteritis]"
52.83,"LK Uelzen","[DeutschlandNodes].[Kreise71Web].[FedStateKey71].&[03].&[DE93].&[03360]",2017,1,"Norovirus","[KategorieNz].[Krankheit DE].&[Norovirus-Gastroenteritis]"
38.07,"LK Verden","[DeutschlandNodes].[Kreise71Web].[FedStateKey71].&[03].&[DE93].&[03361]",2017,1,"Norovirus","[KategorieNz].[Krankheit DE].&[Norovirus-Gastroenteritis]"
52.68,"LK Ammerland","[DeutschlandNodes].[Kreise71Web].[FedStateKey71].&[03].&[DE94].&[03451]",2017,1,"Norovirus","[KategorieNz].[Krankheit DE].&[Norovirus-Gastroenteritis]"
71.6,"LK Aurich","[DeutschlandNodes].[Kreise71Web].[FedStateKey71].&[03].&[DE94].&[03452]",2017,1,"Norovirus","[KategorieNz].[Krankheit DE].&[Norovirus-Gastroenteritis]"
44.66,"LK Cloppenburg","[DeutschlandNodes].[Kreise71Web].[FedStateKey71].&[03].&[DE94].&[03453]",2017,1,"Norovirus","[KategorieNz].[Krankheit DE].&[Norovirus-Gastroenteritis]"
36.12,"SK Delmenhorst","[DeutschlandNodes].[Kreise71Web].[FedStateKey71].&[03].&[DE94].&[03401]",2017,1,"Norovirus","[KategorieNz].[Krankheit DE].&[Norovirus-Gastroenteritis]"
65.21,"SK Emden","[DeutschlandNodes].[Kreise71Web].[FedStateKey71].&[03].&[DE94].&[03402]",2017,1,"Norovirus","[KategorieNz].[Krankheit DE].&[Norovirus-Gastroenteritis]"
92.7,"LK Emsland","[DeutschlandNodes].[Kreise71Web].[FedStateKey71].&[03].&[DE94].&[03454]",2017,1,"Norovirus","[KategorieNz].[Krankheit DE].&[Norovirus-Gastroenteritis]"
102.53,"LK Friesland","[DeutschlandNodes].[Kreise71Web].[FedStateKey71].&[03].&[DE94].&[03455]",2017,1,"Norovirus","[KategorieNz].[Krankheit DE].&[Norovirus-Gastroenteritis]"
50.79,"LK Grafschaft Bentheim","[DeutschlandNodes].[Kreise71Web].[FedStateKey71].&[03].&[DE94].&[03456]",2017,1,"Norovirus","[KategorieNz].[Krankheit DE].&[Norovirus-Gastroenteritis]"
76.36,"LK Leer","[DeutschlandNodes].[Kreise71Web].[FedStateKey71].&[03].&[DE94].&[03457]",2017,1,"Norovirus","[KategorieNz].[Krankheit DE].&[Norovirus-Gastroenteritis]"
49.68,"SK Oldenburg","[DeutschlandNodes].[Kreise71Web].[FedStateKey71].&[03].&[DE94].&[03403]",2017,1,"Norovirus","[KategorieNz].[Krankheit DE].&[Norovirus-Gastroenteritis]"
54.65,"LK Oldenburg","[DeutschlandNodes].[Kreise71Web].[FedStateKey71].&[03].&[DE94].&[03458]",2017,1,"Norovirus","[KategorieNz].[Krankheit DE].&[Norovirus-Gastroenteritis]"
51.1,"SK Osnabrück","[DeutschlandNodes].[Kreise71Web].[FedStateKey71].&[03].&[DE94].&[03404]",2017,1,"Norovirus","[KategorieNz].[Krankheit DE].&[Norovirus-Gastroenteritis]"
58.97,"LK Osnabrück","[DeutschlandNodes].[Kreise71Web].[FedStateKey71].&[03].&[DE94].&[03459]",2017,1,"Norovirus","[KategorieNz].[Krankheit DE].&[Norovirus-Gastroenteritis]"
40.56,"LK Vechta","[DeutschlandNodes].[Kreise71Web].[FedStateKey71].&[03].&[DE94].&[03460]",2017,1,"Norovirus","[KategorieNz].[Krankheit DE].&[Norovirus-Gastroenteritis]"
65.15,"LK Wesermarsch","[DeutschlandNodes].[Kreise71Web].[FedStateKey71].&[03].&[DE94].&[03461]",2017,1,"Norovirus","[KategorieNz].[Krankheit DE].&[Norovirus-Gastroenteritis]"
175.59,"SK Wilhelmshaven","[DeutschlandNodes].[Kreise71Web].[FedStateKey71].&[03].&[DE94].&[03405]",2017,1,"Norovirus","[KategorieNz].[Krankheit DE].&[Norovirus-Gastroenteritis]"
105.76,"LK Wittmund","[DeutschlandNodes].[Kreise71Web].[FedStateKey71].&[03].&[DE94].&[03462]",2017,1,"Norovirus","[KategorieNz].[Krankheit DE].&[Norovirus-Gastroenteritis]"
68.39,"SK Bochum","[DeutschlandNodes].[Kreise71Web].[FedStateKey71].&[05].&[DEA5].&[05911]",2017,1,"Norovirus","[KategorieNz].[Krankheit DE].&[Norovirus-Gastroenteritis]"
83.87,"SK Dortmund","[DeutschlandNodes].[Kreise71Web].[FedStateKey71].&[05].&[DEA5].&[05913]",2017,1,"Norovirus","[KategorieNz].[Krankheit DE].&[Norovirus-Gastroenteritis]"
97.02,"LK Ennepe-Ruhr-Kreis","[DeutschlandNodes].[Kreise71Web].[FedStateKey71].&[05].&[DEA5].&[05954]",2017,1,"Norovirus","[KategorieNz].[Krankheit DE].&[Norovirus-Gastroenteritis]"
131.04,"SK Hagen","[DeutschlandNodes].[Kreise71Web].[FedStateKey71].&[05].&[DEA5].&[05914]",2017,1,"Norovirus","[KategorieNz].[Krankheit DE].&[Norovirus-Gastroenteritis]"
128.92,"SK Hamm","[DeutschlandNodes].[Kreise71Web].[FedStateKey71].&[05].&[DEA5].&[05915]",2017,1,"Norovirus","[KategorieNz].[Krankheit DE].&[Norovirus-Gastroenteritis]"
90.1,"SK Herne","[DeutschlandNodes].[Kreise71Web].[FedStateKey71].&[05].&[DEA5].&[05916]",2017,1,"Norovirus","[KategorieNz].[Krankheit DE].&[Norovirus-Gastroenteritis]"
164,"LK Hochsauerlandkreis","[DeutschlandNodes].[Kreise71Web].[FedStateKey71].&[05].&[DEA5].&[05958]",2017,1,"Norovirus","[KategorieNz].[Krankheit DE].&[Norovirus-Gastroenteritis]"
75.47,"LK Märkischer Kreis","[DeutschlandNodes].[Kreise71Web].[FedStateKey71].&[05].&[DEA5].&[05962]",2017,1,"Norovirus","[KategorieNz].[Krankheit DE].&[Norovirus-Gastroenteritis]"
48.22,"LK Olpe","[DeutschlandNodes].[Kreise71Web].[FedStateKey71].&[05].&[DEA5].&[05966]",2017,1,"Norovirus","[KategorieNz].[Krankheit DE].&[Norovirus-Gastroenteritis]"
47.49,"LK Siegen-Wittgenstein","[DeutschlandNodes].[Kreise71Web].[FedStateKey71].&[05].&[DEA5].&[05970]",2017,1,"Norovirus","[KategorieNz].[Krankheit DE].&[Norovirus-Gastroenteritis]"
280.42,"LK Soest","[DeutschlandNodes].[Kreise71Web].[FedStateKey71].&[05].&[DEA5].&[05974]",2017,1,"Norovirus","[KategorieNz].[Krankheit DE].&[Norovirus-Gastroenteritis]"
101.29,"LK Unna","[DeutschlandNodes].[Kreise71Web].[FedStateKey71].&[05].&[DEA5].&[05978]",2017,1,"Norovirus","[KategorieNz].[Krankheit DE].&[Norovirus-Gastroenteritis]"
90.51,"SK Bielefeld","[DeutschlandNodes].[Kreise71Web].[FedStateKey71].&[05].&[DEA4].&[05711]",2017,1,"Norovirus","[KategorieNz].[Krankheit DE].&[Norovirus-Gastroenteritis]"
82.91,"LK Gütersloh","[DeutschlandNodes].[Kreise71Web].[FedStateKey71].&[05].&[DEA4].&[05754]",2017,1,"Norovirus","[KategorieNz].[Krankheit DE].&[Norovirus-Gastroenteritis]"
115.29,"LK Herford","[DeutschlandNodes].[Kreise71Web].[FedStateKey71].&[05].&[DEA4].&[05758]",2017,1,"Norovirus","[KategorieNz].[Krankheit DE].&[Norovirus-Gastroenteritis]"
140.57,"LK Höxter","[DeutschlandNodes].[Kreise71Web].[FedStateKey71].&[05].&[DEA4].&[05762]",2017,1,"Norovirus","[KategorieNz].[Krankheit DE].&[Norovirus-Gastroenteritis]"
107.72,"LK Lippe","[DeutschlandNodes].[Kreise71Web].[FedStateKey71].&[05].&[DEA4].&[05766]",2017,1,"Norovirus","[KategorieNz].[Krankheit DE].&[Norovirus-Gastroenteritis]"
74.87,"LK Minden-Lübbecke","[DeutschlandNodes].[Kreise71Web].[FedStateKey71].&[05].&[DEA4].&[05770]",2017,1,"Norovirus","[KategorieNz].[Krankheit DE].&[Norovirus-Gastroenteritis]"
74.01,"LK Paderborn","[DeutschlandNodes].[Kreise71Web].[FedStateKey71].&[05].&[DEA4].&[05774]",2017,1,"Norovirus","[KategorieNz].[Krankheit DE].&[Norovirus-Gastroenteritis]"
99.58,"SK Duisburg","[DeutschlandNodes].[Kreise71Web].[FedStateKey71].&[05].&[DEA1].&[05112]",2017,1,"Norovirus","[KategorieNz].[Krankheit DE].&[Norovirus-Gastroenteritis]"
93.96,"SK Düsseldorf","[DeutschlandNodes].[Kreise71Web].[FedStateKey71].&[05].&[DEA1].&[05111]",2017,1,"Norovirus","[KategorieNz].[Krankheit DE].&[Norovirus-Gastroenteritis]"
110.39,"SK Essen","[DeutschlandNodes].[Kreise71Web].[FedStateKey71].&[05].&[DEA1].&[05113]",2017,1,"Norovirus","[KategorieNz].[Krankheit DE].&[Norovirus-Gastroenteritis]"
69.39,"LK Kleve","[DeutschlandNodes].[Kreise71Web].[FedStateKey71].&[05].&[DEA1].&[05154]",2017,1,"Norovirus","[KategorieNz].[Krankheit DE].&[Norovirus-Gastroenteritis]"
85.13,"SK Krefeld","[DeutschlandNodes].[Kreise71Web].[FedStateKey71].&[05].&[DEA1].&[05114]",2017,1,"Norovirus","[KategorieNz].[Krankheit DE].&[Norovirus-Gastroenteritis]"
186.65,"LK Mettmann","[DeutschlandNodes].[Kreise71Web].[FedStateKey71].&[05].&[DEA1].&[05158]",2017,1,"Norovirus","[KategorieNz].[Krankheit DE].&[Norovirus-Gastroenteritis]"
135.02,"SK Mönchengladbach","[DeutschlandNodes].[Kreise71Web].[FedStateKey71].&[05].&[DEA1].&[05116]",2017,1,"Norovirus","[KategorieNz].[Krankheit DE].&[Norovirus-Gastroenteritis]"
77.66,"SK Mülheim a.d.Ruhr","[DeutschlandNodes].[Kreise71Web].[FedStateKey71].&[05].&[DEA1].&[05117]",2017,1,"Norovirus","[KategorieNz].[Krankheit DE].&[Norovirus-Gastroenteritis]"
91.29,"SK Oberhausen","[DeutschlandNodes].[Kreise71Web].[FedStateKey71].&[05].&[DEA1].&[05119]",2017,1,"Norovirus","[KategorieNz].[Krankheit DE].&[Norovirus-Gastroenteritis]"
141.97,"SK Remscheid","[DeutschlandNodes].[Kreise71Web].[FedStateKey71].&[05].&[DEA1].&[05120]",2017,1,"Norovirus","[KategorieNz].[Krankheit DE].&[Norovirus-Gastroenteritis]"
112.59,"LK Rhein-Kreis Neuss","[DeutschlandNodes].[Kreise71Web].[FedStateKey71].&[05].&[DEA1].&[05162]",2017,1,"Norovirus","[KategorieNz].[Krankheit DE].&[Norovirus-Gastroenteritis]"
166.87,"SK Solingen","[DeutschlandNodes].[Kreise71Web].[FedStateKey71].&[05].&[DEA1].&[05122]",2017,1,"Norovirus","[KategorieNz].[Krankheit DE].&[Norovirus-Gastroenteritis]"
89.04,"LK Viersen","[DeutschlandNodes].[Kreise71Web].[FedStateKey71].&[05].&[DEA1].&[05166]",2017,1,"Norovirus","[KategorieNz].[Krankheit DE].&[Norovirus-Gastroenteritis]"
84.88,"LK Wesel","[DeutschlandNodes].[Kreise71Web].[FedStateKey71].&[05].&[DEA1].&[05170]",2017,1,"Norovirus","[KategorieNz].[Krankheit DE].&[Norovirus-Gastroenteritis]"
59.11,"SK Wuppertal","[DeutschlandNodes].[Kreise71Web].[FedStateKey71].&[05].&[DEA1].&[05124]",2017,1,"Norovirus","[KategorieNz].[Krankheit DE].&[Norovirus-Gastroenteritis]"
80.86,"StädteRegion Aachen","[DeutschlandNodes].[Kreise71Web].[FedStateKey71].&[05].&[DEA2].&[05334]",2017,1,"Norovirus","[KategorieNz].[Krankheit DE].&[Norovirus-Gastroenteritis]"
80.49,"SK Bonn","[DeutschlandNodes].[Kreise71Web].[FedStateKey71].&[05].&[DEA2].&[05314]",2017,1,"Norovirus","[KategorieNz].[Krankheit DE].&[Norovirus-Gastroenteritis]"
161.67,"LK Düren","[DeutschlandNodes].[Kreise71Web].[FedStateKey71].&[05].&[DEA2].&[05358]",2017,1,"Norovirus","[KategorieNz].[Krankheit DE].&[Norovirus-Gastroenteritis]"
110.34,"LK Euskirchen","[DeutschlandNodes].[Kreise71Web].[FedStateKey71].&[05].&[DEA2].&[05366]",2017,1,"Norovirus","[KategorieNz].[Krankheit DE].&[Norovirus-Gastroenteritis]"
124.06,"LK Heinsberg","[DeutschlandNodes].[Kreise71Web].[FedStateKey71].&[05].&[DEA2].&[05370]",2017,1,"Norovirus","[KategorieNz].[Krankheit DE].&[Norovirus-Gastroenteritis]"
80.25,"SK Köln","[DeutschlandNodes].[Kreise71Web].[FedStateKey71].&[05].&[DEA2].&[05315]",2017,1,"Norovirus","[KategorieNz].[Krankheit DE].&[Norovirus-Gastroenteritis]"
69.08,"SK Leverkusen","[DeutschlandNodes].[Kreise71Web].[FedStateKey71].&[05].&[DEA2].&[05316]",2017,1,"Norovirus","[KategorieNz].[Krankheit DE].&[Norovirus-Gastroenteritis]"
163.39,"LK Oberbergischer Kreis","[DeutschlandNodes].[Kreise71Web].[FedStateKey71].&[05].&[DEA2].&[05374]",2017,1,"Norovirus","[KategorieNz].[Krankheit DE].&[Norovirus-Gastroenteritis]"
104.02,"LK Rhein-Erft-Kreis","[DeutschlandNodes].[Kreise71Web].[FedStateKey71].&[05].&[DEA2].&[05362]",2017,1,"Norovirus","[KategorieNz].[Krankheit DE].&[Norovirus-Gastroenteritis]"
46.23,"LK Rheinisch-Bergischer Kreis","[DeutschlandNodes].[Kreise71Web].[FedStateKey71].&[05].&[DEA2].&[05378]",2017,1,"Norovirus","[KategorieNz].[Krankheit DE].&[Norovirus-Gastroenteritis]"
73.62,"LK Rhein-Sieg-Kreis","[DeutschlandNodes].[Kreise71Web].[FedStateKey71].&[05].&[DEA2].&[05382]",2017,1,"Norovirus","[KategorieNz].[Krankheit DE].&[Norovirus-Gastroenteritis]"
125.77,"LK Borken","[DeutschlandNodes].[Kreise71Web].[FedStateKey71].&[05].&[DEA3].&[05554]",2017,1,"Norovirus","[KategorieNz].[Krankheit DE].&[Norovirus-Gastroenteritis]"
130.36,"SK Bottrop","[DeutschlandNodes].[Kreise71Web].[FedStateKey71].&[05].&[DEA3].&[05512]",2017,1,"Norovirus","[KategorieNz].[Krankheit DE].&[Norovirus-Gastroenteritis]"
171.86,"LK Coesfeld","[DeutschlandNodes].[Kreise71Web].[FedStateKey71].&[05].&[DEA3].&[05558]",2017,1,"Norovirus","[KategorieNz].[Krankheit DE].&[Norovirus-Gastroenteritis]"
58.39,"SK Gelsenkirchen","[DeutschlandNodes].[Kreise71Web].[FedStateKey71].&[05].&[DEA3].&[05513]",2017,1,"Norovirus","[KategorieNz].[Krankheit DE].&[Norovirus-Gastroenteritis]"
173.17,"SK Münster","[DeutschlandNodes].[Kreise71Web].[FedStateKey71].&[05].&[DEA3].&[05515]",2017,1,"Norovirus","[KategorieNz].[Krankheit DE].&[Norovirus-Gastroenteritis]"
137.64,"LK Recklinghausen","[DeutschlandNodes].[Kreise71Web].[FedStateKey71].&[05].&[DEA3].&[05562]",2017,1,"Norovirus","[KategorieNz].[Krankheit DE].&[Norovirus-Gastroenteritis]"
81.96,"LK Steinfurt","[DeutschlandNodes].[Kreise71Web].[FedStateKey71].&[05].&[DEA3].&[05566]",2017,1,"Norovirus","[KategorieNz].[Krankheit DE].&[Norovirus-Gastroenteritis]"
184.17,"LK Warendorf","[DeutschlandNodes].[Kreise71Web].[FedStateKey71].&[05].&[DEA3].&[05570]",2017,1,"Norovirus","[KategorieNz].[Krankheit DE].&[Norovirus-Gastroenteritis]"
189.27,"LK Ahrweiler","[DeutschlandNodes].[Kreise71Web].[FedStateKey71].&[07].&[DEB1].&[07131]",2017,1,"Norovirus","[KategorieNz].[Krankheit DE].&[Norovirus-Gastroenteritis]"
86.96,"LK Altenkirchen","[DeutschlandNodes].[Kreise71Web].[FedStateKey71].&[07].&[DEB1].&[07132]",2017,1,"Norovirus","[KategorieNz].[Krankheit DE].&[Norovirus-Gastroenteritis]"
168.84,"LK Bad Kreuznach","[DeutschlandNodes].[Kreise71Web].[FedStateKey71].&[07].&[DEB1].&[07133]",2017,1,"Norovirus","[KategorieNz].[Krankheit DE].&[Norovirus-Gastroenteritis]"
371.62,"LK Birkenfeld","[DeutschlandNodes].[Kreise71Web].[FedStateKey71].&[07].&[DEB1].&[07134]",2017,1,"Norovirus","[KategorieNz].[Krankheit DE].&[Norovirus-Gastroenteritis]"
454.09,"LK Cochem-Zell","[DeutschlandNodes].[Kreise71Web].[FedStateKey71].&[07].&[DEB1].&[07135]",2017,1,"Norovirus","[KategorieNz].[Krankheit DE].&[Norovirus-Gastroenteritis]"
109.8,"SK Koblenz","[DeutschlandNodes].[Kreise71Web].[FedStateKey71].&[07].&[DEB1].&[07111]",2017,1,"Norovirus","[KategorieNz].[Krankheit DE].&[Norovirus-Gastroenteritis]"
231.79,"LK Mayen-Koblenz","[DeutschlandNodes].[Kreise71Web].[FedStateKey71].&[07].&[DEB1].&[07137]",2017,1,"Norovirus","[KategorieNz].[Krankheit DE].&[Norovirus-Gastroenteritis]"
114.5,"LK Neuwied","[DeutschlandNodes].[Kreise71Web].[FedStateKey71].&[07].&[DEB1].&[07138]",2017,1,"Norovirus","[KategorieNz].[Krankheit DE].&[Norovirus-Gastroenteritis]"
301.15,"LK Rhein-Hunsrück-Kreis","[DeutschlandNodes].[Kreise71Web].[FedStateKey71].&[07].&[DEB1].&[07140]",2017,1,"Norovirus","[KategorieNz].[Krankheit DE].&[Norovirus-Gastroenteritis]"
262.3,"LK Rhein-Lahn-Kreis","[DeutschlandNodes].[Kreise71Web].[FedStateKey71].&[07].&[DEB1].&[07141]",2017,1,"Norovirus","[KategorieNz].[Krankheit DE].&[Norovirus-Gastroenteritis]"
123.36,"LK Westerwaldkreis","[DeutschlandNodes].[Kreise71Web].[FedStateKey71].&[07].&[DEB1].&[07143]",2017,1,"Norovirus","[KategorieNz].[Krankheit DE].&[Norovirus-Gastroenteritis]"
166.51,"LK Alzey-Worms","[DeutschlandNodes].[Kreise71Web].[FedStateKey71].&[07].&[DEB3].&[07331]",2017,1,"Norovirus","[KategorieNz].[Krankheit DE].&[Norovirus-Gastroenteritis]"
211.69,"LK Bad Dürkheim","[DeutschlandNodes].[Kreise71Web].[FedStateKey71].&[07].&[DEB3].&[07332]",2017,1,"Norovirus","[KategorieNz].[Krankheit DE].&[Norovirus-Gastroenteritis]"
135.82,"LK Donnersbergkreis","[DeutschlandNodes].[Kreise71Web].[FedStateKey71].&[07].&[DEB3].&[07333]",2017,1,"Norovirus","[KategorieNz].[Krankheit DE].&[Norovirus-Gastroenteritis]"
134.25,"SK Frankenthal","[DeutschlandNodes].[Kreise71Web].[FedStateKey71].&[07].&[DEB3].&[07311]",2017,1,"Norovirus","[KategorieNz].[Krankheit DE].&[Norovirus-Gastroenteritis]"
130.76,"LK Germersheim","[DeutschlandNodes].[Kreise71Web].[FedStateKey71].&[07].&[DEB3].&[07334]",2017,1,"Norovirus","[KategorieNz].[Krankheit DE].&[Norovirus-Gastroenteritis]"
179.57,"SK Kaiserslautern","[DeutschlandNodes].[Kreise71Web].[FedStateKey71].&[07].&[DEB3].&[07312]",2017,1,"Norovirus","[KategorieNz].[Krankheit DE].&[Norovirus-Gastroenteritis]"
113.58,"LK Kaiserslautern","[DeutschlandNodes].[Kreise71Web].[FedStateKey71].&[07].&[DEB3].&[07335]",2017,1,"Norovirus","[KategorieNz].[Krankheit DE].&[Norovirus-Gastroenteritis]"
124.36,"LK Kusel","[DeutschlandNodes].[Kreise71Web].[FedStateKey71].&[07].&[DEB3].&[07336]",2017,1,"Norovirus","[KategorieNz].[Krankheit DE].&[Norovirus-Gastroenteritis]"
248.42,"SK Landau i.d.Pfalz","[DeutschlandNodes].[Kreise71Web].[FedStateKey71].&[07].&[DEB3].&[07313]",2017,1,"Norovirus","[KategorieNz].[Krankheit DE].&[Norovirus-Gastroenteritis]"
185.17,"SK Ludwigshafen","[DeutschlandNodes].[Kreise71Web].[FedStateKey71].&[07].&[DEB3].&[07314]",2017,1,"Norovirus","[KategorieNz].[Krankheit DE].&[Norovirus-Gastroenteritis]"
77.17,"SK Mainz","[DeutschlandNodes].[Kreise71Web].[FedStateKey71].&[07].&[DEB3].&[07315]",2017,1,"Norovirus","[KategorieNz].[Krankheit DE].&[Norovirus-Gastroenteritis]"
95.81,"LK Mainz-Bingen","[DeutschlandNodes].[Kreise71Web].[FedStateKey71].&[07].&[DEB3].&[07339]",2017,1,"Norovirus","[KategorieNz].[Krankheit DE].&[Norovirus-Gastroenteritis]"
82.47,"SK Neustadt a.d.Weinstraße","[DeutschlandNodes].[Kreise71Web].[FedStateKey71].&[07].&[DEB3].&[07316]",2017,1,"Norovirus","[KategorieNz].[Krankheit DE].&[Norovirus-Gastroenteritis]"
98.44,"SK Pirmasens","[DeutschlandNodes].[Kreise71Web].[FedStateKey71].&[07].&[DEB3].&[07317]",2017,1,"Norovirus","[KategorieNz].[Krankheit DE].&[Norovirus-Gastroenteritis]"
141.9,"LK Rhein-Pfalz-Kreis","[DeutschlandNodes].[Kreise71Web].[FedStateKey71].&[07].&[DEB3].&[07338]",2017,1,"Norovirus","[KategorieNz].[Krankheit DE].&[Norovirus-Gastroenteritis]"
147.26,"SK Speyer","[DeutschlandNodes].[Kreise71Web].[FedStateKey71].&[07].&[DEB3].&[07318]",2017,1,"Norovirus","[KategorieNz].[Krankheit DE].&[Norovirus-Gastroenteritis]"
208.82,"LK Südliche Weinstraße","[DeutschlandNodes].[Kreise71Web].[FedStateKey71].&[07].&[DEB3].&[07337]",2017,1,"Norovirus","[KategorieNz].[Krankheit DE].&[Norovirus-Gastroenteritis]"
151.87,"LK Südwestpfalz","[DeutschlandNodes].[Kreise71Web].[FedStateKey71].&[07].&[DEB3].&[07340]",2017,1,"Norovirus","[KategorieNz].[Krankheit DE].&[Norovirus-Gastroenteritis]"
89.07,"SK Worms","[DeutschlandNodes].[Kreise71Web].[FedStateKey71].&[07].&[DEB3].&[07319]",2017,1,"Norovirus","[KategorieNz].[Krankheit DE].&[Norovirus-Gastroenteritis]"
166.33,"SK Zweibrücken","[DeutschlandNodes].[Kreise71Web].[FedStateKey71].&[07].&[DEB3].&[07320]",2017,1,"Norovirus","[KategorieNz].[Krankheit DE].&[Norovirus-Gastroenteritis]"
97.21,"LK Bernkastel-Wittlich","[DeutschlandNodes].[Kreise71Web].[FedStateKey71].&[07].&[DEB2].&[07231]",2017,1,"Norovirus","[KategorieNz].[Krankheit DE].&[Norovirus-Gastroenteritis]"
63.13,"LK Bitburg-Prüm","[DeutschlandNodes].[Kreise71Web].[FedStateKey71].&[07].&[DEB2].&[07232]",2017,1,"Norovirus","[KategorieNz].[Krankheit DE].&[Norovirus-Gastroenteritis]"
69.08,"SK Trier","[DeutschlandNodes].[Kreise71Web].[FedStateKey71].&[07].&[DEB2].&[07211]",2017,1,"Norovirus","[KategorieNz].[Krankheit DE].&[Norovirus-Gastroenteritis]"
68,"LK Trier-Saarburg","[DeutschlandNodes].[Kreise71Web].[FedStateKey71].&[07].&[DEB2].&[07235]",2017,1,"Norovirus","[KategorieNz].[Krankheit DE].&[Norovirus-Gastroenteritis]"
194.38,"LK Vulkaneifel","[DeutschlandNodes].[Kreise71Web].[FedStateKey71].&[07].&[DEB2].&[07233]",2017,1,"Norovirus","[KategorieNz].[Krankheit DE].&[Norovirus-Gastroenteritis]"
201.63,"LK Merzig-Wadern","[DeutschlandNodes].[Kreise71Web].[FedStateKey71].&[10].&[DEC0].&[10042]",2017,1,"Norovirus","[KategorieNz].[Krankheit DE].&[Norovirus-Gastroenteritis]"
198.05,"LK Neunkirchen","[DeutschlandNodes].[Kreise71Web].[FedStateKey71].&[10].&[DEC0].&[10043]",2017,1,"Norovirus","[KategorieNz].[Krankheit DE].&[Norovirus-Gastroenteritis]"
147.08,"LK Saarlouis","[DeutschlandNodes].[Kreise71Web].[FedStateKey71].&[10].&[DEC0].&[10044]",2017,1,"Norovirus","[KategorieNz].[Krankheit DE].&[Norovirus-Gastroenteritis]"
170.15,"LK Saarpfalz-Kreis","[DeutschlandNodes].[Kreise71Web].[FedStateKey71].&[10].&[DEC0].&[10045]",2017,1,"Norovirus","[KategorieNz].[Krankheit DE].&[Norovirus-Gastroenteritis]"
170.71,"LK Sankt Wendel","[DeutschlandNodes].[Kreise71Web].[FedStateKey71].&[10].&[DEC0].&[10046]",2017,1,"Norovirus","[KategorieNz].[Krankheit DE].&[Norovirus-Gastroenteritis]"
160.84,"LK Stadtverband Saarbrücken","[DeutschlandNodes].[Kreise71Web].[FedStateKey71].&[10].&[DEC0].&[10041]",2017,1,"Norovirus","[KategorieNz].[Krankheit DE].&[Norovirus-Gastroenteritis]"
200.12,"SK Chemnitz","[DeutschlandNodes].[Kreise71Web].[FedStateKey71].&[14].&[DED4].&[14511]",2017,1,"Norovirus","[KategorieNz].[Krankheit DE].&[Norovirus-Gastroenteritis]"
157.47,"LK Erzgebirgskreis","[DeutschlandNodes].[Kreise71Web].[FedStateKey71].&[14].&[DED4].&[14521]",2017,1,"Norovirus","[KategorieNz].[Krankheit DE].&[Norovirus-Gastroenteritis]"
196.01,"LK Mittelsachsen","[DeutschlandNodes].[Kreise71Web].[FedStateKey71].&[14].&[DED4].&[14522]",2017,1,"Norovirus","[KategorieNz].[Krankheit DE].&[Norovirus-Gastroenteritis]"
195.57,"LK Vogtlandkreis","[DeutschlandNodes].[Kreise71Web].[FedStateKey71].&[14].&[DED4].&[14523]",2017,1,"Norovirus","[KategorieNz].[Krankheit DE].&[Norovirus-Gastroenteritis]"
202.51,"LK Zwickau","[DeutschlandNodes].[Kreise71Web].[FedStateKey71].&[14].&[DED4].&[14524]",2017,1,"Norovirus","[KategorieNz].[Krankheit DE].&[Norovirus-Gastroenteritis]"
158.94,"LK Bautzen","[DeutschlandNodes].[Kreise71Web].[FedStateKey71].&[14].&[DED2].&[14625]",2017,1,"Norovirus","[KategorieNz].[Krankheit DE].&[Norovirus-Gastroenteritis]"
126.84,"SK Dresden","[DeutschlandNodes].[Kreise71Web].[FedStateKey71].&[14].&[DED2].&[14612]",2017,1,"Norovirus","[KategorieNz].[Krankheit DE].&[Norovirus-Gastroenteritis]"
282.56,"LK Görlitz","[DeutschlandNodes].[Kreise71Web].[FedStateKey71].&[14].&[DED2].&[14626]",2017,1,"Norovirus","[KategorieNz].[Krankheit DE].&[Norovirus-Gastroenteritis]"
228.52,"LK Meißen","[DeutschlandNodes].[Kreise71Web].[FedStateKey71].&[14].&[DED2].&[14627]",2017,1,"Norovirus","[KategorieNz].[Krankheit DE].&[Norovirus-Gastroenteritis]"
203.73,"LK Sächsische Schweiz-Osterzgebirge","[DeutschlandNodes].[Kreise71Web].[FedStateKey71].&[14].&[DED2].&[14628]",2017,1,"Norovirus","[KategorieNz].[Krankheit DE].&[Norovirus-Gastroenteritis]"
127.32,"SK Leipzig","[DeutschlandNodes].[Kreise71Web].[FedStateKey71].&[14].&[DED5].&[14713]",2017,1,"Norovirus","[KategorieNz].[Krankheit DE].&[Norovirus-Gastroenteritis]"
226.35,"LK Leipzig","[DeutschlandNodes].[Kreise71Web].[FedStateKey71].&[14].&[DED5].&[14729]",2017,1,"Norovirus","[KategorieNz].[Krankheit DE].&[Norovirus-Gastroenteritis]"
253.8,"LK Nordsachsen","[DeutschlandNodes].[Kreise71Web].[FedStateKey71].&[14].&[DED5].&[14730]",2017,1,"Norovirus","[KategorieNz].[Krankheit DE].&[Norovirus-Gastroenteritis]"
183.53,"LK Altmarkkreis Salzwedel","[DeutschlandNodes].[Kreise71Web].[FedStateKey71].&[15].&[DEE0].&[15081]",2017,1,"Norovirus","[KategorieNz].[Krankheit DE].&[Norovirus-Gastroenteritis]"
262.92,"LK Anhalt-Bitterfeld","[DeutschlandNodes].[Kreise71Web].[FedStateKey71].&[15].&[DEE0].&[15082]",2017,1,"Norovirus","[KategorieNz].[Krankheit DE].&[Norovirus-Gastroenteritis]"
451.86,"LK Börde","[DeutschlandNodes].[Kreise71Web].[FedStateKey71].&[15].&[DEE0].&[15083]",2017,1,"Norovirus","[KategorieNz].[Krankheit DE].&[Norovirus-Gastroenteritis]"
371.49,"LK Burgenlandkreis","[DeutschlandNodes].[Kreise71Web].[FedStateKey71].&[15].&[DEE0].&[15084]",2017,1,"Norovirus","[KategorieNz].[Krankheit DE].&[Norovirus-Gastroenteritis]"
913.4,"SK Dessau-Roßlau","[DeutschlandNodes].[Kreise71Web].[FedStateKey71].&[15].&[DEE0].&[15001]",2017,1,"Norovirus","[KategorieNz].[Krankheit DE].&[Norovirus-Gastroenteritis]"
313.58,"SK Halle","[DeutschlandNodes].[Kreise71Web].[FedStateKey71].&[15].&[DEE0].&[15002]",2017,1,"Norovirus","[KategorieNz].[Krankheit DE].&[Norovirus-Gastroenteritis]"
223.76,"LK Harz","[DeutschlandNodes].[Kreise71Web].[FedStateKey71].&[15].&[DEE0].&[15085]",2017,1,"Norovirus","[KategorieNz].[Krankheit DE].&[Norovirus-Gastroenteritis]"
907.53,"LK Jerichower Land","[DeutschlandNodes].[Kreise71Web].[FedStateKey71].&[15].&[DEE0].&[15086]",2017,1,"Norovirus","[KategorieNz].[Krankheit DE].&[Norovirus-Gastroenteritis]"
310.72,"SK Magdeburg","[DeutschlandNodes].[Kreise71Web].[FedStateKey71].&[15].&[DEE0].&[15003]",2017,1,"Norovirus","[KategorieNz].[Krankheit DE].&[Norovirus-Gastroenteritis]"
421.7,"LK Mansfeld-Südharz","[DeutschlandNodes].[Kreise71Web].[FedStateKey71].&[15].&[DEE0].&[15087]",2017,1,"Norovirus","[KategorieNz].[Krankheit DE].&[Norovirus-Gastroenteritis]"
184.37,"LK Saalekreis","[DeutschlandNodes].[Kreise71Web].[FedStateKey71].&[15].&[DEE0].&[15088]",2017,1,"Norovirus","[KategorieNz].[Krankheit DE].&[Norovirus-Gastroenteritis]"
297.81,"LK Salzlandkreis","[DeutschlandNodes].[Kreise71Web].[FedStateKey71].&[15].&[DEE0].&[15089]",2017,1,"Norovirus","[KategorieNz].[Krankheit DE].&[Norovirus-Gastroenteritis]"
373.72,"LK Stendal","[DeutschlandNodes].[Kreise71Web].[FedStateKey71].&[15].&[DEE0].&[15090]",2017,1,"Norovirus","[KategorieNz].[Krankheit DE].&[Norovirus-Gastroenteritis]"
473.13,"LK Wittenberg","[DeutschlandNodes].[Kreise71Web].[FedStateKey71].&[15].&[DEE0].&[15091]",2017,1,"Norovirus","[KategorieNz].[Krankheit DE].&[Norovirus-Gastroenteritis]"
43.46,"LK Dithmarschen","[DeutschlandNodes].[Kreise71Web].[FedStateKey71].&[01].&[DEF0].&[01051]",2017,1,"Norovirus","[KategorieNz].[Krankheit DE].&[Norovirus-Gastroenteritis]"
93.77,"SK Flensburg","[DeutschlandNodes].[Kreise71Web].[FedStateKey71].&[01].&[DEF0].&[01001]",2017,1,"Norovirus","[KategorieNz].[Krankheit DE].&[Norovirus-Gastroenteritis]"
412.6,"LK Herzogtum Lauenburg","[DeutschlandNodes].[Kreise71Web].[FedStateKey71].&[01].&[DEF0].&[01053]",2017,1,"Norovirus","[KategorieNz].[Krankheit DE].&[Norovirus-Gastroenteritis]"
107.69,"SK Kiel","[DeutschlandNodes].[Kreise71Web].[FedStateKey71].&[01].&[DEF0].&[01002]",2017,1,"Norovirus","[KategorieNz].[Krankheit DE].&[Norovirus-Gastroenteritis]"
186.76,"SK Lübeck","[DeutschlandNodes].[Kreise71Web].[FedStateKey71].&[01].&[DEF0].&[01003]",2017,1,"Norovirus","[KategorieNz].[Krankheit DE].&[Norovirus-Gastroenteritis]"
187.81,"SK Neumünster","[DeutschlandNodes].[Kreise71Web].[FedStateKey71].&[01].&[DEF0].&[01004]",2017,1,"Norovirus","[KategorieNz].[Krankheit DE].&[Norovirus-Gastroenteritis]"
231.47,"LK Nordfriesland","[DeutschlandNodes].[Kreise71Web].[FedStateKey71].&[01].&[DEF0].&[01054]",2017,1,"Norovirus","[KategorieNz].[Krankheit DE].&[Norovirus-Gastroenteritis]"
117.66,"LK Ostholstein","[DeutschlandNodes].[Kreise71Web].[FedStateKey71].&[01].&[DEF0].&[01055]",2017,1,"Norovirus","[KategorieNz].[Krankheit DE].&[Norovirus-Gastroenteritis]"
165.99,"LK Pinneberg","[DeutschlandNodes].[Kreise71Web].[FedStateKey71].&[01].&[DEF0].&[01056]",2017,1,"Norovirus","[KategorieNz].[Krankheit DE].&[Norovirus-Gastroenteritis]"
70.63,"LK Plön","[DeutschlandNodes].[Kreise71Web].[FedStateKey71].&[01].&[DEF0].&[01057]",2017,1,"Norovirus","[KategorieNz].[Krankheit DE].&[Norovirus-Gastroenteritis]"
117.21,"LK Rendsburg-Eckernförde","[DeutschlandNodes].[Kreise71Web].[FedStateKey71].&[01].&[DEF0].&[01058]",2017,1,"Norovirus","[KategorieNz].[Krankheit DE].&[Norovirus-Gastroenteritis]"
120.3,"LK Schleswig-Flensburg","[DeutschlandNodes].[Kreise71Web].[FedStateKey71].&[01].&[DEF0].&[01059]",2017,1,"Norovirus","[KategorieNz].[Krankheit DE].&[Norovirus-Gastroenteritis]"
62.4,"LK Segeberg","[DeutschlandNodes].[Kreise71Web].[FedStateKey71].&[01].&[DEF0].&[01060]",2017,1,"Norovirus","[KategorieNz].[Krankheit DE].&[Norovirus-Gastroenteritis]"
322.16,"LK Steinburg","[DeutschlandNodes].[Kreise71Web].[FedStateKey71].&[01].&[DEF0].&[01061]",2017,1,"Norovirus","[KategorieNz].[Krankheit DE].&[Norovirus-Gastroenteritis]"
82.9,"LK Stormarn","[DeutschlandNodes].[Kreise71Web].[FedStateKey71].&[01].&[DEF0].&[01062]",2017,1,"Norovirus","[KategorieNz].[Krankheit DE].&[Norovirus-Gastroenteritis]"
219.53,"LK Altenburger Land","[DeutschlandNodes].[Kreise71Web].[FedStateKey71].&[16].&[DEG0].&[16077]",2017,1,"Norovirus","[KategorieNz].[Krankheit DE].&[Norovirus-Gastroenteritis]"
508.72,"LK Eichsfeld","[DeutschlandNodes].[Kreise71Web].[FedStateKey71].&[16].&[DEG0].&[16061]",2017,1,"Norovirus","[KategorieNz].[Krankheit DE].&[Norovirus-Gastroenteritis]"
269.03,"SK Erfurt","[DeutschlandNodes].[Kreise71Web].[FedStateKey71].&[16].&[DEG0].&[16051]",2017,1,"Norovirus","[KategorieNz].[Krankheit DE].&[Norovirus-Gastroenteritis]"
269.87,"SK Gera","[DeutschlandNodes].[Kreise71Web].[FedStateKey71].&[16].&[DEG0].&[16052]",2017,1,"Norovirus","[KategorieNz].[Krankheit DE].&[Norovirus-Gastroenteritis]"
208.09,"LK Gotha","[DeutschlandNodes].[Kreise71Web].[FedStateKey71].&[16].&[DEG0].&[16067]",2017,1,"Norovirus","[KategorieNz].[Krankheit DE].&[Norovirus-Gastroenteritis]"
698.06,"LK Greiz","[DeutschlandNodes].[Kreise71Web].[FedStateKey71].&[16].&[DEG0].&[16076]",2017,1,"Norovirus","[KategorieNz].[Krankheit DE].&[Norovirus-Gastroenteritis]"
276.9,"LK Hildburghausen","[DeutschlandNodes].[Kreise71Web].[FedStateKey71].&[16].&[DEG0].&[16069]",2017,1,"Norovirus","[KategorieNz].[Krankheit DE].&[Norovirus-Gastroenteritis]"
277.5,"LK Ilm-Kreis","[DeutschlandNodes].[Kreise71Web].[FedStateKey71].&[16].&[DEG0].&[16070]",2017,1,"Norovirus","[KategorieNz].[Krankheit DE].&[Norovirus-Gastroenteritis]"
348.34,"SK Jena","[DeutschlandNodes].[Kreise71Web].[FedStateKey71].&[16].&[DEG0].&[16053]",2017,1,"Norovirus","[KategorieNz].[Krankheit DE].&[Norovirus-Gastroenteritis]"
265.11,"LK Kyffhäuserkreis","[DeutschlandNodes].[Kreise71Web].[FedStateKey71].&[16].&[DEG0].&[16065]",2017,1,"Norovirus","[KategorieNz].[Krankheit DE].&[Norovirus-Gastroenteritis]"
533.67,"LK Nordhausen","[DeutschlandNodes].[Kreise71Web].[FedStateKey71].&[16].&[DEG0].&[16062]",2017,1,"Norovirus","[KategorieNz].[Krankheit DE].&[Norovirus-Gastroenteritis]"
688.03,"LK Saale-Holzland-Kreis","[DeutschlandNodes].[Kreise71Web].[FedStateKey71].&[16].&[DEG0].&[16074]",2017,1,"Norovirus","[KategorieNz].[Krankheit DE].&[Norovirus-Gastroenteritis]"
244.17,"LK Saale-Orla-Kreis","[DeutschlandNodes].[Kreise71Web].[FedStateKey71].&[16].&[DEG0].&[16075]",2017,1,"Norovirus","[KategorieNz].[Krankheit DE].&[Norovirus-Gastroenteritis]"
668.73,"LK Saalfeld-Rudolstadt","[DeutschlandNodes].[Kreise71Web].[FedStateKey71].&[16].&[DEG0].&[16073]",2017,1,"Norovirus","[KategorieNz].[Krankheit DE].&[Norovirus-Gastroenteritis]"
153.72,"LK Schmalkalden-Meiningen","[DeutschlandNodes].[Kreise71Web].[FedStateKey71].&[16].&[DEG0].&[16066]",2017,1,"Norovirus","[KategorieNz].[Krankheit DE].&[Norovirus-Gastroenteritis]"
435.55,"LK Sömmerda","[DeutschlandNodes].[Kreise71Web].[FedStateKey71].&[16].&[DEG0].&[16068]",2017,1,"Norovirus","[KategorieNz].[Krankheit DE].&[Norovirus-Gastroenteritis]"
175.65,"LK Sonneberg","[DeutschlandNodes].[Kreise71Web].[FedStateKey71].&[16].&[DEG0].&[16072]",2017,1,"Norovirus","[KategorieNz].[Krankheit DE].&[Norovirus-Gastroenteritis]"
125.12,"SK Suhl","[DeutschlandNodes].[Kreise71Web].[FedStateKey71].&[16].&[DEG0].&[16054]",2017,1,"Norovirus","[KategorieNz].[Krankheit DE].&[Norovirus-Gastroenteritis]"
559.4,"LK Unstrut-Hainich-Kreis","[DeutschlandNodes].[Kreise71Web].[FedStateKey71].&[16].&[DEG0].&[16064]",2017,1,"Norovirus","[KategorieNz].[Krankheit DE].&[Norovirus-Gastroenteritis]"
176.6,"LK Wartburgkreis","[DeutschlandNodes].[Kreise71Web].[FedStateKey71].&[16].&[DEG0].&[16063]",2017,1,"Norovirus","[KategorieNz].[Krankheit DE].&[Norovirus-Gastroenteritis]"
353.89,"SK Weimar","[DeutschlandNodes].[Kreise71Web].[FedStateKey71].&[16].&[DEG0].&[16055]",2017,1,"Norovirus","[KategorieNz].[Krankheit DE].&[Norovirus-Gastroenteritis]"
614.87,"LK Weimarer Land","[DeutschlandNodes].[Kreise71Web].[FedStateKey71].&[16].&[DEG0].&[16071]",2017,1,"Norovirus","[KategorieNz].[Krankheit DE].&[Norovirus-Gastroenteritis]"
NA,"Unbekannt","[DeutschlandNodes].[Kreise71Web].[FedStateKey71].&[-1].&[????].&[?????]",2017,1,"Norovirus","[KategorieNz].[Krankheit DE].&[Norovirus-Gastroenteritis]"
65.07,"LK Breisgau-Hochschwarzwald","[DeutschlandNodes].[Kreise71Web].[FedStateKey71].&[08].&[DE13].&[08315]",2018,1,"Norovirus","[KategorieNz].[Krankheit DE].&[Norovirus-Gastroenteritis]"
52.61,"LK Emmendingen","[DeutschlandNodes].[Kreise71Web].[FedStateKey71].&[08].&[DE13].&[08316]",2018,1,"Norovirus","[KategorieNz].[Krankheit DE].&[Norovirus-Gastroenteritis]"
50.38,"SK Freiburg i.Breisgau","[DeutschlandNodes].[Kreise71Web].[FedStateKey71].&[08].&[DE13].&[08311]",2018,1,"Norovirus","[KategorieNz].[Krankheit DE].&[Norovirus-Gastroenteritis]"
43.46,"LK Konstanz","[DeutschlandNodes].[Kreise71Web].[FedStateKey71].&[08].&[DE13].&[08335]",2018,1,"Norovirus","[KategorieNz].[Krankheit DE].&[Norovirus-Gastroenteritis]"
58.17,"LK Lörrach","[DeutschlandNodes].[Kreise71Web].[FedStateKey71].&[08].&[DE13].&[08336]",2018,1,"Norovirus","[KategorieNz].[Krankheit DE].&[Norovirus-Gastroenteritis]"
73.58,"LK Ortenaukreis","[DeutschlandNodes].[Kreise71Web].[FedStateKey71].&[08].&[DE13].&[08317]",2018,1,"Norovirus","[KategorieNz].[Krankheit DE].&[Norovirus-Gastroenteritis]"
109,"LK Rottweil","[DeutschlandNodes].[Kreise71Web].[FedStateKey71].&[08].&[DE13].&[08325]",2018,1,"Norovirus","[KategorieNz].[Krankheit DE].&[Norovirus-Gastroenteritis]"
253.79,"LK Schwarzwald-Baar-Kreis","[DeutschlandNodes].[Kreise71Web].[FedStateKey71].&[08].&[DE13].&[08326]",2018,1,"Norovirus","[KategorieNz].[Krankheit DE].&[Norovirus-Gastroenteritis]"
56.37,"LK Tuttlingen","[DeutschlandNodes].[Kreise71Web].[FedStateKey71].&[08].&[DE13].&[08327]",2018,1,"Norovirus","[KategorieNz].[Krankheit DE].&[Norovirus-Gastroenteritis]"
37.51,"LK Waldshut","[DeutschlandNodes].[Kreise71Web].[FedStateKey71].&[08].&[DE13].&[08337]",2018,1,"Norovirus","[KategorieNz].[Krankheit DE].&[Norovirus-Gastroenteritis]"
88.89,"SK Baden-Baden","[DeutschlandNodes].[Kreise71Web].[FedStateKey71].&[08].&[DE12].&[08211]",2018,1,"Norovirus","[KategorieNz].[Krankheit DE].&[Norovirus-Gastroenteritis]"
80.81,"LK Calw","[DeutschlandNodes].[Kreise71Web].[FedStateKey71].&[08].&[DE12].&[08235]",2018,1,"Norovirus","[KategorieNz].[Krankheit DE].&[Norovirus-Gastroenteritis]"
93.01,"LK Enzkreis","[DeutschlandNodes].[Kreise71Web].[FedStateKey71].&[08].&[DE12].&[08236]",2018,1,"Norovirus","[KategorieNz].[Krankheit DE].&[Norovirus-Gastroenteritis]"
91.58,"LK Freudenstadt","[DeutschlandNodes].[Kreise71Web].[FedStateKey71].&[08].&[DE12].&[08237]",2018,1,"Norovirus","[KategorieNz].[Krankheit DE].&[Norovirus-Gastroenteritis]"
80.45,"SK Heidelberg","[DeutschlandNodes].[Kreise71Web].[FedStateKey71].&[08].&[DE12].&[08221]",2018,1,"Norovirus","[KategorieNz].[Krankheit DE].&[Norovirus-Gastroenteritis]"
47.59,"SK Karlsruhe","[DeutschlandNodes].[Kreise71Web].[FedStateKey71].&[08].&[DE12].&[08212]",2018,1,"Norovirus","[KategorieNz].[Krankheit DE].&[Norovirus-Gastroenteritis]"
63.71,"LK Karlsruhe","[DeutschlandNodes].[Kreise71Web].[FedStateKey71].&[08].&[DE12].&[08215]",2018,1,"Norovirus","[KategorieNz].[Krankheit DE].&[Norovirus-Gastroenteritis]"
130.91,"SK Mannheim","[DeutschlandNodes].[Kreise71Web].[FedStateKey71].&[08].&[DE12].&[08222]",2018,1,"Norovirus","[KategorieNz].[Krankheit DE].&[Norovirus-Gastroenteritis]"
101.72,"LK Neckar-Odenwald-Kreis","[DeutschlandNodes].[Kreise71Web].[FedStateKey71].&[08].&[DE12].&[08225]",2018,1,"Norovirus","[KategorieNz].[Krankheit DE].&[Norovirus-Gastroenteritis]"
47.79,"SK Pforzheim","[DeutschlandNodes].[Kreise71Web].[FedStateKey71].&[08].&[DE12].&[08231]",2018,1,"Norovirus","[KategorieNz].[Krankheit DE].&[Norovirus-Gastroenteritis]"
84.41,"LK Rastatt","[DeutschlandNodes].[Kreise71Web].[FedStateKey71].&[08].&[DE12].&[08216]",2018,1,"Norovirus","[KategorieNz].[Krankheit DE].&[Norovirus-Gastroenteritis]"
85.09,"LK Rhein-Neckar-Kreis","[DeutschlandNodes].[Kreise71Web].[FedStateKey71].&[08].&[DE12].&[08226]",2018,1,"Norovirus","[KategorieNz].[Krankheit DE].&[Norovirus-Gastroenteritis]"
31.41,"LK Böblingen","[DeutschlandNodes].[Kreise71Web].[FedStateKey71].&[08].&[DE11].&[08115]",2018,1,"Norovirus","[KategorieNz].[Krankheit DE].&[Norovirus-Gastroenteritis]"
64.06,"LK Esslingen","[DeutschlandNodes].[Kreise71Web].[FedStateKey71].&[08].&[DE11].&[08116]",2018,1,"Norovirus","[KategorieNz].[Krankheit DE].&[Norovirus-Gastroenteritis]"
30.32,"LK Göppingen","[DeutschlandNodes].[Kreise71Web].[FedStateKey71].&[08].&[DE11].&[08117]",2018,1,"Norovirus","[KategorieNz].[Krankheit DE].&[Norovirus-Gastroenteritis]"
170.6,"LK Heidenheim","[DeutschlandNodes].[Kreise71Web].[FedStateKey71].&[08].&[DE11].&[08135]",2018,1,"Norovirus","[KategorieNz].[Krankheit DE].&[Norovirus-Gastroenteritis]"
76.21,"SK Heilbronn","[DeutschlandNodes].[Kreise71Web].[FedStateKey71].&[08].&[DE11].&[08121]",2018,1,"Norovirus","[KategorieNz].[Krankheit DE].&[Norovirus-Gastroenteritis]"
93.57,"LK Heilbronn","[DeutschlandNodes].[Kreise71Web].[FedStateKey71].&[08].&[DE11].&[08125]",2018,1,"Norovirus","[KategorieNz].[Krankheit DE].&[Norovirus-Gastroenteritis]"
141.95,"LK Hohenlohekreis","[DeutschlandNodes].[Kreise71Web].[FedStateKey71].&[08].&[DE11].&[08126]",2018,1,"Norovirus","[KategorieNz].[Krankheit DE].&[Norovirus-Gastroenteritis]"
83.46,"LK Ludwigsburg","[DeutschlandNodes].[Kreise71Web].[FedStateKey71].&[08].&[DE11].&[08118]",2018,1,"Norovirus","[KategorieNz].[Krankheit DE].&[Norovirus-Gastroenteritis]"
111.85,"LK Main-Tauber-Kreis","[DeutschlandNodes].[Kreise71Web].[FedStateKey71].&[08].&[DE11].&[08128]",2018,1,"Norovirus","[KategorieNz].[Krankheit DE].&[Norovirus-Gastroenteritis]"
69.11,"LK Ostalbkreis","[DeutschlandNodes].[Kreise71Web].[FedStateKey71].&[08].&[DE11].&[08136]",2018,1,"Norovirus","[KategorieNz].[Krankheit DE].&[Norovirus-Gastroenteritis]"
71.57,"LK Rems-Murr-Kreis","[DeutschlandNodes].[Kreise71Web].[FedStateKey71].&[08].&[DE11].&[08119]",2018,1,"Norovirus","[KategorieNz].[Krankheit DE].&[Norovirus-Gastroenteritis]"
89.86,"LK Schwäbisch Hall","[DeutschlandNodes].[Kreise71Web].[FedStateKey71].&[08].&[DE11].&[08127]",2018,1,"Norovirus","[KategorieNz].[Krankheit DE].&[Norovirus-Gastroenteritis]"
46,"SK Stuttgart","[DeutschlandNodes].[Kreise71Web].[FedStateKey71].&[08].&[DE11].&[08111]",2018,1,"Norovirus","[KategorieNz].[Krankheit DE].&[Norovirus-Gastroenteritis]"
65.8,"LK Alb-Donau-Kreis","[DeutschlandNodes].[Kreise71Web].[FedStateKey71].&[08].&[DE14].&[08425]",2018,1,"Norovirus","[KategorieNz].[Krankheit DE].&[Norovirus-Gastroenteritis]"
62.58,"LK Biberach","[DeutschlandNodes].[Kreise71Web].[FedStateKey71].&[08].&[DE14].&[08426]",2018,1,"Norovirus","[KategorieNz].[Krankheit DE].&[Norovirus-Gastroenteritis]"
81.4,"LK Bodenseekreis","[DeutschlandNodes].[Kreise71Web].[FedStateKey71].&[08].&[DE14].&[08435]",2018,1,"Norovirus","[KategorieNz].[Krankheit DE].&[Norovirus-Gastroenteritis]"
57.69,"LK Ravensburg","[DeutschlandNodes].[Kreise71Web].[FedStateKey71].&[08].&[DE14].&[08436]",2018,1,"Norovirus","[KategorieNz].[Krankheit DE].&[Norovirus-Gastroenteritis]"
104.62,"LK Reutlingen","[DeutschlandNodes].[Kreise71Web].[FedStateKey71].&[08].&[DE14].&[08415]",2018,1,"Norovirus","[KategorieNz].[Krankheit DE].&[Norovirus-Gastroenteritis]"
69.53,"LK Sigmaringen","[DeutschlandNodes].[Kreise71Web].[FedStateKey71].&[08].&[DE14].&[08437]",2018,1,"Norovirus","[KategorieNz].[Krankheit DE].&[Norovirus-Gastroenteritis]"
64.22,"LK Tübingen","[DeutschlandNodes].[Kreise71Web].[FedStateKey71].&[08].&[DE14].&[08416]",2018,1,"Norovirus","[KategorieNz].[Krankheit DE].&[Norovirus-Gastroenteritis]"
63.33,"SK Ulm","[DeutschlandNodes].[Kreise71Web].[FedStateKey71].&[08].&[DE14].&[08421]",2018,1,"Norovirus","[KategorieNz].[Krankheit DE].&[Norovirus-Gastroenteritis]"
78.33,"LK Zollernalbkreis","[DeutschlandNodes].[Kreise71Web].[FedStateKey71].&[08].&[DE14].&[08417]",2018,1,"Norovirus","[KategorieNz].[Krankheit DE].&[Norovirus-Gastroenteritis]"
107.53,"SK Ansbach","[DeutschlandNodes].[Kreise71Web].[FedStateKey71].&[09].&[DE25].&[09561]",2018,1,"Norovirus","[KategorieNz].[Krankheit DE].&[Norovirus-Gastroenteritis]"
131.01,"LK Ansbach","[DeutschlandNodes].[Kreise71Web].[FedStateKey71].&[09].&[DE25].&[09571]",2018,1,"Norovirus","[KategorieNz].[Krankheit DE].&[Norovirus-Gastroenteritis]"
57.16,"SK Erlangen","[DeutschlandNodes].[Kreise71Web].[FedStateKey71].&[09].&[DE25].&[09562]",2018,1,"Norovirus","[KategorieNz].[Krankheit DE].&[Norovirus-Gastroenteritis]"
86.59,"LK Erlangen-Höchstadt","[DeutschlandNodes].[Kreise71Web].[FedStateKey71].&[09].&[DE25].&[09572]",2018,1,"Norovirus","[KategorieNz].[Krankheit DE].&[Norovirus-Gastroenteritis]"
116.64,"SK Fürth","[DeutschlandNodes].[Kreise71Web].[FedStateKey71].&[09].&[DE25].&[09563]",2018,1,"Norovirus","[KategorieNz].[Krankheit DE].&[Norovirus-Gastroenteritis]"
84.34,"LK Fürth","[DeutschlandNodes].[Kreise71Web].[FedStateKey71].&[09].&[DE25].&[09573]",2018,1,"Norovirus","[KategorieNz].[Krankheit DE].&[Norovirus-Gastroenteritis]"
116.58,"LK Neustadt a.d.Aisch-Bad Windsheim","[DeutschlandNodes].[Kreise71Web].[FedStateKey71].&[09].&[DE25].&[09575]",2018,1,"Norovirus","[KategorieNz].[Krankheit DE].&[Norovirus-Gastroenteritis]"
50.93,"SK Nürnberg","[DeutschlandNodes].[Kreise71Web].[FedStateKey71].&[09].&[DE25].&[09564]",2018,1,"Norovirus","[KategorieNz].[Krankheit DE].&[Norovirus-Gastroenteritis]"
79.24,"LK Nürnberger Land","[DeutschlandNodes].[Kreise71Web].[FedStateKey71].&[09].&[DE25].&[09574]",2018,1,"Norovirus","[KategorieNz].[Krankheit DE].&[Norovirus-Gastroenteritis]"
75.62,"LK Roth","[DeutschlandNodes].[Kreise71Web].[FedStateKey71].&[09].&[DE25].&[09576]",2018,1,"Norovirus","[KategorieNz].[Krankheit DE].&[Norovirus-Gastroenteritis]"
178.96,"SK Schwabach","[DeutschlandNodes].[Kreise71Web].[FedStateKey71].&[09].&[DE25].&[09565]",2018,1,"Norovirus","[KategorieNz].[Krankheit DE].&[Norovirus-Gastroenteritis]"
115.47,"LK Weißenburg-Gunzenhausen","[DeutschlandNodes].[Kreise71Web].[FedStateKey71].&[09].&[DE25].&[09577]",2018,1,"Norovirus","[KategorieNz].[Krankheit DE].&[Norovirus-Gastroenteritis]"
178.5,"LK Deggendorf","[DeutschlandNodes].[Kreise71Web].[FedStateKey71].&[09].&[DE22].&[09271]",2018,1,"Norovirus","[KategorieNz].[Krankheit DE].&[Norovirus-Gastroenteritis]"
174.61,"LK Dingolfing-Landau","[DeutschlandNodes].[Kreise71Web].[FedStateKey71].&[09].&[DE22].&[09279]",2018,1,"Norovirus","[KategorieNz].[Krankheit DE].&[Norovirus-Gastroenteritis]"
250.14,"LK Freyung-Grafenau","[DeutschlandNodes].[Kreise71Web].[FedStateKey71].&[09].&[DE22].&[09272]",2018,1,"Norovirus","[KategorieNz].[Krankheit DE].&[Norovirus-Gastroenteritis]"
33.54,"LK Kelheim","[DeutschlandNodes].[Kreise71Web].[FedStateKey71].&[09].&[DE22].&[09273]",2018,1,"Norovirus","[KategorieNz].[Krankheit DE].&[Norovirus-Gastroenteritis]"
80.11,"SK Landshut","[DeutschlandNodes].[Kreise71Web].[FedStateKey71].&[09].&[DE22].&[09261]",2018,1,"Norovirus","[KategorieNz].[Krankheit DE].&[Norovirus-Gastroenteritis]"
85.7,"LK Landshut","[DeutschlandNodes].[Kreise71Web].[FedStateKey71].&[09].&[DE22].&[09274]",2018,1,"Norovirus","[KategorieNz].[Krankheit DE].&[Norovirus-Gastroenteritis]"
205.84,"SK Passau","[DeutschlandNodes].[Kreise71Web].[FedStateKey71].&[09].&[DE22].&[09262]",2018,1,"Norovirus","[KategorieNz].[Krankheit DE].&[Norovirus-Gastroenteritis]"
182.77,"LK Passau","[DeutschlandNodes].[Kreise71Web].[FedStateKey71].&[09].&[DE22].&[09275]",2018,1,"Norovirus","[KategorieNz].[Krankheit DE].&[Norovirus-Gastroenteritis]"
128.77,"LK Regen","[DeutschlandNodes].[Kreise71Web].[FedStateKey71].&[09].&[DE22].&[09276]",2018,1,"Norovirus","[KategorieNz].[Krankheit DE].&[Norovirus-Gastroenteritis]"
128.46,"LK Rottal-Inn","[DeutschlandNodes].[Kreise71Web].[FedStateKey71].&[09].&[DE22].&[09277]",2018,1,"Norovirus","[KategorieNz].[Krankheit DE].&[Norovirus-Gastroenteritis]"
133.91,"SK Straubing","[DeutschlandNodes].[Kreise71Web].[FedStateKey71].&[09].&[DE22].&[09263]",2018,1,"Norovirus","[KategorieNz].[Krankheit DE].&[Norovirus-Gastroenteritis]"
134.13,"LK Straubing-Bogen","[DeutschlandNodes].[Kreise71Web].[FedStateKey71].&[09].&[DE22].&[09278]",2018,1,"Norovirus","[KategorieNz].[Krankheit DE].&[Norovirus-Gastroenteritis]"
85.42,"LK Altötting","[DeutschlandNodes].[Kreise71Web].[FedStateKey71].&[09].&[DE21].&[09171]",2018,1,"Norovirus","[KategorieNz].[Krankheit DE].&[Norovirus-Gastroenteritis]"
168.99,"LK Bad Tölz-Wolfratshausen","[DeutschlandNodes].[Kreise71Web].[FedStateKey71].&[09].&[DE21].&[09173]",2018,1,"Norovirus","[KategorieNz].[Krankheit DE].&[Norovirus-Gastroenteritis]"
94.59,"LK Berchtesgadener Land","[DeutschlandNodes].[Kreise71Web].[FedStateKey71].&[09].&[DE21].&[09172]",2018,1,"Norovirus","[KategorieNz].[Krankheit DE].&[Norovirus-Gastroenteritis]"
106.57,"LK Dachau","[DeutschlandNodes].[Kreise71Web].[FedStateKey71].&[09].&[DE21].&[09174]",2018,1,"Norovirus","[KategorieNz].[Krankheit DE].&[Norovirus-Gastroenteritis]"
59.1,"LK Ebersberg","[DeutschlandNodes].[Kreise71Web].[FedStateKey71].&[09].&[DE21].&[09175]",2018,1,"Norovirus","[KategorieNz].[Krankheit DE].&[Norovirus-Gastroenteritis]"
95.96,"LK Eichstätt","[DeutschlandNodes].[Kreise71Web].[FedStateKey71].&[09].&[DE21].&[09176]",2018,1,"Norovirus","[KategorieNz].[Krankheit DE].&[Norovirus-Gastroenteritis]"
98.79,"LK Erding","[DeutschlandNodes].[Kreise71Web].[FedStateKey71].&[09].&[DE21].&[09177]",2018,1,"Norovirus","[KategorieNz].[Krankheit DE].&[Norovirus-Gastroenteritis]"
59.74,"LK Freising","[DeutschlandNodes].[Kreise71Web].[FedStateKey71].&[09].&[DE21].&[09178]",2018,1,"Norovirus","[KategorieNz].[Krankheit DE].&[Norovirus-Gastroenteritis]"
105.78,"LK Fürstenfeldbruck","[DeutschlandNodes].[Kreise71Web].[FedStateKey71].&[09].&[DE21].&[09179]",2018,1,"Norovirus","[KategorieNz].[Krankheit DE].&[Norovirus-Gastroenteritis]"
230.59,"LK Garmisch-Partenkirchen","[DeutschlandNodes].[Kreise71Web].[FedStateKey71].&[09].&[DE21].&[09180]",2018,1,"Norovirus","[KategorieNz].[Krankheit DE].&[Norovirus-Gastroenteritis]"
97.09,"SK Ingolstadt","[DeutschlandNodes].[Kreise71Web].[FedStateKey71].&[09].&[DE21].&[09161]",2018,1,"Norovirus","[KategorieNz].[Krankheit DE].&[Norovirus-Gastroenteritis]"
71.62,"LK Landsberg a.Lech","[DeutschlandNodes].[Kreise71Web].[FedStateKey71].&[09].&[DE21].&[09181]",2018,1,"Norovirus","[KategorieNz].[Krankheit DE].&[Norovirus-Gastroenteritis]"
140.38,"LK Miesbach","[DeutschlandNodes].[Kreise71Web].[FedStateKey71].&[09].&[DE21].&[09182]",2018,1,"Norovirus","[KategorieNz].[Krankheit DE].&[Norovirus-Gastroenteritis]"
90.24,"LK Mühldorf a.Inn","[DeutschlandNodes].[Kreise71Web].[FedStateKey71].&[09].&[DE21].&[09183]",2018,1,"Norovirus","[KategorieNz].[Krankheit DE].&[Norovirus-Gastroenteritis]"
93.24,"SK München","[DeutschlandNodes].[Kreise71Web].[FedStateKey71].&[09].&[DE21].&[09162]",2018,1,"Norovirus","[KategorieNz].[Krankheit DE].&[Norovirus-Gastroenteritis]"
82.27,"LK München","[DeutschlandNodes].[Kreise71Web].[FedStateKey71].&[09].&[DE21].&[09184]",2018,1,"Norovirus","[KategorieNz].[Krankheit DE].&[Norovirus-Gastroenteritis]"
115.85,"LK Neuburg-Schrobenhausen","[DeutschlandNodes].[Kreise71Web].[FedStateKey71].&[09].&[DE21].&[09185]",2018,1,"Norovirus","[KategorieNz].[Krankheit DE].&[Norovirus-Gastroenteritis]"
228.86,"LK Pfaffenhofen a.d.Ilm","[DeutschlandNodes].[Kreise71Web].[FedStateKey71].&[09].&[DE21].&[09186]",2018,1,"Norovirus","[KategorieNz].[Krankheit DE].&[Norovirus-Gastroenteritis]"
45.8,"SK Rosenheim","[DeutschlandNodes].[Kreise71Web].[FedStateKey71].&[09].&[DE21].&[09163]",2018,1,"Norovirus","[KategorieNz].[Krankheit DE].&[Norovirus-Gastroenteritis]"
86.98,"LK Rosenheim","[DeutschlandNodes].[Kreise71Web].[FedStateKey71].&[09].&[DE21].&[09187]",2018,1,"Norovirus","[KategorieNz].[Krankheit DE].&[Norovirus-Gastroenteritis]"
96.26,"LK Starnberg","[DeutschlandNodes].[Kreise71Web].[FedStateKey71].&[09].&[DE21].&[09188]",2018,1,"Norovirus","[KategorieNz].[Krankheit DE].&[Norovirus-Gastroenteritis]"
110.68,"LK Traunstein","[DeutschlandNodes].[Kreise71Web].[FedStateKey71].&[09].&[DE21].&[09189]",2018,1,"Norovirus","[KategorieNz].[Krankheit DE].&[Norovirus-Gastroenteritis]"
139.64,"LK Weilheim-Schongau","[DeutschlandNodes].[Kreise71Web].[FedStateKey71].&[09].&[DE21].&[09190]",2018,1,"Norovirus","[KategorieNz].[Krankheit DE].&[Norovirus-Gastroenteritis]"
248.74,"SK Bamberg","[DeutschlandNodes].[Kreise71Web].[FedStateKey71].&[09].&[DE24].&[09461]",2018,1,"Norovirus","[KategorieNz].[Krankheit DE].&[Norovirus-Gastroenteritis]"
246.79,"LK Bamberg","[DeutschlandNodes].[Kreise71Web].[FedStateKey71].&[09].&[DE24].&[09471]",2018,1,"Norovirus","[KategorieNz].[Krankheit DE].&[Norovirus-Gastroenteritis]"
101.8,"SK Bayreuth","[DeutschlandNodes].[Kreise71Web].[FedStateKey71].&[09].&[DE24].&[09462]",2018,1,"Norovirus","[KategorieNz].[Krankheit DE].&[Norovirus-Gastroenteritis]"
111.91,"LK Bayreuth","[DeutschlandNodes].[Kreise71Web].[FedStateKey71].&[09].&[DE24].&[09472]",2018,1,"Norovirus","[KategorieNz].[Krankheit DE].&[Norovirus-Gastroenteritis]"
247.28,"SK Coburg","[DeutschlandNodes].[Kreise71Web].[FedStateKey71].&[09].&[DE24].&[09463]",2018,1,"Norovirus","[KategorieNz].[Krankheit DE].&[Norovirus-Gastroenteritis]"
166.85,"LK Coburg","[DeutschlandNodes].[Kreise71Web].[FedStateKey71].&[09].&[DE24].&[09473]",2018,1,"Norovirus","[KategorieNz].[Krankheit DE].&[Norovirus-Gastroenteritis]"
94.75,"LK Forchheim","[DeutschlandNodes].[Kreise71Web].[FedStateKey71].&[09].&[DE24].&[09474]",2018,1,"Norovirus","[KategorieNz].[Krankheit DE].&[Norovirus-Gastroenteritis]"
91.44,"SK Hof","[DeutschlandNodes].[Kreise71Web].[FedStateKey71].&[09].&[DE24].&[09464]",2018,1,"Norovirus","[KategorieNz].[Krankheit DE].&[Norovirus-Gastroenteritis]"
148.99,"LK Hof","[DeutschlandNodes].[Kreise71Web].[FedStateKey71].&[09].&[DE24].&[09475]",2018,1,"Norovirus","[KategorieNz].[Krankheit DE].&[Norovirus-Gastroenteritis]"
113.2,"LK Kronach","[DeutschlandNodes].[Kreise71Web].[FedStateKey71].&[09].&[DE24].&[09476]",2018,1,"Norovirus","[KategorieNz].[Krankheit DE].&[Norovirus-Gastroenteritis]"
160.07,"LK Kulmbach","[DeutschlandNodes].[Kreise71Web].[FedStateKey71].&[09].&[DE24].&[09477]",2018,1,"Norovirus","[KategorieNz].[Krankheit DE].&[Norovirus-Gastroenteritis]"
88.27,"LK Lichtenfels","[DeutschlandNodes].[Kreise71Web].[FedStateKey71].&[09].&[DE24].&[09478]",2018,1,"Norovirus","[KategorieNz].[Krankheit DE].&[Norovirus-Gastroenteritis]"
81.99,"LK Wunsiedel i.Fichtelgebirge","[DeutschlandNodes].[Kreise71Web].[FedStateKey71].&[09].&[DE24].&[09479]",2018,1,"Norovirus","[KategorieNz].[Krankheit DE].&[Norovirus-Gastroenteritis]"
42.89,"SK Amberg","[DeutschlandNodes].[Kreise71Web].[FedStateKey71].&[09].&[DE23].&[09361]",2018,1,"Norovirus","[KategorieNz].[Krankheit DE].&[Norovirus-Gastroenteritis]"
127.05,"LK Amberg-Sulzbach","[DeutschlandNodes].[Kreise71Web].[FedStateKey71].&[09].&[DE23].&[09371]",2018,1,"Norovirus","[KategorieNz].[Krankheit DE].&[Norovirus-Gastroenteritis]"
53.17,"LK Cham","[DeutschlandNodes].[Kreise71Web].[FedStateKey71].&[09].&[DE23].&[09372]",2018,1,"Norovirus","[KategorieNz].[Krankheit DE].&[Norovirus-Gastroenteritis]"
105.57,"LK Neumarkt i.d.OPf.","[DeutschlandNodes].[Kreise71Web].[FedStateKey71].&[09].&[DE23].&[09373]",2018,1,"Norovirus","[KategorieNz].[Krankheit DE].&[Norovirus-Gastroenteritis]"
89.03,"LK Neustadt a.d.Waldnaab","[DeutschlandNodes].[Kreise71Web].[FedStateKey71].&[09].&[DE23].&[09374]",2018,1,"Norovirus","[KategorieNz].[Krankheit DE].&[Norovirus-Gastroenteritis]"
41.28,"SK Regensburg","[DeutschlandNodes].[Kreise71Web].[FedStateKey71].&[09].&[DE23].&[09362]",2018,1,"Norovirus","[KategorieNz].[Krankheit DE].&[Norovirus-Gastroenteritis]"
42.36,"LK Regensburg","[DeutschlandNodes].[Kreise71Web].[FedStateKey71].&[09].&[DE23].&[09375]",2018,1,"Norovirus","[KategorieNz].[Krankheit DE].&[Norovirus-Gastroenteritis]"
151.51,"LK Schwandorf","[DeutschlandNodes].[Kreise71Web].[FedStateKey71].&[09].&[DE23].&[09376]",2018,1,"Norovirus","[KategorieNz].[Krankheit DE].&[Norovirus-Gastroenteritis]"
64.82,"LK Tirschenreuth","[DeutschlandNodes].[Kreise71Web].[FedStateKey71].&[09].&[DE23].&[09377]",2018,1,"Norovirus","[KategorieNz].[Krankheit DE].&[Norovirus-Gastroenteritis]"
103.48,"SK Weiden i.d.OPf.","[DeutschlandNodes].[Kreise71Web].[FedStateKey71].&[09].&[DE23].&[09363]",2018,1,"Norovirus","[KategorieNz].[Krankheit DE].&[Norovirus-Gastroenteritis]"
52.4,"LK Aichach-Friedberg","[DeutschlandNodes].[Kreise71Web].[FedStateKey71].&[09].&[DE27].&[09771]",2018,1,"Norovirus","[KategorieNz].[Krankheit DE].&[Norovirus-Gastroenteritis]"
67.77,"SK Augsburg","[DeutschlandNodes].[Kreise71Web].[FedStateKey71].&[09].&[DE27].&[09761]",2018,1,"Norovirus","[KategorieNz].[Krankheit DE].&[Norovirus-Gastroenteritis]"
61.22,"LK Augsburg","[DeutschlandNodes].[Kreise71Web].[FedStateKey71].&[09].&[DE27].&[09772]",2018,1,"Norovirus","[KategorieNz].[Krankheit DE].&[Norovirus-Gastroenteritis]"
129.14,"LK Dillingen a.d.Donau","[DeutschlandNodes].[Kreise71Web].[FedStateKey71].&[09].&[DE27].&[09773]",2018,1,"Norovirus","[KategorieNz].[Krankheit DE].&[Norovirus-Gastroenteritis]"
107.12,"LK Donau-Ries","[DeutschlandNodes].[Kreise71Web].[FedStateKey71].&[09].&[DE27].&[09779]",2018,1,"Norovirus","[KategorieNz].[Krankheit DE].&[Norovirus-Gastroenteritis]"
106.56,"LK Günzburg","[DeutschlandNodes].[Kreise71Web].[FedStateKey71].&[09].&[DE27].&[09774]",2018,1,"Norovirus","[KategorieNz].[Krankheit DE].&[Norovirus-Gastroenteritis]"
118.47,"SK Kaufbeuren","[DeutschlandNodes].[Kreise71Web].[FedStateKey71].&[09].&[DE27].&[09762]",2018,1,"Norovirus","[KategorieNz].[Krankheit DE].&[Norovirus-Gastroenteritis]"
1.45,"SK Kempten","[DeutschlandNodes].[Kreise71Web].[FedStateKey71].&[09].&[DE27].&[09763]",2018,1,"Norovirus","[KategorieNz].[Krankheit DE].&[Norovirus-Gastroenteritis]"
202.04,"LK Lindau","[DeutschlandNodes].[Kreise71Web].[FedStateKey71].&[09].&[DE27].&[09776]",2018,1,"Norovirus","[KategorieNz].[Krankheit DE].&[Norovirus-Gastroenteritis]"
38.78,"SK Memmingen","[DeutschlandNodes].[Kreise71Web].[FedStateKey71].&[09].&[DE27].&[09764]",2018,1,"Norovirus","[KategorieNz].[Krankheit DE].&[Norovirus-Gastroenteritis]"
61.42,"LK Neu-Ulm","[DeutschlandNodes].[Kreise71Web].[FedStateKey71].&[09].&[DE27].&[09775]",2018,1,"Norovirus","[KategorieNz].[Krankheit DE].&[Norovirus-Gastroenteritis]"
93.97,"LK Oberallgäu","[DeutschlandNodes].[Kreise71Web].[FedStateKey71].&[09].&[DE27].&[09780]",2018,1,"Norovirus","[KategorieNz].[Krankheit DE].&[Norovirus-Gastroenteritis]"
126.86,"LK Ostallgäu","[DeutschlandNodes].[Kreise71Web].[FedStateKey71].&[09].&[DE27].&[09777]",2018,1,"Norovirus","[KategorieNz].[Krankheit DE].&[Norovirus-Gastroenteritis]"
106.91,"LK Unterallgäu","[DeutschlandNodes].[Kreise71Web].[FedStateKey71].&[09].&[DE27].&[09778]",2018,1,"Norovirus","[KategorieNz].[Krankheit DE].&[Norovirus-Gastroenteritis]"
48.21,"SK Aschaffenburg","[DeutschlandNodes].[Kreise71Web].[FedStateKey71].&[09].&[DE26].&[09661]",2018,1,"Norovirus","[KategorieNz].[Krankheit DE].&[Norovirus-Gastroenteritis]"
41.33,"LK Aschaffenburg","[DeutschlandNodes].[Kreise71Web].[FedStateKey71].&[09].&[DE26].&[09671]",2018,1,"Norovirus","[KategorieNz].[Krankheit DE].&[Norovirus-Gastroenteritis]"
150.17,"LK Bad Kissingen","[DeutschlandNodes].[Kreise71Web].[FedStateKey71].&[09].&[DE26].&[09672]",2018,1,"Norovirus","[KategorieNz].[Krankheit DE].&[Norovirus-Gastroenteritis]"
109.93,"LK Haßberge","[DeutschlandNodes].[Kreise71Web].[FedStateKey71].&[09].&[DE26].&[09674]",2018,1,"Norovirus","[KategorieNz].[Krankheit DE].&[Norovirus-Gastroenteritis]"
82.5,"LK Kitzingen","[DeutschlandNodes].[Kreise71Web].[FedStateKey71].&[09].&[DE26].&[09675]",2018,1,"Norovirus","[KategorieNz].[Krankheit DE].&[Norovirus-Gastroenteritis]"
68.85,"LK Main-Spessart","[DeutschlandNodes].[Kreise71Web].[FedStateKey71].&[09].&[DE26].&[09677]",2018,1,"Norovirus","[KategorieNz].[Krankheit DE].&[Norovirus-Gastroenteritis]"
394.54,"LK Miltenberg","[DeutschlandNodes].[Kreise71Web].[FedStateKey71].&[09].&[DE26].&[09676]",2018,1,"Norovirus","[KategorieNz].[Krankheit DE].&[Norovirus-Gastroenteritis]"
402.81,"LK Rhön-Grabfeld","[DeutschlandNodes].[Kreise71Web].[FedStateKey71].&[09].&[DE26].&[09673]",2018,1,"Norovirus","[KategorieNz].[Krankheit DE].&[Norovirus-Gastroenteritis]"
37.02,"SK Schweinfurt","[DeutschlandNodes].[Kreise71Web].[FedStateKey71].&[09].&[DE26].&[09662]",2018,1,"Norovirus","[KategorieNz].[Krankheit DE].&[Norovirus-Gastroenteritis]"
65.16,"LK Schweinfurt","[DeutschlandNodes].[Kreise71Web].[FedStateKey71].&[09].&[DE26].&[09678]",2018,1,"Norovirus","[KategorieNz].[Krankheit DE].&[Norovirus-Gastroenteritis]"
72.72,"SK Würzburg","[DeutschlandNodes].[Kreise71Web].[FedStateKey71].&[09].&[DE26].&[09663]",2018,1,"Norovirus","[KategorieNz].[Krankheit DE].&[Norovirus-Gastroenteritis]"
67.35,"LK Würzburg","[DeutschlandNodes].[Kreise71Web].[FedStateKey71].&[09].&[DE26].&[09679]",2018,1,"Norovirus","[KategorieNz].[Krankheit DE].&[Norovirus-Gastroenteritis]"
173.73,"SK Berlin Charlottenburg-Wilmersdorf","[DeutschlandNodes].[Kreise71Web].[FedStateKey71].&[11].&[DE30].&[11004]",2018,1,"Norovirus","[KategorieNz].[Krankheit DE].&[Norovirus-Gastroenteritis]"
75.4,"SK Berlin Friedrichshain-Kreuzberg","[DeutschlandNodes].[Kreise71Web].[FedStateKey71].&[11].&[DE30].&[11002]",2018,1,"Norovirus","[KategorieNz].[Krankheit DE].&[Norovirus-Gastroenteritis]"
150.43,"SK Berlin Lichtenberg","[DeutschlandNodes].[Kreise71Web].[FedStateKey71].&[11].&[DE30].&[11011]",2018,1,"Norovirus","[KategorieNz].[Krankheit DE].&[Norovirus-Gastroenteritis]"
119.45,"SK Berlin Marzahn-Hellersdorf","[DeutschlandNodes].[Kreise71Web].[FedStateKey71].&[11].&[DE30].&[11010]",2018,1,"Norovirus","[KategorieNz].[Krankheit DE].&[Norovirus-Gastroenteritis]"
172.12,"SK Berlin Mitte","[DeutschlandNodes].[Kreise71Web].[FedStateKey71].&[11].&[DE30].&[11001]",2018,1,"Norovirus","[KategorieNz].[Krankheit DE].&[Norovirus-Gastroenteritis]"
203.45,"SK Berlin Neukölln","[DeutschlandNodes].[Kreise71Web].[FedStateKey71].&[11].&[DE30].&[11008]",2018,1,"Norovirus","[KategorieNz].[Krankheit DE].&[Norovirus-Gastroenteritis]"
197.77,"SK Berlin Pankow","[DeutschlandNodes].[Kreise71Web].[FedStateKey71].&[11].&[DE30].&[11003]",2018,1,"Norovirus","[KategorieNz].[Krankheit DE].&[Norovirus-Gastroenteritis]"
141.98,"SK Berlin Reinickendorf","[DeutschlandNodes].[Kreise71Web].[FedStateKey71].&[11].&[DE30].&[11012]",2018,1,"Norovirus","[KategorieNz].[Krankheit DE].&[Norovirus-Gastroenteritis]"
235.31,"SK Berlin Spandau","[DeutschlandNodes].[Kreise71Web].[FedStateKey71].&[11].&[DE30].&[11005]",2018,1,"Norovirus","[KategorieNz].[Krankheit DE].&[Norovirus-Gastroenteritis]"
250.91,"SK Berlin Steglitz-Zehlendorf","[DeutschlandNodes].[Kreise71Web].[FedStateKey71].&[11].&[DE30].&[11006]",2018,1,"Norovirus","[KategorieNz].[Krankheit DE].&[Norovirus-Gastroenteritis]"
161.91,"SK Berlin Tempelhof-Schöneberg","[DeutschlandNodes].[Kreise71Web].[FedStateKey71].&[11].&[DE30].&[11007]",2018,1,"Norovirus","[KategorieNz].[Krankheit DE].&[Norovirus-Gastroenteritis]"
212.03,"SK Berlin Treptow-Köpenick","[DeutschlandNodes].[Kreise71Web].[FedStateKey71].&[11].&[DE30].&[11009]",2018,1,"Norovirus","[KategorieNz].[Krankheit DE].&[Norovirus-Gastroenteritis]"
165.24,"LK Barnim","[DeutschlandNodes].[Kreise71Web].[FedStateKey71].&[12].&[DE40].&[12060]",2018,1,"Norovirus","[KategorieNz].[Krankheit DE].&[Norovirus-Gastroenteritis]"
167.77,"SK Brandenburg a.d.Havel","[DeutschlandNodes].[Kreise71Web].[FedStateKey71].&[12].&[DE40].&[12051]",2018,1,"Norovirus","[KategorieNz].[Krankheit DE].&[Norovirus-Gastroenteritis]"
138.7,"SK Cottbus","[DeutschlandNodes].[Kreise71Web].[FedStateKey71].&[12].&[DE40].&[12052]",2018,1,"Norovirus","[KategorieNz].[Krankheit DE].&[Norovirus-Gastroenteritis]"
314.67,"LK Dahme-Spreewald","[DeutschlandNodes].[Kreise71Web].[FedStateKey71].&[12].&[DE40].&[12061]",2018,1,"Norovirus","[KategorieNz].[Krankheit DE].&[Norovirus-Gastroenteritis]"
228.96,"LK Elbe-Elster","[DeutschlandNodes].[Kreise71Web].[FedStateKey71].&[12].&[DE40].&[12062]",2018,1,"Norovirus","[KategorieNz].[Krankheit DE].&[Norovirus-Gastroenteritis]"
419.88,"SK Frankfurt (Oder)","[DeutschlandNodes].[Kreise71Web].[FedStateKey71].&[12].&[DE40].&[12053]",2018,1,"Norovirus","[KategorieNz].[Krankheit DE].&[Norovirus-Gastroenteritis]"
105,"LK Havelland","[DeutschlandNodes].[Kreise71Web].[FedStateKey71].&[12].&[DE40].&[12063]",2018,1,"Norovirus","[KategorieNz].[Krankheit DE].&[Norovirus-Gastroenteritis]"
174.45,"LK Märkisch-Oderland","[DeutschlandNodes].[Kreise71Web].[FedStateKey71].&[12].&[DE40].&[12064]",2018,1,"Norovirus","[KategorieNz].[Krankheit DE].&[Norovirus-Gastroenteritis]"
147.22,"LK Oberhavel","[DeutschlandNodes].[Kreise71Web].[FedStateKey71].&[12].&[DE40].&[12065]",2018,1,"Norovirus","[KategorieNz].[Krankheit DE].&[Norovirus-Gastroenteritis]"
164.74,"LK Oberspreewald-Lausitz","[DeutschlandNodes].[Kreise71Web].[FedStateKey71].&[12].&[DE40].&[12066]",2018,1,"Norovirus","[KategorieNz].[Krankheit DE].&[Norovirus-Gastroenteritis]"
503.76,"LK Oder-Spree","[DeutschlandNodes].[Kreise71Web].[FedStateKey71].&[12].&[DE40].&[12067]",2018,1,"Norovirus","[KategorieNz].[Krankheit DE].&[Norovirus-Gastroenteritis]"
203.88,"LK Ostprignitz-Ruppin","[DeutschlandNodes].[Kreise71Web].[FedStateKey71].&[12].&[DE40].&[12068]",2018,1,"Norovirus","[KategorieNz].[Krankheit DE].&[Norovirus-Gastroenteritis]"
108.93,"SK Potsdam","[DeutschlandNodes].[Kreise71Web].[FedStateKey71].&[12].&[DE40].&[12054]",2018,1,"Norovirus","[KategorieNz].[Krankheit DE].&[Norovirus-Gastroenteritis]"
185.41,"LK Potsdam-Mittelmark","[DeutschlandNodes].[Kreise71Web].[FedStateKey71].&[12].&[DE40].&[12069]",2018,1,"Norovirus","[KategorieNz].[Krankheit DE].&[Norovirus-Gastroenteritis]"
399.96,"LK Prignitz","[DeutschlandNodes].[Kreise71Web].[FedStateKey71].&[12].&[DE40].&[12070]",2018,1,"Norovirus","[KategorieNz].[Krankheit DE].&[Norovirus-Gastroenteritis]"
282.27,"LK Spree-Neiße","[DeutschlandNodes].[Kreise71Web].[FedStateKey71].&[12].&[DE40].&[12071]",2018,1,"Norovirus","[KategorieNz].[Krankheit DE].&[Norovirus-Gastroenteritis]"
218.07,"LK Teltow-Fläming","[DeutschlandNodes].[Kreise71Web].[FedStateKey71].&[12].&[DE40].&[12072]",2018,1,"Norovirus","[KategorieNz].[Krankheit DE].&[Norovirus-Gastroenteritis]"
115.43,"LK Uckermark","[DeutschlandNodes].[Kreise71Web].[FedStateKey71].&[12].&[DE40].&[12073]",2018,1,"Norovirus","[KategorieNz].[Krankheit DE].&[Norovirus-Gastroenteritis]"
93.62,"SK Bremen","[DeutschlandNodes].[Kreise71Web].[FedStateKey71].&[04].&[DE50].&[04011]",2018,1,"Norovirus","[KategorieNz].[Krankheit DE].&[Norovirus-Gastroenteritis]"
83.6,"SK Bremerhaven","[DeutschlandNodes].[Kreise71Web].[FedStateKey71].&[04].&[DE50].&[04012]",2018,1,"Norovirus","[KategorieNz].[Krankheit DE].&[Norovirus-Gastroenteritis]"
112.92,"SK Hamburg","[DeutschlandNodes].[Kreise71Web].[FedStateKey71].&[02].&[DE60].&[02000]",2018,1,"Norovirus","[KategorieNz].[Krankheit DE].&[Norovirus-Gastroenteritis]"
61.55,"LK Bergstraße","[DeutschlandNodes].[Kreise71Web].[FedStateKey71].&[06].&[DE71].&[06431]",2018,1,"Norovirus","[KategorieNz].[Krankheit DE].&[Norovirus-Gastroenteritis]"
65.95,"SK Darmstadt","[DeutschlandNodes].[Kreise71Web].[FedStateKey71].&[06].&[DE71].&[06411]",2018,1,"Norovirus","[KategorieNz].[Krankheit DE].&[Norovirus-Gastroenteritis]"
47.75,"LK Darmstadt-Dieburg","[DeutschlandNodes].[Kreise71Web].[FedStateKey71].&[06].&[DE71].&[06432]",2018,1,"Norovirus","[KategorieNz].[Krankheit DE].&[Norovirus-Gastroenteritis]"
106.9,"SK Frankfurt am Main","[DeutschlandNodes].[Kreise71Web].[FedStateKey71].&[06].&[DE71].&[06412]",2018,1,"Norovirus","[KategorieNz].[Krankheit DE].&[Norovirus-Gastroenteritis]"
59.74,"LK Groß-Gerau","[DeutschlandNodes].[Kreise71Web].[FedStateKey71].&[06].&[DE71].&[06433]",2018,1,"Norovirus","[KategorieNz].[Krankheit DE].&[Norovirus-Gastroenteritis]"
62.56,"LK Hochtaunuskreis","[DeutschlandNodes].[Kreise71Web].[FedStateKey71].&[06].&[DE71].&[06434]",2018,1,"Norovirus","[KategorieNz].[Krankheit DE].&[Norovirus-Gastroenteritis]"
131.04,"LK Main-Kinzig-Kreis","[DeutschlandNodes].[Kreise71Web].[FedStateKey71].&[06].&[DE71].&[06435]",2018,1,"Norovirus","[KategorieNz].[Krankheit DE].&[Norovirus-Gastroenteritis]"
60.57,"LK Main-Taunus-Kreis","[DeutschlandNodes].[Kreise71Web].[FedStateKey71].&[06].&[DE71].&[06436]",2018,1,"Norovirus","[KategorieNz].[Krankheit DE].&[Norovirus-Gastroenteritis]"
50.62,"LK Odenwaldkreis","[DeutschlandNodes].[Kreise71Web].[FedStateKey71].&[06].&[DE71].&[06437]",2018,1,"Norovirus","[KategorieNz].[Krankheit DE].&[Norovirus-Gastroenteritis]"
169.33,"SK Offenbach","[DeutschlandNodes].[Kreise71Web].[FedStateKey71].&[06].&[DE71].&[06413]",2018,1,"Norovirus","[KategorieNz].[Krankheit DE].&[Norovirus-Gastroenteritis]"
68.06,"LK Offenbach","[DeutschlandNodes].[Kreise71Web].[FedStateKey71].&[06].&[DE71].&[06438]",2018,1,"Norovirus","[KategorieNz].[Krankheit DE].&[Norovirus-Gastroenteritis]"
144.26,"LK Rheingau-Taunus-Kreis","[DeutschlandNodes].[Kreise71Web].[FedStateKey71].&[06].&[DE71].&[06439]",2018,1,"Norovirus","[KategorieNz].[Krankheit DE].&[Norovirus-Gastroenteritis]"
137.38,"LK Wetteraukreis","[DeutschlandNodes].[Kreise71Web].[FedStateKey71].&[06].&[DE71].&[06440]",2018,1,"Norovirus","[KategorieNz].[Krankheit DE].&[Norovirus-Gastroenteritis]"
127.9,"SK Wiesbaden","[DeutschlandNodes].[Kreise71Web].[FedStateKey71].&[06].&[DE71].&[06414]",2018,1,"Norovirus","[KategorieNz].[Krankheit DE].&[Norovirus-Gastroenteritis]"
173.69,"LK Gießen","[DeutschlandNodes].[Kreise71Web].[FedStateKey71].&[06].&[DE72].&[06531]",2018,1,"Norovirus","[KategorieNz].[Krankheit DE].&[Norovirus-Gastroenteritis]"
85.9,"LK Lahn-Dill-Kreis","[DeutschlandNodes].[Kreise71Web].[FedStateKey71].&[06].&[DE72].&[06532]",2018,1,"Norovirus","[KategorieNz].[Krankheit DE].&[Norovirus-Gastroenteritis]"
170.27,"LK Limburg-Weilburg","[DeutschlandNodes].[Kreise71Web].[FedStateKey71].&[06].&[DE72].&[06533]",2018,1,"Norovirus","[KategorieNz].[Krankheit DE].&[Norovirus-Gastroenteritis]"
88.39,"LK Marburg-Biedenkopf","[DeutschlandNodes].[Kreise71Web].[FedStateKey71].&[06].&[DE72].&[06534]",2018,1,"Norovirus","[KategorieNz].[Krankheit DE].&[Norovirus-Gastroenteritis]"
115.23,"LK Vogelsbergkreis","[DeutschlandNodes].[Kreise71Web].[FedStateKey71].&[06].&[DE72].&[06535]",2018,1,"Norovirus","[KategorieNz].[Krankheit DE].&[Norovirus-Gastroenteritis]"
163.08,"LK Fulda","[DeutschlandNodes].[Kreise71Web].[FedStateKey71].&[06].&[DE73].&[06631]",2018,1,"Norovirus","[KategorieNz].[Krankheit DE].&[Norovirus-Gastroenteritis]"
62.9,"LK Hersfeld-Rotenburg","[DeutschlandNodes].[Kreise71Web].[FedStateKey71].&[06].&[DE73].&[06632]",2018,1,"Norovirus","[KategorieNz].[Krankheit DE].&[Norovirus-Gastroenteritis]"
68.95,"SK Kassel","[DeutschlandNodes].[Kreise71Web].[FedStateKey71].&[06].&[DE73].&[06611]",2018,1,"Norovirus","[KategorieNz].[Krankheit DE].&[Norovirus-Gastroenteritis]"
57.9,"LK Kassel","[DeutschlandNodes].[Kreise71Web].[FedStateKey71].&[06].&[DE73].&[06633]",2018,1,"Norovirus","[KategorieNz].[Krankheit DE].&[Norovirus-Gastroenteritis]"
83.79,"LK Schwalm-Eder-Kreis","[DeutschlandNodes].[Kreise71Web].[FedStateKey71].&[06].&[DE73].&[06634]",2018,1,"Norovirus","[KategorieNz].[Krankheit DE].&[Norovirus-Gastroenteritis]"
163.11,"LK Waldeck-Frankenberg","[DeutschlandNodes].[Kreise71Web].[FedStateKey71].&[06].&[DE73].&[06635]",2018,1,"Norovirus","[KategorieNz].[Krankheit DE].&[Norovirus-Gastroenteritis]"
145.52,"LK Werra-Meißner-Kreis","[DeutschlandNodes].[Kreise71Web].[FedStateKey71].&[06].&[DE73].&[06636]",2018,1,"Norovirus","[KategorieNz].[Krankheit DE].&[Norovirus-Gastroenteritis]"
365.91,"LK Ludwigslust-Parchim","[DeutschlandNodes].[Kreise71Web].[FedStateKey71].&[13].&[DE80].&[13076]",2018,1,"Norovirus","[KategorieNz].[Krankheit DE].&[Norovirus-Gastroenteritis]"
315.67,"LK Mecklenburgische Seenplatte","[DeutschlandNodes].[Kreise71Web].[FedStateKey71].&[13].&[DE80].&[13071]",2018,1,"Norovirus","[KategorieNz].[Krankheit DE].&[Norovirus-Gastroenteritis]"
274.36,"LK Nordwestmecklenburg","[DeutschlandNodes].[Kreise71Web].[FedStateKey71].&[13].&[DE80].&[13074]",2018,1,"Norovirus","[KategorieNz].[Krankheit DE].&[Norovirus-Gastroenteritis]"
360.48,"SK Rostock","[DeutschlandNodes].[Kreise71Web].[FedStateKey71].&[13].&[DE80].&[13003]",2018,1,"Norovirus","[KategorieNz].[Krankheit DE].&[Norovirus-Gastroenteritis]"
379.34,"LK Rostock","[DeutschlandNodes].[Kreise71Web].[FedStateKey71].&[13].&[DE80].&[13072]",2018,1,"Norovirus","[KategorieNz].[Krankheit DE].&[Norovirus-Gastroenteritis]"
280.74,"SK Schwerin","[DeutschlandNodes].[Kreise71Web].[FedStateKey71].&[13].&[DE80].&[13004]",2018,1,"Norovirus","[KategorieNz].[Krankheit DE].&[Norovirus-Gastroenteritis]"
494.3,"LK Vorpommern-Greifswald","[DeutschlandNodes].[Kreise71Web].[FedStateKey71].&[13].&[DE80].&[13075]",2018,1,"Norovirus","[KategorieNz].[Krankheit DE].&[Norovirus-Gastroenteritis]"
315.55,"LK Vorpommern-Rügen","[DeutschlandNodes].[Kreise71Web].[FedStateKey71].&[13].&[DE80].&[13073]",2018,1,"Norovirus","[KategorieNz].[Krankheit DE].&[Norovirus-Gastroenteritis]"
91.02,"SK Braunschweig","[DeutschlandNodes].[Kreise71Web].[FedStateKey71].&[03].&[DE91].&[03101]",2018,1,"Norovirus","[KategorieNz].[Krankheit DE].&[Norovirus-Gastroenteritis]"
73.33,"LK Gifhorn","[DeutschlandNodes].[Kreise71Web].[FedStateKey71].&[03].&[DE91].&[03151]",2018,1,"Norovirus","[KategorieNz].[Krankheit DE].&[Norovirus-Gastroenteritis]"
126.26,"LK Goslar","[DeutschlandNodes].[Kreise71Web].[FedStateKey71].&[03].&[DE91].&[03153]",2018,1,"Norovirus","[KategorieNz].[Krankheit DE].&[Norovirus-Gastroenteritis]"
136.86,"LK Göttingen","[DeutschlandNodes].[Kreise71Web].[FedStateKey71].&[03].&[DE91].&[03159]",2018,1,"Norovirus","[KategorieNz].[Krankheit DE].&[Norovirus-Gastroenteritis]"
231.09,"LK Helmstedt","[DeutschlandNodes].[Kreise71Web].[FedStateKey71].&[03].&[DE91].&[03154]",2018,1,"Norovirus","[KategorieNz].[Krankheit DE].&[Norovirus-Gastroenteritis]"
161.94,"LK Northeim","[DeutschlandNodes].[Kreise71Web].[FedStateKey71].&[03].&[DE91].&[03155]",2018,1,"Norovirus","[KategorieNz].[Krankheit DE].&[Norovirus-Gastroenteritis]"
107.49,"LK Peine","[DeutschlandNodes].[Kreise71Web].[FedStateKey71].&[03].&[DE91].&[03157]",2018,1,"Norovirus","[KategorieNz].[Krankheit DE].&[Norovirus-Gastroenteritis]"
145.79,"SK Salzgitter","[DeutschlandNodes].[Kreise71Web].[FedStateKey71].&[03].&[DE91].&[03102]",2018,1,"Norovirus","[KategorieNz].[Krankheit DE].&[Norovirus-Gastroenteritis]"
72.52,"LK Wolfenbüttel","[DeutschlandNodes].[Kreise71Web].[FedStateKey71].&[03].&[DE91].&[03158]",2018,1,"Norovirus","[KategorieNz].[Krankheit DE].&[Norovirus-Gastroenteritis]"
64.44,"SK Wolfsburg","[DeutschlandNodes].[Kreise71Web].[FedStateKey71].&[03].&[DE91].&[03103]",2018,1,"Norovirus","[KategorieNz].[Krankheit DE].&[Norovirus-Gastroenteritis]"
60.86,"LK Diepholz","[DeutschlandNodes].[Kreise71Web].[FedStateKey71].&[03].&[DE92].&[03251]",2018,1,"Norovirus","[KategorieNz].[Krankheit DE].&[Norovirus-Gastroenteritis]"
126.55,"LK Hameln-Pyrmont","[DeutschlandNodes].[Kreise71Web].[FedStateKey71].&[03].&[DE92].&[03252]",2018,1,"Norovirus","[KategorieNz].[Krankheit DE].&[Norovirus-Gastroenteritis]"
71.87,"Region Hannover","[DeutschlandNodes].[Kreise71Web].[FedStateKey71].&[03].&[DE92].&[03241]",2018,1,"Norovirus","[KategorieNz].[Krankheit DE].&[Norovirus-Gastroenteritis]"
178.24,"LK Hildesheim","[DeutschlandNodes].[Kreise71Web].[FedStateKey71].&[03].&[DE92].&[03254]",2018,1,"Norovirus","[KategorieNz].[Krankheit DE].&[Norovirus-Gastroenteritis]"
176.12,"LK Holzminden","[DeutschlandNodes].[Kreise71Web].[FedStateKey71].&[03].&[DE92].&[03255]",2018,1,"Norovirus","[KategorieNz].[Krankheit DE].&[Norovirus-Gastroenteritis]"
79.09,"LK Nienburg (Weser)","[DeutschlandNodes].[Kreise71Web].[FedStateKey71].&[03].&[DE92].&[03256]",2018,1,"Norovirus","[KategorieNz].[Krankheit DE].&[Norovirus-Gastroenteritis]"
110.91,"LK Schaumburg","[DeutschlandNodes].[Kreise71Web].[FedStateKey71].&[03].&[DE92].&[03257]",2018,1,"Norovirus","[KategorieNz].[Krankheit DE].&[Norovirus-Gastroenteritis]"
135.8,"LK Celle","[DeutschlandNodes].[Kreise71Web].[FedStateKey71].&[03].&[DE93].&[03351]",2018,1,"Norovirus","[KategorieNz].[Krankheit DE].&[Norovirus-Gastroenteritis]"
107.46,"LK Cuxhaven","[DeutschlandNodes].[Kreise71Web].[FedStateKey71].&[03].&[DE93].&[03352]",2018,1,"Norovirus","[KategorieNz].[Krankheit DE].&[Norovirus-Gastroenteritis]"
64.09,"LK Harburg","[DeutschlandNodes].[Kreise71Web].[FedStateKey71].&[03].&[DE93].&[03353]",2018,1,"Norovirus","[KategorieNz].[Krankheit DE].&[Norovirus-Gastroenteritis]"
87.3,"LK Heidekreis","[DeutschlandNodes].[Kreise71Web].[FedStateKey71].&[03].&[DE93].&[03358]",2018,1,"Norovirus","[KategorieNz].[Krankheit DE].&[Norovirus-Gastroenteritis]"
74.34,"LK Lüchow-Dannenberg","[DeutschlandNodes].[Kreise71Web].[FedStateKey71].&[03].&[DE93].&[03354]",2018,1,"Norovirus","[KategorieNz].[Krankheit DE].&[Norovirus-Gastroenteritis]"
104.71,"LK Lüneburg","[DeutschlandNodes].[Kreise71Web].[FedStateKey71].&[03].&[DE93].&[03355]",2018,1,"Norovirus","[KategorieNz].[Krankheit DE].&[Norovirus-Gastroenteritis]"
65.19,"LK Osterholz","[DeutschlandNodes].[Kreise71Web].[FedStateKey71].&[03].&[DE93].&[03356]",2018,1,"Norovirus","[KategorieNz].[Krankheit DE].&[Norovirus-Gastroenteritis]"
159.68,"LK Rotenburg (Wümme)","[DeutschlandNodes].[Kreise71Web].[FedStateKey71].&[03].&[DE93].&[03357]",2018,1,"Norovirus","[KategorieNz].[Krankheit DE].&[Norovirus-Gastroenteritis]"
89.12,"LK Stade","[DeutschlandNodes].[Kreise71Web].[FedStateKey71].&[03].&[DE93].&[03359]",2018,1,"Norovirus","[KategorieNz].[Krankheit DE].&[Norovirus-Gastroenteritis]"
100.46,"LK Uelzen","[DeutschlandNodes].[Kreise71Web].[FedStateKey71].&[03].&[DE93].&[03360]",2018,1,"Norovirus","[KategorieNz].[Krankheit DE].&[Norovirus-Gastroenteritis]"
98.69,"LK Verden","[DeutschlandNodes].[Kreise71Web].[FedStateKey71].&[03].&[DE93].&[03361]",2018,1,"Norovirus","[KategorieNz].[Krankheit DE].&[Norovirus-Gastroenteritis]"
57.23,"LK Ammerland","[DeutschlandNodes].[Kreise71Web].[FedStateKey71].&[03].&[DE94].&[03451]",2018,1,"Norovirus","[KategorieNz].[Krankheit DE].&[Norovirus-Gastroenteritis]"
162.24,"LK Aurich","[DeutschlandNodes].[Kreise71Web].[FedStateKey71].&[03].&[DE94].&[03452]",2018,1,"Norovirus","[KategorieNz].[Krankheit DE].&[Norovirus-Gastroenteritis]"
113.38,"LK Cloppenburg","[DeutschlandNodes].[Kreise71Web].[FedStateKey71].&[03].&[DE94].&[03453]",2018,1,"Norovirus","[KategorieNz].[Krankheit DE].&[Norovirus-Gastroenteritis]"
72.16,"SK Delmenhorst","[DeutschlandNodes].[Kreise71Web].[FedStateKey71].&[03].&[DE94].&[03401]",2018,1,"Norovirus","[KategorieNz].[Krankheit DE].&[Norovirus-Gastroenteritis]"
221.14,"SK Emden","[DeutschlandNodes].[Kreise71Web].[FedStateKey71].&[03].&[DE94].&[03402]",2018,1,"Norovirus","[KategorieNz].[Krankheit DE].&[Norovirus-Gastroenteritis]"
96.73,"LK Emsland","[DeutschlandNodes].[Kreise71Web].[FedStateKey71].&[03].&[DE94].&[03454]",2018,1,"Norovirus","[KategorieNz].[Krankheit DE].&[Norovirus-Gastroenteritis]"
92.42,"LK Friesland","[DeutschlandNodes].[Kreise71Web].[FedStateKey71].&[03].&[DE94].&[03455]",2018,1,"Norovirus","[KategorieNz].[Krankheit DE].&[Norovirus-Gastroenteritis]"
109.88,"LK Grafschaft Bentheim","[DeutschlandNodes].[Kreise71Web].[FedStateKey71].&[03].&[DE94].&[03456]",2018,1,"Norovirus","[KategorieNz].[Krankheit DE].&[Norovirus-Gastroenteritis]"
88.92,"LK Leer","[DeutschlandNodes].[Kreise71Web].[FedStateKey71].&[03].&[DE94].&[03457]",2018,1,"Norovirus","[KategorieNz].[Krankheit DE].&[Norovirus-Gastroenteritis]"
59.45,"SK Oldenburg","[DeutschlandNodes].[Kreise71Web].[FedStateKey71].&[03].&[DE94].&[03403]",2018,1,"Norovirus","[KategorieNz].[Krankheit DE].&[Norovirus-Gastroenteritis]"
66.08,"LK Oldenburg","[DeutschlandNodes].[Kreise71Web].[FedStateKey71].&[03].&[DE94].&[03458]",2018,1,"Norovirus","[KategorieNz].[Krankheit DE].&[Norovirus-Gastroenteritis]"
78.91,"SK Osnabrück","[DeutschlandNodes].[Kreise71Web].[FedStateKey71].&[03].&[DE94].&[03404]",2018,1,"Norovirus","[KategorieNz].[Krankheit DE].&[Norovirus-Gastroenteritis]"
66.04,"LK Osnabrück","[DeutschlandNodes].[Kreise71Web].[FedStateKey71].&[03].&[DE94].&[03459]",2018,1,"Norovirus","[KategorieNz].[Krankheit DE].&[Norovirus-Gastroenteritis]"
96.05,"LK Vechta","[DeutschlandNodes].[Kreise71Web].[FedStateKey71].&[03].&[DE94].&[03460]",2018,1,"Norovirus","[KategorieNz].[Krankheit DE].&[Norovirus-Gastroenteritis]"
226.8,"LK Wesermarsch","[DeutschlandNodes].[Kreise71Web].[FedStateKey71].&[03].&[DE94].&[03461]",2018,1,"Norovirus","[KategorieNz].[Krankheit DE].&[Norovirus-Gastroenteritis]"
115.37,"SK Wilhelmshaven","[DeutschlandNodes].[Kreise71Web].[FedStateKey71].&[03].&[DE94].&[03405]",2018,1,"Norovirus","[KategorieNz].[Krankheit DE].&[Norovirus-Gastroenteritis]"
86.14,"LK Wittmund","[DeutschlandNodes].[Kreise71Web].[FedStateKey71].&[03].&[DE94].&[03462]",2018,1,"Norovirus","[KategorieNz].[Krankheit DE].&[Norovirus-Gastroenteritis]"
63.08,"SK Bochum","[DeutschlandNodes].[Kreise71Web].[FedStateKey71].&[05].&[DEA5].&[05911]",2018,1,"Norovirus","[KategorieNz].[Krankheit DE].&[Norovirus-Gastroenteritis]"
71.38,"SK Dortmund","[DeutschlandNodes].[Kreise71Web].[FedStateKey71].&[05].&[DEA5].&[05913]",2018,1,"Norovirus","[KategorieNz].[Krankheit DE].&[Norovirus-Gastroenteritis]"
94.05,"LK Ennepe-Ruhr-Kreis","[DeutschlandNodes].[Kreise71Web].[FedStateKey71].&[05].&[DEA5].&[05954]",2018,1,"Norovirus","[KategorieNz].[Krankheit DE].&[Norovirus-Gastroenteritis]"
257.93,"SK Hagen","[DeutschlandNodes].[Kreise71Web].[FedStateKey71].&[05].&[DEA5].&[05914]",2018,1,"Norovirus","[KategorieNz].[Krankheit DE].&[Norovirus-Gastroenteritis]"
97.7,"SK Hamm","[DeutschlandNodes].[Kreise71Web].[FedStateKey71].&[05].&[DEA5].&[05915]",2018,1,"Norovirus","[KategorieNz].[Krankheit DE].&[Norovirus-Gastroenteritis]"
59.47,"SK Herne","[DeutschlandNodes].[Kreise71Web].[FedStateKey71].&[05].&[DEA5].&[05916]",2018,1,"Norovirus","[KategorieNz].[Krankheit DE].&[Norovirus-Gastroenteritis]"
99.05,"LK Hochsauerlandkreis","[DeutschlandNodes].[Kreise71Web].[FedStateKey71].&[05].&[DEA5].&[05958]",2018,1,"Norovirus","[KategorieNz].[Krankheit DE].&[Norovirus-Gastroenteritis]"
110.16,"LK Märkischer Kreis","[DeutschlandNodes].[Kreise71Web].[FedStateKey71].&[05].&[DEA5].&[05962]",2018,1,"Norovirus","[KategorieNz].[Krankheit DE].&[Norovirus-Gastroenteritis]"
77.17,"LK Olpe","[DeutschlandNodes].[Kreise71Web].[FedStateKey71].&[05].&[DEA5].&[05966]",2018,1,"Norovirus","[KategorieNz].[Krankheit DE].&[Norovirus-Gastroenteritis]"
70.09,"LK Siegen-Wittgenstein","[DeutschlandNodes].[Kreise71Web].[FedStateKey71].&[05].&[DEA5].&[05970]",2018,1,"Norovirus","[KategorieNz].[Krankheit DE].&[Norovirus-Gastroenteritis]"
158.66,"LK Soest","[DeutschlandNodes].[Kreise71Web].[FedStateKey71].&[05].&[DEA5].&[05974]",2018,1,"Norovirus","[KategorieNz].[Krankheit DE].&[Norovirus-Gastroenteritis]"
98.54,"LK Unna","[DeutschlandNodes].[Kreise71Web].[FedStateKey71].&[05].&[DEA5].&[05978]",2018,1,"Norovirus","[KategorieNz].[Krankheit DE].&[Norovirus-Gastroenteritis]"
141.11,"SK Bielefeld","[DeutschlandNodes].[Kreise71Web].[FedStateKey71].&[05].&[DEA4].&[05711]",2018,1,"Norovirus","[KategorieNz].[Krankheit DE].&[Norovirus-Gastroenteritis]"
103.55,"LK Gütersloh","[DeutschlandNodes].[Kreise71Web].[FedStateKey71].&[05].&[DEA4].&[05754]",2018,1,"Norovirus","[KategorieNz].[Krankheit DE].&[Norovirus-Gastroenteritis]"
100.49,"LK Herford","[DeutschlandNodes].[Kreise71Web].[FedStateKey71].&[05].&[DEA4].&[05758]",2018,1,"Norovirus","[KategorieNz].[Krankheit DE].&[Norovirus-Gastroenteritis]"
159.24,"LK Höxter","[DeutschlandNodes].[Kreise71Web].[FedStateKey71].&[05].&[DEA4].&[05762]",2018,1,"Norovirus","[KategorieNz].[Krankheit DE].&[Norovirus-Gastroenteritis]"
159.02,"LK Lippe","[DeutschlandNodes].[Kreise71Web].[FedStateKey71].&[05].&[DEA4].&[05766]",2018,1,"Norovirus","[KategorieNz].[Krankheit DE].&[Norovirus-Gastroenteritis]"
102.67,"LK Minden-Lübbecke","[DeutschlandNodes].[Kreise71Web].[FedStateKey71].&[05].&[DEA4].&[05770]",2018,1,"Norovirus","[KategorieNz].[Krankheit DE].&[Norovirus-Gastroenteritis]"
112.42,"LK Paderborn","[DeutschlandNodes].[Kreise71Web].[FedStateKey71].&[05].&[DEA4].&[05774]",2018,1,"Norovirus","[KategorieNz].[Krankheit DE].&[Norovirus-Gastroenteritis]"
86.84,"SK Duisburg","[DeutschlandNodes].[Kreise71Web].[FedStateKey71].&[05].&[DEA1].&[05112]",2018,1,"Norovirus","[KategorieNz].[Krankheit DE].&[Norovirus-Gastroenteritis]"
97.53,"SK Düsseldorf","[DeutschlandNodes].[Kreise71Web].[FedStateKey71].&[05].&[DEA1].&[05111]",2018,1,"Norovirus","[KategorieNz].[Krankheit DE].&[Norovirus-Gastroenteritis]"
67.4,"SK Essen","[DeutschlandNodes].[Kreise71Web].[FedStateKey71].&[05].&[DEA1].&[05113]",2018,1,"Norovirus","[KategorieNz].[Krankheit DE].&[Norovirus-Gastroenteritis]"
73.64,"LK Kleve","[DeutschlandNodes].[Kreise71Web].[FedStateKey71].&[05].&[DEA1].&[05154]",2018,1,"Norovirus","[KategorieNz].[Krankheit DE].&[Norovirus-Gastroenteritis]"
79.73,"SK Krefeld","[DeutschlandNodes].[Kreise71Web].[FedStateKey71].&[05].&[DEA1].&[05114]",2018,1,"Norovirus","[KategorieNz].[Krankheit DE].&[Norovirus-Gastroenteritis]"
154.63,"LK Mettmann","[DeutschlandNodes].[Kreise71Web].[FedStateKey71].&[05].&[DEA1].&[05158]",2018,1,"Norovirus","[KategorieNz].[Krankheit DE].&[Norovirus-Gastroenteritis]"
138.07,"SK Mönchengladbach","[DeutschlandNodes].[Kreise71Web].[FedStateKey71].&[05].&[DEA1].&[05116]",2018,1,"Norovirus","[KategorieNz].[Krankheit DE].&[Norovirus-Gastroenteritis]"
56.18,"SK Mülheim a.d.Ruhr","[DeutschlandNodes].[Kreise71Web].[FedStateKey71].&[05].&[DEA1].&[05117]",2018,1,"Norovirus","[KategorieNz].[Krankheit DE].&[Norovirus-Gastroenteritis]"
92.97,"SK Oberhausen","[DeutschlandNodes].[Kreise71Web].[FedStateKey71].&[05].&[DEA1].&[05119]",2018,1,"Norovirus","[KategorieNz].[Krankheit DE].&[Norovirus-Gastroenteritis]"
145.95,"SK Remscheid","[DeutschlandNodes].[Kreise71Web].[FedStateKey71].&[05].&[DEA1].&[05120]",2018,1,"Norovirus","[KategorieNz].[Krankheit DE].&[Norovirus-Gastroenteritis]"
102.88,"LK Rhein-Kreis Neuss","[DeutschlandNodes].[Kreise71Web].[FedStateKey71].&[05].&[DEA1].&[05162]",2018,1,"Norovirus","[KategorieNz].[Krankheit DE].&[Norovirus-Gastroenteritis]"
237.83,"SK Solingen","[DeutschlandNodes].[Kreise71Web].[FedStateKey71].&[05].&[DEA1].&[05122]",2018,1,"Norovirus","[KategorieNz].[Krankheit DE].&[Norovirus-Gastroenteritis]"
83.3,"LK Viersen","[DeutschlandNodes].[Kreise71Web].[FedStateKey71].&[05].&[DEA1].&[05166]",2018,1,"Norovirus","[KategorieNz].[Krankheit DE].&[Norovirus-Gastroenteritis]"
85.69,"LK Wesel","[DeutschlandNodes].[Kreise71Web].[FedStateKey71].&[05].&[DEA1].&[05170]",2018,1,"Norovirus","[KategorieNz].[Krankheit DE].&[Norovirus-Gastroenteritis]"
71.67,"SK Wuppertal","[DeutschlandNodes].[Kreise71Web].[FedStateKey71].&[05].&[DEA1].&[05124]",2018,1,"Norovirus","[KategorieNz].[Krankheit DE].&[Norovirus-Gastroenteritis]"
91.45,"StädteRegion Aachen","[DeutschlandNodes].[Kreise71Web].[FedStateKey71].&[05].&[DEA2].&[05334]",2018,1,"Norovirus","[KategorieNz].[Krankheit DE].&[Norovirus-Gastroenteritis]"
78.23,"SK Bonn","[DeutschlandNodes].[Kreise71Web].[FedStateKey71].&[05].&[DEA2].&[05314]",2018,1,"Norovirus","[KategorieNz].[Krankheit DE].&[Norovirus-Gastroenteritis]"
153.57,"LK Düren","[DeutschlandNodes].[Kreise71Web].[FedStateKey71].&[05].&[DEA2].&[05358]",2018,1,"Norovirus","[KategorieNz].[Krankheit DE].&[Norovirus-Gastroenteritis]"
122.38,"LK Euskirchen","[DeutschlandNodes].[Kreise71Web].[FedStateKey71].&[05].&[DEA2].&[05366]",2018,1,"Norovirus","[KategorieNz].[Krankheit DE].&[Norovirus-Gastroenteritis]"
101.45,"LK Heinsberg","[DeutschlandNodes].[Kreise71Web].[FedStateKey71].&[05].&[DEA2].&[05370]",2018,1,"Norovirus","[KategorieNz].[Krankheit DE].&[Norovirus-Gastroenteritis]"
65.77,"SK Köln","[DeutschlandNodes].[Kreise71Web].[FedStateKey71].&[05].&[DEA2].&[05315]",2018,1,"Norovirus","[KategorieNz].[Krankheit DE].&[Norovirus-Gastroenteritis]"
61.04,"SK Leverkusen","[DeutschlandNodes].[Kreise71Web].[FedStateKey71].&[05].&[DEA2].&[05316]",2018,1,"Norovirus","[KategorieNz].[Krankheit DE].&[Norovirus-Gastroenteritis]"
221.31,"LK Oberbergischer Kreis","[DeutschlandNodes].[Kreise71Web].[FedStateKey71].&[05].&[DEA2].&[05374]",2018,1,"Norovirus","[KategorieNz].[Krankheit DE].&[Norovirus-Gastroenteritis]"
80.62,"LK Rhein-Erft-Kreis","[DeutschlandNodes].[Kreise71Web].[FedStateKey71].&[05].&[DEA2].&[05362]",2018,1,"Norovirus","[KategorieNz].[Krankheit DE].&[Norovirus-Gastroenteritis]"
53.27,"LK Rheinisch-Bergischer Kreis","[DeutschlandNodes].[Kreise71Web].[FedStateKey71].&[05].&[DEA2].&[05378]",2018,1,"Norovirus","[KategorieNz].[Krankheit DE].&[Norovirus-Gastroenteritis]"
140.88,"LK Rhein-Sieg-Kreis","[DeutschlandNodes].[Kreise71Web].[FedStateKey71].&[05].&[DEA2].&[05382]",2018,1,"Norovirus","[KategorieNz].[Krankheit DE].&[Norovirus-Gastroenteritis]"
116.81,"LK Borken","[DeutschlandNodes].[Kreise71Web].[FedStateKey71].&[05].&[DEA3].&[05554]",2018,1,"Norovirus","[KategorieNz].[Krankheit DE].&[Norovirus-Gastroenteritis]"
120.97,"SK Bottrop","[DeutschlandNodes].[Kreise71Web].[FedStateKey71].&[05].&[DEA3].&[05512]",2018,1,"Norovirus","[KategorieNz].[Krankheit DE].&[Norovirus-Gastroenteritis]"
220.53,"LK Coesfeld","[DeutschlandNodes].[Kreise71Web].[FedStateKey71].&[05].&[DEA3].&[05558]",2018,1,"Norovirus","[KategorieNz].[Krankheit DE].&[Norovirus-Gastroenteritis]"
79.42,"SK Gelsenkirchen","[DeutschlandNodes].[Kreise71Web].[FedStateKey71].&[05].&[DEA3].&[05513]",2018,1,"Norovirus","[KategorieNz].[Krankheit DE].&[Norovirus-Gastroenteritis]"
185.16,"SK Münster","[DeutschlandNodes].[Kreise71Web].[FedStateKey71].&[05].&[DEA3].&[05515]",2018,1,"Norovirus","[KategorieNz].[Krankheit DE].&[Norovirus-Gastroenteritis]"
95.89,"LK Recklinghausen","[DeutschlandNodes].[Kreise71Web].[FedStateKey71].&[05].&[DEA3].&[05562]",2018,1,"Norovirus","[KategorieNz].[Krankheit DE].&[Norovirus-Gastroenteritis]"
110.59,"LK Steinfurt","[DeutschlandNodes].[Kreise71Web].[FedStateKey71].&[05].&[DEA3].&[05566]",2018,1,"Norovirus","[KategorieNz].[Krankheit DE].&[Norovirus-Gastroenteritis]"
222.12,"LK Warendorf","[DeutschlandNodes].[Kreise71Web].[FedStateKey71].&[05].&[DEA3].&[05570]",2018,1,"Norovirus","[KategorieNz].[Krankheit DE].&[Norovirus-Gastroenteritis]"
214.3,"LK Ahrweiler","[DeutschlandNodes].[Kreise71Web].[FedStateKey71].&[07].&[DEB1].&[07131]",2018,1,"Norovirus","[KategorieNz].[Krankheit DE].&[Norovirus-Gastroenteritis]"
198.13,"LK Altenkirchen","[DeutschlandNodes].[Kreise71Web].[FedStateKey71].&[07].&[DEB1].&[07132]",2018,1,"Norovirus","[KategorieNz].[Krankheit DE].&[Norovirus-Gastroenteritis]"
70.22,"LK Bad Kreuznach","[DeutschlandNodes].[Kreise71Web].[FedStateKey71].&[07].&[DEB1].&[07133]",2018,1,"Norovirus","[KategorieNz].[Krankheit DE].&[Norovirus-Gastroenteritis]"
271.31,"LK Birkenfeld","[DeutschlandNodes].[Kreise71Web].[FedStateKey71].&[07].&[DEB1].&[07134]",2018,1,"Norovirus","[KategorieNz].[Krankheit DE].&[Norovirus-Gastroenteritis]"
449.77,"LK Cochem-Zell","[DeutschlandNodes].[Kreise71Web].[FedStateKey71].&[07].&[DEB1].&[07135]",2018,1,"Norovirus","[KategorieNz].[Krankheit DE].&[Norovirus-Gastroenteritis]"
53.5,"SK Koblenz","[DeutschlandNodes].[Kreise71Web].[FedStateKey71].&[07].&[DEB1].&[07111]",2018,1,"Norovirus","[KategorieNz].[Krankheit DE].&[Norovirus-Gastroenteritis]"
154.95,"LK Mayen-Koblenz","[DeutschlandNodes].[Kreise71Web].[FedStateKey71].&[07].&[DEB1].&[07137]",2018,1,"Norovirus","[KategorieNz].[Krankheit DE].&[Norovirus-Gastroenteritis]"
99.48,"LK Neuwied","[DeutschlandNodes].[Kreise71Web].[FedStateKey71].&[07].&[DEB1].&[07138]",2018,1,"Norovirus","[KategorieNz].[Krankheit DE].&[Norovirus-Gastroenteritis]"
124.35,"LK Rhein-Hunsrück-Kreis","[DeutschlandNodes].[Kreise71Web].[FedStateKey71].&[07].&[DEB1].&[07140]",2018,1,"Norovirus","[KategorieNz].[Krankheit DE].&[Norovirus-Gastroenteritis]"
195.41,"LK Rhein-Lahn-Kreis","[DeutschlandNodes].[Kreise71Web].[FedStateKey71].&[07].&[DEB1].&[07141]",2018,1,"Norovirus","[KategorieNz].[Krankheit DE].&[Norovirus-Gastroenteritis]"
218.75,"LK Westerwaldkreis","[DeutschlandNodes].[Kreise71Web].[FedStateKey71].&[07].&[DEB1].&[07143]",2018,1,"Norovirus","[KategorieNz].[Krankheit DE].&[Norovirus-Gastroenteritis]"
132.31,"LK Alzey-Worms","[DeutschlandNodes].[Kreise71Web].[FedStateKey71].&[07].&[DEB3].&[07331]",2018,1,"Norovirus","[KategorieNz].[Krankheit DE].&[Norovirus-Gastroenteritis]"
236.7,"LK Bad Dürkheim","[DeutschlandNodes].[Kreise71Web].[FedStateKey71].&[07].&[DEB3].&[07332]",2018,1,"Norovirus","[KategorieNz].[Krankheit DE].&[Norovirus-Gastroenteritis]"
147.8,"LK Donnersbergkreis","[DeutschlandNodes].[Kreise71Web].[FedStateKey71].&[07].&[DEB3].&[07333]",2018,1,"Norovirus","[KategorieNz].[Krankheit DE].&[Norovirus-Gastroenteritis]"
113.26,"SK Frankenthal","[DeutschlandNodes].[Kreise71Web].[FedStateKey71].&[07].&[DEB3].&[07311]",2018,1,"Norovirus","[KategorieNz].[Krankheit DE].&[Norovirus-Gastroenteritis]"
114.66,"LK Germersheim","[DeutschlandNodes].[Kreise71Web].[FedStateKey71].&[07].&[DEB3].&[07334]",2018,1,"Norovirus","[KategorieNz].[Krankheit DE].&[Norovirus-Gastroenteritis]"
158.25,"SK Kaiserslautern","[DeutschlandNodes].[Kreise71Web].[FedStateKey71].&[07].&[DEB3].&[07312]",2018,1,"Norovirus","[KategorieNz].[Krankheit DE].&[Norovirus-Gastroenteritis]"
156.52,"LK Kaiserslautern","[DeutschlandNodes].[Kreise71Web].[FedStateKey71].&[07].&[DEB3].&[07335]",2018,1,"Norovirus","[KategorieNz].[Krankheit DE].&[Norovirus-Gastroenteritis]"
198.51,"LK Kusel","[DeutschlandNodes].[Kreise71Web].[FedStateKey71].&[07].&[DEB3].&[07336]",2018,1,"Norovirus","[KategorieNz].[Krankheit DE].&[Norovirus-Gastroenteritis]"
109.26,"SK Landau i.d.Pfalz","[DeutschlandNodes].[Kreise71Web].[FedStateKey71].&[07].&[DEB3].&[07313]",2018,1,"Norovirus","[KategorieNz].[Krankheit DE].&[Norovirus-Gastroenteritis]"
261.89,"SK Ludwigshafen","[DeutschlandNodes].[Kreise71Web].[FedStateKey71].&[07].&[DEB3].&[07314]",2018,1,"Norovirus","[KategorieNz].[Krankheit DE].&[Norovirus-Gastroenteritis]"
52.51,"SK Mainz","[DeutschlandNodes].[Kreise71Web].[FedStateKey71].&[07].&[DEB3].&[07315]",2018,1,"Norovirus","[KategorieNz].[Krankheit DE].&[Norovirus-Gastroenteritis]"
75.4,"LK Mainz-Bingen","[DeutschlandNodes].[Kreise71Web].[FedStateKey71].&[07].&[DEB3].&[07339]",2018,1,"Norovirus","[KategorieNz].[Krankheit DE].&[Norovirus-Gastroenteritis]"
62.09,"SK Neustadt a.d.Weinstraße","[DeutschlandNodes].[Kreise71Web].[FedStateKey71].&[07].&[DEB3].&[07316]",2018,1,"Norovirus","[KategorieNz].[Krankheit DE].&[Norovirus-Gastroenteritis]"
148.5,"SK Pirmasens","[DeutschlandNodes].[Kreise71Web].[FedStateKey71].&[07].&[DEB3].&[07317]",2018,1,"Norovirus","[KategorieNz].[Krankheit DE].&[Norovirus-Gastroenteritis]"
170.56,"LK Rhein-Pfalz-Kreis","[DeutschlandNodes].[Kreise71Web].[FedStateKey71].&[07].&[DEB3].&[07338]",2018,1,"Norovirus","[KategorieNz].[Krankheit DE].&[Norovirus-Gastroenteritis]"
115.13,"SK Speyer","[DeutschlandNodes].[Kreise71Web].[FedStateKey71].&[07].&[DEB3].&[07318]",2018,1,"Norovirus","[KategorieNz].[Krankheit DE].&[Norovirus-Gastroenteritis]"
128.67,"LK Südliche Weinstraße","[DeutschlandNodes].[Kreise71Web].[FedStateKey71].&[07].&[DEB3].&[07337]",2018,1,"Norovirus","[KategorieNz].[Krankheit DE].&[Norovirus-Gastroenteritis]"
148.24,"LK Südwestpfalz","[DeutschlandNodes].[Kreise71Web].[FedStateKey71].&[07].&[DEB3].&[07340]",2018,1,"Norovirus","[KategorieNz].[Krankheit DE].&[Norovirus-Gastroenteritis]"
38.4,"SK Worms","[DeutschlandNodes].[Kreise71Web].[FedStateKey71].&[07].&[DEB3].&[07319]",2018,1,"Norovirus","[KategorieNz].[Krankheit DE].&[Norovirus-Gastroenteritis]"
70.16,"SK Zweibrücken","[DeutschlandNodes].[Kreise71Web].[FedStateKey71].&[07].&[DEB3].&[07320]",2018,1,"Norovirus","[KategorieNz].[Krankheit DE].&[Norovirus-Gastroenteritis]"
150.54,"LK Bernkastel-Wittlich","[DeutschlandNodes].[Kreise71Web].[FedStateKey71].&[07].&[DEB2].&[07231]",2018,1,"Norovirus","[KategorieNz].[Krankheit DE].&[Norovirus-Gastroenteritis]"
279.02,"LK Bitburg-Prüm","[DeutschlandNodes].[Kreise71Web].[FedStateKey71].&[07].&[DEB2].&[07232]",2018,1,"Norovirus","[KategorieNz].[Krankheit DE].&[Norovirus-Gastroenteritis]"
33.44,"SK Trier","[DeutschlandNodes].[Kreise71Web].[FedStateKey71].&[07].&[DEB2].&[07211]",2018,1,"Norovirus","[KategorieNz].[Krankheit DE].&[Norovirus-Gastroenteritis]"
109.44,"LK Trier-Saarburg","[DeutschlandNodes].[Kreise71Web].[FedStateKey71].&[07].&[DEB2].&[07235]",2018,1,"Norovirus","[KategorieNz].[Krankheit DE].&[Norovirus-Gastroenteritis]"
165.01,"LK Vulkaneifel","[DeutschlandNodes].[Kreise71Web].[FedStateKey71].&[07].&[DEB2].&[07233]",2018,1,"Norovirus","[KategorieNz].[Krankheit DE].&[Norovirus-Gastroenteritis]"
351.18,"LK Merzig-Wadern","[DeutschlandNodes].[Kreise71Web].[FedStateKey71].&[10].&[DEC0].&[10042]",2018,1,"Norovirus","[KategorieNz].[Krankheit DE].&[Norovirus-Gastroenteritis]"
119.51,"LK Neunkirchen","[DeutschlandNodes].[Kreise71Web].[FedStateKey71].&[10].&[DEC0].&[10043]",2018,1,"Norovirus","[KategorieNz].[Krankheit DE].&[Norovirus-Gastroenteritis]"
151.64,"LK Saarlouis","[DeutschlandNodes].[Kreise71Web].[FedStateKey71].&[10].&[DEC0].&[10044]",2018,1,"Norovirus","[KategorieNz].[Krankheit DE].&[Norovirus-Gastroenteritis]"
69.41,"LK Saarpfalz-Kreis","[DeutschlandNodes].[Kreise71Web].[FedStateKey71].&[10].&[DEC0].&[10045]",2018,1,"Norovirus","[KategorieNz].[Krankheit DE].&[Norovirus-Gastroenteritis]"
138.45,"LK Sankt Wendel","[DeutschlandNodes].[Kreise71Web].[FedStateKey71].&[10].&[DEC0].&[10046]",2018,1,"Norovirus","[KategorieNz].[Krankheit DE].&[Norovirus-Gastroenteritis]"
112.83,"LK Stadtverband Saarbrücken","[DeutschlandNodes].[Kreise71Web].[FedStateKey71].&[10].&[DEC0].&[10041]",2018,1,"Norovirus","[KategorieNz].[Krankheit DE].&[Norovirus-Gastroenteritis]"
218.01,"SK Chemnitz","[DeutschlandNodes].[Kreise71Web].[FedStateKey71].&[14].&[DED4].&[14511]",2018,1,"Norovirus","[KategorieNz].[Krankheit DE].&[Norovirus-Gastroenteritis]"
223.87,"LK Erzgebirgskreis","[DeutschlandNodes].[Kreise71Web].[FedStateKey71].&[14].&[DED4].&[14521]",2018,1,"Norovirus","[KategorieNz].[Krankheit DE].&[Norovirus-Gastroenteritis]"
250.5,"LK Mittelsachsen","[DeutschlandNodes].[Kreise71Web].[FedStateKey71].&[14].&[DED4].&[14522]",2018,1,"Norovirus","[KategorieNz].[Krankheit DE].&[Norovirus-Gastroenteritis]"
192.72,"LK Vogtlandkreis","[DeutschlandNodes].[Kreise71Web].[FedStateKey71].&[14].&[DED4].&[14523]",2018,1,"Norovirus","[KategorieNz].[Krankheit DE].&[Norovirus-Gastroenteritis]"
247.53,"LK Zwickau","[DeutschlandNodes].[Kreise71Web].[FedStateKey71].&[14].&[DED4].&[14524]",2018,1,"Norovirus","[KategorieNz].[Krankheit DE].&[Norovirus-Gastroenteritis]"
231.65,"LK Bautzen","[DeutschlandNodes].[Kreise71Web].[FedStateKey71].&[14].&[DED2].&[14625]",2018,1,"Norovirus","[KategorieNz].[Krankheit DE].&[Norovirus-Gastroenteritis]"
125.85,"SK Dresden","[DeutschlandNodes].[Kreise71Web].[FedStateKey71].&[14].&[DED2].&[14612]",2018,1,"Norovirus","[KategorieNz].[Krankheit DE].&[Norovirus-Gastroenteritis]"
283.65,"LK Görlitz","[DeutschlandNodes].[Kreise71Web].[FedStateKey71].&[14].&[DED2].&[14626]",2018,1,"Norovirus","[KategorieNz].[Krankheit DE].&[Norovirus-Gastroenteritis]"
174.67,"LK Meißen","[DeutschlandNodes].[Kreise71Web].[FedStateKey71].&[14].&[DED2].&[14627]",2018,1,"Norovirus","[KategorieNz].[Krankheit DE].&[Norovirus-Gastroenteritis]"
176.3,"LK Sächsische Schweiz-Osterzgebirge","[DeutschlandNodes].[Kreise71Web].[FedStateKey71].&[14].&[DED2].&[14628]",2018,1,"Norovirus","[KategorieNz].[Krankheit DE].&[Norovirus-Gastroenteritis]"
142.21,"SK Leipzig","[DeutschlandNodes].[Kreise71Web].[FedStateKey71].&[14].&[DED5].&[14713]",2018,1,"Norovirus","[KategorieNz].[Krankheit DE].&[Norovirus-Gastroenteritis]"
273.9,"LK Leipzig","[DeutschlandNodes].[Kreise71Web].[FedStateKey71].&[14].&[DED5].&[14729]",2018,1,"Norovirus","[KategorieNz].[Krankheit DE].&[Norovirus-Gastroenteritis]"
207.41,"LK Nordsachsen","[DeutschlandNodes].[Kreise71Web].[FedStateKey71].&[14].&[DED5].&[14730]",2018,1,"Norovirus","[KategorieNz].[Krankheit DE].&[Norovirus-Gastroenteritis]"
322.33,"LK Altmarkkreis Salzwedel","[DeutschlandNodes].[Kreise71Web].[FedStateKey71].&[15].&[DEE0].&[15081]",2018,1,"Norovirus","[KategorieNz].[Krankheit DE].&[Norovirus-Gastroenteritis]"
451.66,"LK Anhalt-Bitterfeld","[DeutschlandNodes].[Kreise71Web].[FedStateKey71].&[15].&[DEE0].&[15082]",2018,1,"Norovirus","[KategorieNz].[Krankheit DE].&[Norovirus-Gastroenteritis]"
501.94,"LK Börde","[DeutschlandNodes].[Kreise71Web].[FedStateKey71].&[15].&[DEE0].&[15083]",2018,1,"Norovirus","[KategorieNz].[Krankheit DE].&[Norovirus-Gastroenteritis]"
326.88,"LK Burgenlandkreis","[DeutschlandNodes].[Kreise71Web].[FedStateKey71].&[15].&[DEE0].&[15084]",2018,1,"Norovirus","[KategorieNz].[Krankheit DE].&[Norovirus-Gastroenteritis]"
521.93,"SK Dessau-Roßlau","[DeutschlandNodes].[Kreise71Web].[FedStateKey71].&[15].&[DEE0].&[15001]",2018,1,"Norovirus","[KategorieNz].[Krankheit DE].&[Norovirus-Gastroenteritis]"
378.67,"SK Halle","[DeutschlandNodes].[Kreise71Web].[FedStateKey71].&[15].&[DEE0].&[15002]",2018,1,"Norovirus","[KategorieNz].[Krankheit DE].&[Norovirus-Gastroenteritis]"
221.97,"LK Harz","[DeutschlandNodes].[Kreise71Web].[FedStateKey71].&[15].&[DEE0].&[15085]",2018,1,"Norovirus","[KategorieNz].[Krankheit DE].&[Norovirus-Gastroenteritis]"
676.1,"LK Jerichower Land","[DeutschlandNodes].[Kreise71Web].[FedStateKey71].&[15].&[DEE0].&[15086]",2018,1,"Norovirus","[KategorieNz].[Krankheit DE].&[Norovirus-Gastroenteritis]"
280.69,"SK Magdeburg","[DeutschlandNodes].[Kreise71Web].[FedStateKey71].&[15].&[DEE0].&[15003]",2018,1,"Norovirus","[KategorieNz].[Krankheit DE].&[Norovirus-Gastroenteritis]"
435.97,"LK Mansfeld-Südharz","[DeutschlandNodes].[Kreise71Web].[FedStateKey71].&[15].&[DEE0].&[15087]",2018,1,"Norovirus","[KategorieNz].[Krankheit DE].&[Norovirus-Gastroenteritis]"
271.42,"LK Saalekreis","[DeutschlandNodes].[Kreise71Web].[FedStateKey71].&[15].&[DEE0].&[15088]",2018,1,"Norovirus","[KategorieNz].[Krankheit DE].&[Norovirus-Gastroenteritis]"
265.53,"LK Salzlandkreis","[DeutschlandNodes].[Kreise71Web].[FedStateKey71].&[15].&[DEE0].&[15089]",2018,1,"Norovirus","[KategorieNz].[Krankheit DE].&[Norovirus-Gastroenteritis]"
612.6,"LK Stendal","[DeutschlandNodes].[Kreise71Web].[FedStateKey71].&[15].&[DEE0].&[15090]",2018,1,"Norovirus","[KategorieNz].[Krankheit DE].&[Norovirus-Gastroenteritis]"
545.93,"LK Wittenberg","[DeutschlandNodes].[Kreise71Web].[FedStateKey71].&[15].&[DEE0].&[15091]",2018,1,"Norovirus","[KategorieNz].[Krankheit DE].&[Norovirus-Gastroenteritis]"
94.59,"LK Dithmarschen","[DeutschlandNodes].[Kreise71Web].[FedStateKey71].&[01].&[DEF0].&[01051]",2018,1,"Norovirus","[KategorieNz].[Krankheit DE].&[Norovirus-Gastroenteritis]"
48.04,"SK Flensburg","[DeutschlandNodes].[Kreise71Web].[FedStateKey71].&[01].&[DEF0].&[01001]",2018,1,"Norovirus","[KategorieNz].[Krankheit DE].&[Norovirus-Gastroenteritis]"
750.77,"LK Herzogtum Lauenburg","[DeutschlandNodes].[Kreise71Web].[FedStateKey71].&[01].&[DEF0].&[01053]",2018,1,"Norovirus","[KategorieNz].[Krankheit DE].&[Norovirus-Gastroenteritis]"
120.38,"SK Kiel","[DeutschlandNodes].[Kreise71Web].[FedStateKey71].&[01].&[DEF0].&[01002]",2018,1,"Norovirus","[KategorieNz].[Krankheit DE].&[Norovirus-Gastroenteritis]"
217.77,"SK Lübeck","[DeutschlandNodes].[Kreise71Web].[FedStateKey71].&[01].&[DEF0].&[01003]",2018,1,"Norovirus","[KategorieNz].[Krankheit DE].&[Norovirus-Gastroenteritis]"
198.77,"SK Neumünster","[DeutschlandNodes].[Kreise71Web].[FedStateKey71].&[01].&[DEF0].&[01004]",2018,1,"Norovirus","[KategorieNz].[Krankheit DE].&[Norovirus-Gastroenteritis]"
269.48,"LK Nordfriesland","[DeutschlandNodes].[Kreise71Web].[FedStateKey71].&[01].&[DEF0].&[01054]",2018,1,"Norovirus","[KategorieNz].[Krankheit DE].&[Norovirus-Gastroenteritis]"
217.37,"LK Ostholstein","[DeutschlandNodes].[Kreise71Web].[FedStateKey71].&[01].&[DEF0].&[01055]",2018,1,"Norovirus","[KategorieNz].[Krankheit DE].&[Norovirus-Gastroenteritis]"
108.78,"LK Pinneberg","[DeutschlandNodes].[Kreise71Web].[FedStateKey71].&[01].&[DEF0].&[01056]",2018,1,"Norovirus","[KategorieNz].[Krankheit DE].&[Norovirus-Gastroenteritis]"
135.25,"LK Plön","[DeutschlandNodes].[Kreise71Web].[FedStateKey71].&[01].&[DEF0].&[01057]",2018,1,"Norovirus","[KategorieNz].[Krankheit DE].&[Norovirus-Gastroenteritis]"
108.88,"LK Rendsburg-Eckernförde","[DeutschlandNodes].[Kreise71Web].[FedStateKey71].&[01].&[DEF0].&[01058]",2018,1,"Norovirus","[KategorieNz].[Krankheit DE].&[Norovirus-Gastroenteritis]"
104.99,"LK Schleswig-Flensburg","[DeutschlandNodes].[Kreise71Web].[FedStateKey71].&[01].&[DEF0].&[01059]",2018,1,"Norovirus","[KategorieNz].[Krankheit DE].&[Norovirus-Gastroenteritis]"
297.07,"LK Segeberg","[DeutschlandNodes].[Kreise71Web].[FedStateKey71].&[01].&[DEF0].&[01060]",2018,1,"Norovirus","[KategorieNz].[Krankheit DE].&[Norovirus-Gastroenteritis]"
180.44,"LK Steinburg","[DeutschlandNodes].[Kreise71Web].[FedStateKey71].&[01].&[DEF0].&[01061]",2018,1,"Norovirus","[KategorieNz].[Krankheit DE].&[Norovirus-Gastroenteritis]"
79.36,"LK Stormarn","[DeutschlandNodes].[Kreise71Web].[FedStateKey71].&[01].&[DEF0].&[01062]",2018,1,"Norovirus","[KategorieNz].[Krankheit DE].&[Norovirus-Gastroenteritis]"
314.03,"LK Altenburger Land","[DeutschlandNodes].[Kreise71Web].[FedStateKey71].&[16].&[DEG0].&[16077]",2018,1,"Norovirus","[KategorieNz].[Krankheit DE].&[Norovirus-Gastroenteritis]"
356.64,"LK Eichsfeld","[DeutschlandNodes].[Kreise71Web].[FedStateKey71].&[16].&[DEG0].&[16061]",2018,1,"Norovirus","[KategorieNz].[Krankheit DE].&[Norovirus-Gastroenteritis]"
386.99,"SK Erfurt","[DeutschlandNodes].[Kreise71Web].[FedStateKey71].&[16].&[DEG0].&[16051]",2018,1,"Norovirus","[KategorieNz].[Krankheit DE].&[Norovirus-Gastroenteritis]"
243.22,"SK Gera","[DeutschlandNodes].[Kreise71Web].[FedStateKey71].&[16].&[DEG0].&[16052]",2018,1,"Norovirus","[KategorieNz].[Krankheit DE].&[Norovirus-Gastroenteritis]"
355.85,"LK Gotha","[DeutschlandNodes].[Kreise71Web].[FedStateKey71].&[16].&[DEG0].&[16067]",2018,1,"Norovirus","[KategorieNz].[Krankheit DE].&[Norovirus-Gastroenteritis]"
824.17,"LK Greiz","[DeutschlandNodes].[Kreise71Web].[FedStateKey71].&[16].&[DEG0].&[16076]",2018,1,"Norovirus","[KategorieNz].[Krankheit DE].&[Norovirus-Gastroenteritis]"
234.45,"LK Hildburghausen","[DeutschlandNodes].[Kreise71Web].[FedStateKey71].&[16].&[DEG0].&[16069]",2018,1,"Norovirus","[KategorieNz].[Krankheit DE].&[Norovirus-Gastroenteritis]"
533.37,"LK Ilm-Kreis","[DeutschlandNodes].[Kreise71Web].[FedStateKey71].&[16].&[DEG0].&[16070]",2018,1,"Norovirus","[KategorieNz].[Krankheit DE].&[Norovirus-Gastroenteritis]"
355.45,"SK Jena","[DeutschlandNodes].[Kreise71Web].[FedStateKey71].&[16].&[DEG0].&[16053]",2018,1,"Norovirus","[KategorieNz].[Krankheit DE].&[Norovirus-Gastroenteritis]"
598.59,"LK Kyffhäuserkreis","[DeutschlandNodes].[Kreise71Web].[FedStateKey71].&[16].&[DEG0].&[16065]",2018,1,"Norovirus","[KategorieNz].[Krankheit DE].&[Norovirus-Gastroenteritis]"
447.38,"LK Nordhausen","[DeutschlandNodes].[Kreise71Web].[FedStateKey71].&[16].&[DEG0].&[16062]",2018,1,"Norovirus","[KategorieNz].[Krankheit DE].&[Norovirus-Gastroenteritis]"
463.57,"LK Saale-Holzland-Kreis","[DeutschlandNodes].[Kreise71Web].[FedStateKey71].&[16].&[DEG0].&[16074]",2018,1,"Norovirus","[KategorieNz].[Krankheit DE].&[Norovirus-Gastroenteritis]"
431.57,"LK Saale-Orla-Kreis","[DeutschlandNodes].[Kreise71Web].[FedStateKey71].&[16].&[DEG0].&[16075]",2018,1,"Norovirus","[KategorieNz].[Krankheit DE].&[Norovirus-Gastroenteritis]"
401.48,"LK Saalfeld-Rudolstadt","[DeutschlandNodes].[Kreise71Web].[FedStateKey71].&[16].&[DEG0].&[16073]",2018,1,"Norovirus","[KategorieNz].[Krankheit DE].&[Norovirus-Gastroenteritis]"
259.92,"LK Schmalkalden-Meiningen","[DeutschlandNodes].[Kreise71Web].[FedStateKey71].&[16].&[DEG0].&[16066]",2018,1,"Norovirus","[KategorieNz].[Krankheit DE].&[Norovirus-Gastroenteritis]"
780.99,"LK Sömmerda","[DeutschlandNodes].[Kreise71Web].[FedStateKey71].&[16].&[DEG0].&[16068]",2018,1,"Norovirus","[KategorieNz].[Krankheit DE].&[Norovirus-Gastroenteritis]"
503.59,"LK Sonneberg","[DeutschlandNodes].[Kreise71Web].[FedStateKey71].&[16].&[DEG0].&[16072]",2018,1,"Norovirus","[KategorieNz].[Krankheit DE].&[Norovirus-Gastroenteritis]"
301.42,"SK Suhl","[DeutschlandNodes].[Kreise71Web].[FedStateKey71].&[16].&[DEG0].&[16054]",2018,1,"Norovirus","[KategorieNz].[Krankheit DE].&[Norovirus-Gastroenteritis]"
481.97,"LK Unstrut-Hainich-Kreis","[DeutschlandNodes].[Kreise71Web].[FedStateKey71].&[16].&[DEG0].&[16064]",2018,1,"Norovirus","[KategorieNz].[Krankheit DE].&[Norovirus-Gastroenteritis]"
241.85,"LK Wartburgkreis","[DeutschlandNodes].[Kreise71Web].[FedStateKey71].&[16].&[DEG0].&[16063]",2018,1,"Norovirus","[KategorieNz].[Krankheit DE].&[Norovirus-Gastroenteritis]"
248.89,"SK Weimar","[DeutschlandNodes].[Kreise71Web].[FedStateKey71].&[16].&[DEG0].&[16055]",2018,1,"Norovirus","[KategorieNz].[Krankheit DE].&[Norovirus-Gastroenteritis]"
513.75,"LK Weimarer Land","[DeutschlandNodes].[Kreise71Web].[FedStateKey71].&[16].&[DEG0].&[16071]",2018,1,"Norovirus","[KategorieNz].[Krankheit DE].&[Norovirus-Gastroenteritis]"
NA,"Unbekannt","[DeutschlandNodes].[Kreise71Web].[FedStateKey71].&[-1].&[????].&[?????]",2018,1,"Norovirus","[KategorieNz].[Krankheit DE].&[Norovirus-Gastroenteritis]"
68.29,"LK Breisgau-Hochschwarzwald","[DeutschlandNodes].[Kreise71Web].[FedStateKey71].&[08].&[DE13].&[08315]",2019,1,"Norovirus","[KategorieNz].[Krankheit DE].&[Norovirus-Gastroenteritis]"
99.15,"LK Emmendingen","[DeutschlandNodes].[Kreise71Web].[FedStateKey71].&[08].&[DE13].&[08316]",2019,1,"Norovirus","[KategorieNz].[Krankheit DE].&[Norovirus-Gastroenteritis]"
67.48,"SK Freiburg i.Breisgau","[DeutschlandNodes].[Kreise71Web].[FedStateKey71].&[08].&[DE13].&[08311]",2019,1,"Norovirus","[KategorieNz].[Krankheit DE].&[Norovirus-Gastroenteritis]"
73.35,"LK Konstanz","[DeutschlandNodes].[Kreise71Web].[FedStateKey71].&[08].&[DE13].&[08335]",2019,1,"Norovirus","[KategorieNz].[Krankheit DE].&[Norovirus-Gastroenteritis]"
108.42,"LK Lörrach","[DeutschlandNodes].[Kreise71Web].[FedStateKey71].&[08].&[DE13].&[08336]",2019,1,"Norovirus","[KategorieNz].[Krankheit DE].&[Norovirus-Gastroenteritis]"
77.97,"LK Ortenaukreis","[DeutschlandNodes].[Kreise71Web].[FedStateKey71].&[08].&[DE13].&[08317]",2019,1,"Norovirus","[KategorieNz].[Krankheit DE].&[Norovirus-Gastroenteritis]"
215.9,"LK Rottweil","[DeutschlandNodes].[Kreise71Web].[FedStateKey71].&[08].&[DE13].&[08325]",2019,1,"Norovirus","[KategorieNz].[Krankheit DE].&[Norovirus-Gastroenteritis]"
139.76,"LK Schwarzwald-Baar-Kreis","[DeutschlandNodes].[Kreise71Web].[FedStateKey71].&[08].&[DE13].&[08326]",2019,1,"Norovirus","[KategorieNz].[Krankheit DE].&[Norovirus-Gastroenteritis]"
58.25,"LK Tuttlingen","[DeutschlandNodes].[Kreise71Web].[FedStateKey71].&[08].&[DE13].&[08327]",2019,1,"Norovirus","[KategorieNz].[Krankheit DE].&[Norovirus-Gastroenteritis]"
91.23,"LK Waldshut","[DeutschlandNodes].[Kreise71Web].[FedStateKey71].&[08].&[DE13].&[08337]",2019,1,"Norovirus","[KategorieNz].[Krankheit DE].&[Norovirus-Gastroenteritis]"
50.74,"SK Baden-Baden","[DeutschlandNodes].[Kreise71Web].[FedStateKey71].&[08].&[DE12].&[08211]",2019,1,"Norovirus","[KategorieNz].[Krankheit DE].&[Norovirus-Gastroenteritis]"
156.41,"LK Calw","[DeutschlandNodes].[Kreise71Web].[FedStateKey71].&[08].&[DE12].&[08235]",2019,1,"Norovirus","[KategorieNz].[Krankheit DE].&[Norovirus-Gastroenteritis]"
104.23,"LK Enzkreis","[DeutschlandNodes].[Kreise71Web].[FedStateKey71].&[08].&[DE12].&[08236]",2019,1,"Norovirus","[KategorieNz].[Krankheit DE].&[Norovirus-Gastroenteritis]"
114.17,"LK Freudenstadt","[DeutschlandNodes].[Kreise71Web].[FedStateKey71].&[08].&[DE12].&[08237]",2019,1,"Norovirus","[KategorieNz].[Krankheit DE].&[Norovirus-Gastroenteritis]"
35.92,"SK Heidelberg","[DeutschlandNodes].[Kreise71Web].[FedStateKey71].&[08].&[DE12].&[08221]",2019,1,"Norovirus","[KategorieNz].[Krankheit DE].&[Norovirus-Gastroenteritis]"
78.19,"SK Karlsruhe","[DeutschlandNodes].[Kreise71Web].[FedStateKey71].&[08].&[DE12].&[08212]",2019,1,"Norovirus","[KategorieNz].[Krankheit DE].&[Norovirus-Gastroenteritis]"
79.53,"LK Karlsruhe","[DeutschlandNodes].[Kreise71Web].[FedStateKey71].&[08].&[DE12].&[08215]",2019,1,"Norovirus","[KategorieNz].[Krankheit DE].&[Norovirus-Gastroenteritis]"
98.18,"SK Mannheim","[DeutschlandNodes].[Kreise71Web].[FedStateKey71].&[08].&[DE12].&[08222]",2019,1,"Norovirus","[KategorieNz].[Krankheit DE].&[Norovirus-Gastroenteritis]"
127.41,"LK Neckar-Odenwald-Kreis","[DeutschlandNodes].[Kreise71Web].[FedStateKey71].&[08].&[DE12].&[08225]",2019,1,"Norovirus","[KategorieNz].[Krankheit DE].&[Norovirus-Gastroenteritis]"
83.36,"SK Pforzheim","[DeutschlandNodes].[Kreise71Web].[FedStateKey71].&[08].&[DE12].&[08231]",2019,1,"Norovirus","[KategorieNz].[Krankheit DE].&[Norovirus-Gastroenteritis]"
56.17,"LK Rastatt","[DeutschlandNodes].[Kreise71Web].[FedStateKey71].&[08].&[DE12].&[08216]",2019,1,"Norovirus","[KategorieNz].[Krankheit DE].&[Norovirus-Gastroenteritis]"
76.59,"LK Rhein-Neckar-Kreis","[DeutschlandNodes].[Kreise71Web].[FedStateKey71].&[08].&[DE12].&[08226]",2019,1,"Norovirus","[KategorieNz].[Krankheit DE].&[Norovirus-Gastroenteritis]"
34.88,"LK Böblingen","[DeutschlandNodes].[Kreise71Web].[FedStateKey71].&[08].&[DE11].&[08115]",2019,1,"Norovirus","[KategorieNz].[Krankheit DE].&[Norovirus-Gastroenteritis]"
63.92,"LK Esslingen","[DeutschlandNodes].[Kreise71Web].[FedStateKey71].&[08].&[DE11].&[08116]",2019,1,"Norovirus","[KategorieNz].[Krankheit DE].&[Norovirus-Gastroenteritis]"
43.77,"LK Göppingen","[DeutschlandNodes].[Kreise71Web].[FedStateKey71].&[08].&[DE11].&[08117]",2019,1,"Norovirus","[KategorieNz].[Krankheit DE].&[Norovirus-Gastroenteritis]"
153.64,"LK Heidenheim","[DeutschlandNodes].[Kreise71Web].[FedStateKey71].&[08].&[DE11].&[08135]",2019,1,"Norovirus","[KategorieNz].[Krankheit DE].&[Norovirus-Gastroenteritis]"
101.9,"SK Heilbronn","[DeutschlandNodes].[Kreise71Web].[FedStateKey71].&[08].&[DE11].&[08121]",2019,1,"Norovirus","[KategorieNz].[Krankheit DE].&[Norovirus-Gastroenteritis]"
77.22,"LK Heilbronn","[DeutschlandNodes].[Kreise71Web].[FedStateKey71].&[08].&[DE11].&[08125]",2019,1,"Norovirus","[KategorieNz].[Krankheit DE].&[Norovirus-Gastroenteritis]"
104.74,"LK Hohenlohekreis","[DeutschlandNodes].[Kreise71Web].[FedStateKey71].&[08].&[DE11].&[08126]",2019,1,"Norovirus","[KategorieNz].[Krankheit DE].&[Norovirus-Gastroenteritis]"
79.57,"LK Ludwigsburg","[DeutschlandNodes].[Kreise71Web].[FedStateKey71].&[08].&[DE11].&[08118]",2019,1,"Norovirus","[KategorieNz].[Krankheit DE].&[Norovirus-Gastroenteritis]"
163.14,"LK Main-Tauber-Kreis","[DeutschlandNodes].[Kreise71Web].[FedStateKey71].&[08].&[DE11].&[08128]",2019,1,"Norovirus","[KategorieNz].[Krankheit DE].&[Norovirus-Gastroenteritis]"
69.1,"LK Ostalbkreis","[DeutschlandNodes].[Kreise71Web].[FedStateKey71].&[08].&[DE11].&[08136]",2019,1,"Norovirus","[KategorieNz].[Krankheit DE].&[Norovirus-Gastroenteritis]"
58.98,"LK Rems-Murr-Kreis","[DeutschlandNodes].[Kreise71Web].[FedStateKey71].&[08].&[DE11].&[08119]",2019,1,"Norovirus","[KategorieNz].[Krankheit DE].&[Norovirus-Gastroenteritis]"
105.71,"LK Schwäbisch Hall","[DeutschlandNodes].[Kreise71Web].[FedStateKey71].&[08].&[DE11].&[08127]",2019,1,"Norovirus","[KategorieNz].[Krankheit DE].&[Norovirus-Gastroenteritis]"
58.18,"SK Stuttgart","[DeutschlandNodes].[Kreise71Web].[FedStateKey71].&[08].&[DE11].&[08111]",2019,1,"Norovirus","[KategorieNz].[Krankheit DE].&[Norovirus-Gastroenteritis]"
60.38,"LK Alb-Donau-Kreis","[DeutschlandNodes].[Kreise71Web].[FedStateKey71].&[08].&[DE14].&[08425]",2019,1,"Norovirus","[KategorieNz].[Krankheit DE].&[Norovirus-Gastroenteritis]"
85.95,"LK Biberach","[DeutschlandNodes].[Kreise71Web].[FedStateKey71].&[08].&[DE14].&[08426]",2019,1,"Norovirus","[KategorieNz].[Krankheit DE].&[Norovirus-Gastroenteritis]"
104.84,"LK Bodenseekreis","[DeutschlandNodes].[Kreise71Web].[FedStateKey71].&[08].&[DE14].&[08435]",2019,1,"Norovirus","[KategorieNz].[Krankheit DE].&[Norovirus-Gastroenteritis]"
134.89,"LK Ravensburg","[DeutschlandNodes].[Kreise71Web].[FedStateKey71].&[08].&[DE14].&[08436]",2019,1,"Norovirus","[KategorieNz].[Krankheit DE].&[Norovirus-Gastroenteritis]"
116.71,"LK Reutlingen","[DeutschlandNodes].[Kreise71Web].[FedStateKey71].&[08].&[DE14].&[08415]",2019,1,"Norovirus","[KategorieNz].[Krankheit DE].&[Norovirus-Gastroenteritis]"
102.41,"LK Sigmaringen","[DeutschlandNodes].[Kreise71Web].[FedStateKey71].&[08].&[DE14].&[08437]",2019,1,"Norovirus","[KategorieNz].[Krankheit DE].&[Norovirus-Gastroenteritis]"
83.09,"LK Tübingen","[DeutschlandNodes].[Kreise71Web].[FedStateKey71].&[08].&[DE14].&[08416]",2019,1,"Norovirus","[KategorieNz].[Krankheit DE].&[Norovirus-Gastroenteritis]"
66.25,"SK Ulm","[DeutschlandNodes].[Kreise71Web].[FedStateKey71].&[08].&[DE14].&[08421]",2019,1,"Norovirus","[KategorieNz].[Krankheit DE].&[Norovirus-Gastroenteritis]"
105.62,"LK Zollernalbkreis","[DeutschlandNodes].[Kreise71Web].[FedStateKey71].&[08].&[DE14].&[08417]",2019,1,"Norovirus","[KategorieNz].[Krankheit DE].&[Norovirus-Gastroenteritis]"
59.81,"SK Ansbach","[DeutschlandNodes].[Kreise71Web].[FedStateKey71].&[09].&[DE25].&[09561]",2019,1,"Norovirus","[KategorieNz].[Krankheit DE].&[Norovirus-Gastroenteritis]"
68.8,"LK Ansbach","[DeutschlandNodes].[Kreise71Web].[FedStateKey71].&[09].&[DE25].&[09571]",2019,1,"Norovirus","[KategorieNz].[Krankheit DE].&[Norovirus-Gastroenteritis]"
46.21,"SK Erlangen","[DeutschlandNodes].[Kreise71Web].[FedStateKey71].&[09].&[DE25].&[09562]",2019,1,"Norovirus","[KategorieNz].[Krankheit DE].&[Norovirus-Gastroenteritis]"
64.84,"LK Erlangen-Höchstadt","[DeutschlandNodes].[Kreise71Web].[FedStateKey71].&[09].&[DE25].&[09572]",2019,1,"Norovirus","[KategorieNz].[Krankheit DE].&[Norovirus-Gastroenteritis]"
125.29,"SK Fürth","[DeutschlandNodes].[Kreise71Web].[FedStateKey71].&[09].&[DE25].&[09563]",2019,1,"Norovirus","[KategorieNz].[Krankheit DE].&[Norovirus-Gastroenteritis]"
107.76,"LK Fürth","[DeutschlandNodes].[Kreise71Web].[FedStateKey71].&[09].&[DE25].&[09573]",2019,1,"Norovirus","[KategorieNz].[Krankheit DE].&[Norovirus-Gastroenteritis]"
99.99,"LK Neustadt a.d.Aisch-Bad Windsheim","[DeutschlandNodes].[Kreise71Web].[FedStateKey71].&[09].&[DE25].&[09575]",2019,1,"Norovirus","[KategorieNz].[Krankheit DE].&[Norovirus-Gastroenteritis]"
66.55,"SK Nürnberg","[DeutschlandNodes].[Kreise71Web].[FedStateKey71].&[09].&[DE25].&[09564]",2019,1,"Norovirus","[KategorieNz].[Krankheit DE].&[Norovirus-Gastroenteritis]"
79.63,"LK Nürnberger Land","[DeutschlandNodes].[Kreise71Web].[FedStateKey71].&[09].&[DE25].&[09574]",2019,1,"Norovirus","[KategorieNz].[Krankheit DE].&[Norovirus-Gastroenteritis]"
99.41,"LK Roth","[DeutschlandNodes].[Kreise71Web].[FedStateKey71].&[09].&[DE25].&[09576]",2019,1,"Norovirus","[KategorieNz].[Krankheit DE].&[Norovirus-Gastroenteritis]"
65.88,"SK Schwabach","[DeutschlandNodes].[Kreise71Web].[FedStateKey71].&[09].&[DE25].&[09565]",2019,1,"Norovirus","[KategorieNz].[Krankheit DE].&[Norovirus-Gastroenteritis]"
78.11,"LK Weißenburg-Gunzenhausen","[DeutschlandNodes].[Kreise71Web].[FedStateKey71].&[09].&[DE25].&[09577]",2019,1,"Norovirus","[KategorieNz].[Krankheit DE].&[Norovirus-Gastroenteritis]"
174.93,"LK Deggendorf","[DeutschlandNodes].[Kreise71Web].[FedStateKey71].&[09].&[DE22].&[09271]",2019,1,"Norovirus","[KategorieNz].[Krankheit DE].&[Norovirus-Gastroenteritis]"
209.96,"LK Dingolfing-Landau","[DeutschlandNodes].[Kreise71Web].[FedStateKey71].&[09].&[DE22].&[09279]",2019,1,"Norovirus","[KategorieNz].[Krankheit DE].&[Norovirus-Gastroenteritis]"
131.44,"LK Freyung-Grafenau","[DeutschlandNodes].[Kreise71Web].[FedStateKey71].&[09].&[DE22].&[09272]",2019,1,"Norovirus","[KategorieNz].[Krankheit DE].&[Norovirus-Gastroenteritis]"
50.38,"LK Kelheim","[DeutschlandNodes].[Kreise71Web].[FedStateKey71].&[09].&[DE22].&[09273]",2019,1,"Norovirus","[KategorieNz].[Krankheit DE].&[Norovirus-Gastroenteritis]"
74.92,"SK Landshut","[DeutschlandNodes].[Kreise71Web].[FedStateKey71].&[09].&[DE22].&[09261]",2019,1,"Norovirus","[KategorieNz].[Krankheit DE].&[Norovirus-Gastroenteritis]"
102.57,"LK Landshut","[DeutschlandNodes].[Kreise71Web].[FedStateKey71].&[09].&[DE22].&[09274]",2019,1,"Norovirus","[KategorieNz].[Krankheit DE].&[Norovirus-Gastroenteritis]"
160.98,"SK Passau","[DeutschlandNodes].[Kreise71Web].[FedStateKey71].&[09].&[DE22].&[09262]",2019,1,"Norovirus","[KategorieNz].[Krankheit DE].&[Norovirus-Gastroenteritis]"
171.81,"LK Passau","[DeutschlandNodes].[Kreise71Web].[FedStateKey71].&[09].&[DE22].&[09275]",2019,1,"Norovirus","[KategorieNz].[Krankheit DE].&[Norovirus-Gastroenteritis]"
213.15,"LK Regen","[DeutschlandNodes].[Kreise71Web].[FedStateKey71].&[09].&[DE22].&[09276]",2019,1,"Norovirus","[KategorieNz].[Krankheit DE].&[Norovirus-Gastroenteritis]"
172.84,"LK Rottal-Inn","[DeutschlandNodes].[Kreise71Web].[FedStateKey71].&[09].&[DE22].&[09277]",2019,1,"Norovirus","[KategorieNz].[Krankheit DE].&[Norovirus-Gastroenteritis]"
173.67,"SK Straubing","[DeutschlandNodes].[Kreise71Web].[FedStateKey71].&[09].&[DE22].&[09263]",2019,1,"Norovirus","[KategorieNz].[Krankheit DE].&[Norovirus-Gastroenteritis]"
89.99,"LK Straubing-Bogen","[DeutschlandNodes].[Kreise71Web].[FedStateKey71].&[09].&[DE22].&[09278]",2019,1,"Norovirus","[KategorieNz].[Krankheit DE].&[Norovirus-Gastroenteritis]"
79.81,"LK Altötting","[DeutschlandNodes].[Kreise71Web].[FedStateKey71].&[09].&[DE21].&[09171]",2019,1,"Norovirus","[KategorieNz].[Krankheit DE].&[Norovirus-Gastroenteritis]"
135.24,"LK Bad Tölz-Wolfratshausen","[DeutschlandNodes].[Kreise71Web].[FedStateKey71].&[09].&[DE21].&[09173]",2019,1,"Norovirus","[KategorieNz].[Krankheit DE].&[Norovirus-Gastroenteritis]"
130.28,"LK Berchtesgadener Land","[DeutschlandNodes].[Kreise71Web].[FedStateKey71].&[09].&[DE21].&[09172]",2019,1,"Norovirus","[KategorieNz].[Krankheit DE].&[Norovirus-Gastroenteritis]"
171.08,"LK Dachau","[DeutschlandNodes].[Kreise71Web].[FedStateKey71].&[09].&[DE21].&[09174]",2019,1,"Norovirus","[KategorieNz].[Krankheit DE].&[Norovirus-Gastroenteritis]"
54.3,"LK Ebersberg","[DeutschlandNodes].[Kreise71Web].[FedStateKey71].&[09].&[DE21].&[09175]",2019,1,"Norovirus","[KategorieNz].[Krankheit DE].&[Norovirus-Gastroenteritis]"
111.38,"LK Eichstätt","[DeutschlandNodes].[Kreise71Web].[FedStateKey71].&[09].&[DE21].&[09176]",2019,1,"Norovirus","[KategorieNz].[Krankheit DE].&[Norovirus-Gastroenteritis]"
62.96,"LK Erding","[DeutschlandNodes].[Kreise71Web].[FedStateKey71].&[09].&[DE21].&[09177]",2019,1,"Norovirus","[KategorieNz].[Krankheit DE].&[Norovirus-Gastroenteritis]"
82.77,"LK Freising","[DeutschlandNodes].[Kreise71Web].[FedStateKey71].&[09].&[DE21].&[09178]",2019,1,"Norovirus","[KategorieNz].[Krankheit DE].&[Norovirus-Gastroenteritis]"
181.02,"LK Fürstenfeldbruck","[DeutschlandNodes].[Kreise71Web].[FedStateKey71].&[09].&[DE21].&[09179]",2019,1,"Norovirus","[KategorieNz].[Krankheit DE].&[Norovirus-Gastroenteritis]"
226.18,"LK Garmisch-Partenkirchen","[DeutschlandNodes].[Kreise71Web].[FedStateKey71].&[09].&[DE21].&[09180]",2019,1,"Norovirus","[KategorieNz].[Krankheit DE].&[Norovirus-Gastroenteritis]"
73.51,"SK Ingolstadt","[DeutschlandNodes].[Kreise71Web].[FedStateKey71].&[09].&[DE21].&[09161]",2019,1,"Norovirus","[KategorieNz].[Krankheit DE].&[Norovirus-Gastroenteritis]"
112.22,"LK Landsberg a.Lech","[DeutschlandNodes].[Kreise71Web].[FedStateKey71].&[09].&[DE21].&[09181]",2019,1,"Norovirus","[KategorieNz].[Krankheit DE].&[Norovirus-Gastroenteritis]"
63.99,"LK Miesbach","[DeutschlandNodes].[Kreise71Web].[FedStateKey71].&[09].&[DE21].&[09182]",2019,1,"Norovirus","[KategorieNz].[Krankheit DE].&[Norovirus-Gastroenteritis]"
144.12,"LK Mühldorf a.Inn","[DeutschlandNodes].[Kreise71Web].[FedStateKey71].&[09].&[DE21].&[09183]",2019,1,"Norovirus","[KategorieNz].[Krankheit DE].&[Norovirus-Gastroenteritis]"
102.81,"SK München","[DeutschlandNodes].[Kreise71Web].[FedStateKey71].&[09].&[DE21].&[09162]",2019,1,"Norovirus","[KategorieNz].[Krankheit DE].&[Norovirus-Gastroenteritis]"
78.47,"LK München","[DeutschlandNodes].[Kreise71Web].[FedStateKey71].&[09].&[DE21].&[09184]",2019,1,"Norovirus","[KategorieNz].[Krankheit DE].&[Norovirus-Gastroenteritis]"
91.47,"LK Neuburg-Schrobenhausen","[DeutschlandNodes].[Kreise71Web].[FedStateKey71].&[09].&[DE21].&[09185]",2019,1,"Norovirus","[KategorieNz].[Krankheit DE].&[Norovirus-Gastroenteritis]"
177.81,"LK Pfaffenhofen a.d.Ilm","[DeutschlandNodes].[Kreise71Web].[FedStateKey71].&[09].&[DE21].&[09186]",2019,1,"Norovirus","[KategorieNz].[Krankheit DE].&[Norovirus-Gastroenteritis]"
42.49,"SK Rosenheim","[DeutschlandNodes].[Kreise71Web].[FedStateKey71].&[09].&[DE21].&[09163]",2019,1,"Norovirus","[KategorieNz].[Krankheit DE].&[Norovirus-Gastroenteritis]"
83.04,"LK Rosenheim","[DeutschlandNodes].[Kreise71Web].[FedStateKey71].&[09].&[DE21].&[09187]",2019,1,"Norovirus","[KategorieNz].[Krankheit DE].&[Norovirus-Gastroenteritis]"
132.44,"LK Starnberg","[DeutschlandNodes].[Kreise71Web].[FedStateKey71].&[09].&[DE21].&[09188]",2019,1,"Norovirus","[KategorieNz].[Krankheit DE].&[Norovirus-Gastroenteritis]"
228.4,"LK Traunstein","[DeutschlandNodes].[Kreise71Web].[FedStateKey71].&[09].&[DE21].&[09189]",2019,1,"Norovirus","[KategorieNz].[Krankheit DE].&[Norovirus-Gastroenteritis]"
184.53,"LK Weilheim-Schongau","[DeutschlandNodes].[Kreise71Web].[FedStateKey71].&[09].&[DE21].&[09190]",2019,1,"Norovirus","[KategorieNz].[Krankheit DE].&[Norovirus-Gastroenteritis]"
174.48,"SK Bamberg","[DeutschlandNodes].[Kreise71Web].[FedStateKey71].&[09].&[DE24].&[09461]",2019,1,"Norovirus","[KategorieNz].[Krankheit DE].&[Norovirus-Gastroenteritis]"
235.79,"LK Bamberg","[DeutschlandNodes].[Kreise71Web].[FedStateKey71].&[09].&[DE24].&[09471]",2019,1,"Norovirus","[KategorieNz].[Krankheit DE].&[Norovirus-Gastroenteritis]"
101.63,"SK Bayreuth","[DeutschlandNodes].[Kreise71Web].[FedStateKey71].&[09].&[DE24].&[09462]",2019,1,"Norovirus","[KategorieNz].[Krankheit DE].&[Norovirus-Gastroenteritis]"
82.96,"LK Bayreuth","[DeutschlandNodes].[Kreise71Web].[FedStateKey71].&[09].&[DE24].&[09472]",2019,1,"Norovirus","[KategorieNz].[Krankheit DE].&[Norovirus-Gastroenteritis]"
289.74,"SK Coburg","[DeutschlandNodes].[Kreise71Web].[FedStateKey71].&[09].&[DE24].&[09463]",2019,1,"Norovirus","[KategorieNz].[Krankheit DE].&[Norovirus-Gastroenteritis]"
257.07,"LK Coburg","[DeutschlandNodes].[Kreise71Web].[FedStateKey71].&[09].&[DE24].&[09473]",2019,1,"Norovirus","[KategorieNz].[Krankheit DE].&[Norovirus-Gastroenteritis]"
120.48,"LK Forchheim","[DeutschlandNodes].[Kreise71Web].[FedStateKey71].&[09].&[DE24].&[09474]",2019,1,"Norovirus","[KategorieNz].[Krankheit DE].&[Norovirus-Gastroenteritis]"
128.75,"SK Hof","[DeutschlandNodes].[Kreise71Web].[FedStateKey71].&[09].&[DE24].&[09464]",2019,1,"Norovirus","[KategorieNz].[Krankheit DE].&[Norovirus-Gastroenteritis]"
222.57,"LK Hof","[DeutschlandNodes].[Kreise71Web].[FedStateKey71].&[09].&[DE24].&[09475]",2019,1,"Norovirus","[KategorieNz].[Krankheit DE].&[Norovirus-Gastroenteritis]"
158.82,"LK Kronach","[DeutschlandNodes].[Kreise71Web].[FedStateKey71].&[09].&[DE24].&[09476]",2019,1,"Norovirus","[KategorieNz].[Krankheit DE].&[Norovirus-Gastroenteritis]"
88.03,"LK Kulmbach","[DeutschlandNodes].[Kreise71Web].[FedStateKey71].&[09].&[DE24].&[09477]",2019,1,"Norovirus","[KategorieNz].[Krankheit DE].&[Norovirus-Gastroenteritis]"
110.82,"LK Lichtenfels","[DeutschlandNodes].[Kreise71Web].[FedStateKey71].&[09].&[DE24].&[09478]",2019,1,"Norovirus","[KategorieNz].[Krankheit DE].&[Norovirus-Gastroenteritis]"
74.32,"LK Wunsiedel i.Fichtelgebirge","[DeutschlandNodes].[Kreise71Web].[FedStateKey71].&[09].&[DE24].&[09479]",2019,1,"Norovirus","[KategorieNz].[Krankheit DE].&[Norovirus-Gastroenteritis]"
63.97,"SK Amberg","[DeutschlandNodes].[Kreise71Web].[FedStateKey71].&[09].&[DE23].&[09361]",2019,1,"Norovirus","[KategorieNz].[Krankheit DE].&[Norovirus-Gastroenteritis]"
98.01,"LK Amberg-Sulzbach","[DeutschlandNodes].[Kreise71Web].[FedStateKey71].&[09].&[DE23].&[09371]",2019,1,"Norovirus","[KategorieNz].[Krankheit DE].&[Norovirus-Gastroenteritis]"
63.28,"LK Cham","[DeutschlandNodes].[Kreise71Web].[FedStateKey71].&[09].&[DE23].&[09372]",2019,1,"Norovirus","[KategorieNz].[Krankheit DE].&[Norovirus-Gastroenteritis]"
84.71,"LK Neumarkt i.d.OPf.","[DeutschlandNodes].[Kreise71Web].[FedStateKey71].&[09].&[DE23].&[09373]",2019,1,"Norovirus","[KategorieNz].[Krankheit DE].&[Norovirus-Gastroenteritis]"
116.46,"LK Neustadt a.d.Waldnaab","[DeutschlandNodes].[Kreise71Web].[FedStateKey71].&[09].&[DE23].&[09374]",2019,1,"Norovirus","[KategorieNz].[Krankheit DE].&[Norovirus-Gastroenteritis]"
31.35,"SK Regensburg","[DeutschlandNodes].[Kreise71Web].[FedStateKey71].&[09].&[DE23].&[09362]",2019,1,"Norovirus","[KategorieNz].[Krankheit DE].&[Norovirus-Gastroenteritis]"
40.71,"LK Regensburg","[DeutschlandNodes].[Kreise71Web].[FedStateKey71].&[09].&[DE23].&[09375]",2019,1,"Norovirus","[KategorieNz].[Krankheit DE].&[Norovirus-Gastroenteritis]"
132.55,"LK Schwandorf","[DeutschlandNodes].[Kreise71Web].[FedStateKey71].&[09].&[DE23].&[09376]",2019,1,"Norovirus","[KategorieNz].[Krankheit DE].&[Norovirus-Gastroenteritis]"
222.08,"LK Tirschenreuth","[DeutschlandNodes].[Kreise71Web].[FedStateKey71].&[09].&[DE23].&[09377]",2019,1,"Norovirus","[KategorieNz].[Krankheit DE].&[Norovirus-Gastroenteritis]"
79.55,"SK Weiden i.d.OPf.","[DeutschlandNodes].[Kreise71Web].[FedStateKey71].&[09].&[DE23].&[09363]",2019,1,"Norovirus","[KategorieNz].[Krankheit DE].&[Norovirus-Gastroenteritis]"
251.75,"LK Aichach-Friedberg","[DeutschlandNodes].[Kreise71Web].[FedStateKey71].&[09].&[DE27].&[09771]",2019,1,"Norovirus","[KategorieNz].[Krankheit DE].&[Norovirus-Gastroenteritis]"
124.42,"SK Augsburg","[DeutschlandNodes].[Kreise71Web].[FedStateKey71].&[09].&[DE27].&[09761]",2019,1,"Norovirus","[KategorieNz].[Krankheit DE].&[Norovirus-Gastroenteritis]"
124.28,"LK Augsburg","[DeutschlandNodes].[Kreise71Web].[FedStateKey71].&[09].&[DE27].&[09772]",2019,1,"Norovirus","[KategorieNz].[Krankheit DE].&[Norovirus-Gastroenteritis]"
100.45,"LK Dillingen a.d.Donau","[DeutschlandNodes].[Kreise71Web].[FedStateKey71].&[09].&[DE27].&[09773]",2019,1,"Norovirus","[KategorieNz].[Krankheit DE].&[Norovirus-Gastroenteritis]"
91.94,"LK Donau-Ries","[DeutschlandNodes].[Kreise71Web].[FedStateKey71].&[09].&[DE27].&[09779]",2019,1,"Norovirus","[KategorieNz].[Krankheit DE].&[Norovirus-Gastroenteritis]"
211.77,"LK Günzburg","[DeutschlandNodes].[Kreise71Web].[FedStateKey71].&[09].&[DE27].&[09774]",2019,1,"Norovirus","[KategorieNz].[Krankheit DE].&[Norovirus-Gastroenteritis]"
164.42,"SK Kaufbeuren","[DeutschlandNodes].[Kreise71Web].[FedStateKey71].&[09].&[DE27].&[09762]",2019,1,"Norovirus","[KategorieNz].[Krankheit DE].&[Norovirus-Gastroenteritis]"
NA,"SK Kempten","[DeutschlandNodes].[Kreise71Web].[FedStateKey71].&[09].&[DE27].&[09763]",2019,1,"Norovirus","[KategorieNz].[Krankheit DE].&[Norovirus-Gastroenteritis]"
254.94,"LK Lindau","[DeutschlandNodes].[Kreise71Web].[FedStateKey71].&[09].&[DE27].&[09776]",2019,1,"Norovirus","[KategorieNz].[Krankheit DE].&[Norovirus-Gastroenteritis]"
54.42,"SK Memmingen","[DeutschlandNodes].[Kreise71Web].[FedStateKey71].&[09].&[DE27].&[09764]",2019,1,"Norovirus","[KategorieNz].[Krankheit DE].&[Norovirus-Gastroenteritis]"
81.05,"LK Neu-Ulm","[DeutschlandNodes].[Kreise71Web].[FedStateKey71].&[09].&[DE27].&[09775]",2019,1,"Norovirus","[KategorieNz].[Krankheit DE].&[Norovirus-Gastroenteritis]"
214.73,"LK Oberallgäu","[DeutschlandNodes].[Kreise71Web].[FedStateKey71].&[09].&[DE27].&[09780]",2019,1,"Norovirus","[KategorieNz].[Krankheit DE].&[Norovirus-Gastroenteritis]"
182.03,"LK Ostallgäu","[DeutschlandNodes].[Kreise71Web].[FedStateKey71].&[09].&[DE27].&[09777]",2019,1,"Norovirus","[KategorieNz].[Krankheit DE].&[Norovirus-Gastroenteritis]"
114.21,"LK Unterallgäu","[DeutschlandNodes].[Kreise71Web].[FedStateKey71].&[09].&[DE27].&[09778]",2019,1,"Norovirus","[KategorieNz].[Krankheit DE].&[Norovirus-Gastroenteritis]"
45.07,"SK Aschaffenburg","[DeutschlandNodes].[Kreise71Web].[FedStateKey71].&[09].&[DE26].&[09661]",2019,1,"Norovirus","[KategorieNz].[Krankheit DE].&[Norovirus-Gastroenteritis]"
49.94,"LK Aschaffenburg","[DeutschlandNodes].[Kreise71Web].[FedStateKey71].&[09].&[DE26].&[09671]",2019,1,"Norovirus","[KategorieNz].[Krankheit DE].&[Norovirus-Gastroenteritis]"
112.36,"LK Bad Kissingen","[DeutschlandNodes].[Kreise71Web].[FedStateKey71].&[09].&[DE26].&[09672]",2019,1,"Norovirus","[KategorieNz].[Krankheit DE].&[Norovirus-Gastroenteritis]"
188.42,"LK Haßberge","[DeutschlandNodes].[Kreise71Web].[FedStateKey71].&[09].&[DE26].&[09674]",2019,1,"Norovirus","[KategorieNz].[Krankheit DE].&[Norovirus-Gastroenteritis]"
81.18,"LK Kitzingen","[DeutschlandNodes].[Kreise71Web].[FedStateKey71].&[09].&[DE26].&[09675]",2019,1,"Norovirus","[KategorieNz].[Krankheit DE].&[Norovirus-Gastroenteritis]"
70.55,"LK Main-Spessart","[DeutschlandNodes].[Kreise71Web].[FedStateKey71].&[09].&[DE26].&[09677]",2019,1,"Norovirus","[KategorieNz].[Krankheit DE].&[Norovirus-Gastroenteritis]"
450.51,"LK Miltenberg","[DeutschlandNodes].[Kreise71Web].[FedStateKey71].&[09].&[DE26].&[09676]",2019,1,"Norovirus","[KategorieNz].[Krankheit DE].&[Norovirus-Gastroenteritis]"
144.41,"LK Rhön-Grabfeld","[DeutschlandNodes].[Kreise71Web].[FedStateKey71].&[09].&[DE26].&[09673]",2019,1,"Norovirus","[KategorieNz].[Krankheit DE].&[Norovirus-Gastroenteritis]"
31.82,"SK Schweinfurt","[DeutschlandNodes].[Kreise71Web].[FedStateKey71].&[09].&[DE26].&[09662]",2019,1,"Norovirus","[KategorieNz].[Krankheit DE].&[Norovirus-Gastroenteritis]"
45.04,"LK Schweinfurt","[DeutschlandNodes].[Kreise71Web].[FedStateKey71].&[09].&[DE26].&[09678]",2019,1,"Norovirus","[KategorieNz].[Krankheit DE].&[Norovirus-Gastroenteritis]"
64.1,"SK Würzburg","[DeutschlandNodes].[Kreise71Web].[FedStateKey71].&[09].&[DE26].&[09663]",2019,1,"Norovirus","[KategorieNz].[Krankheit DE].&[Norovirus-Gastroenteritis]"
57.3,"LK Würzburg","[DeutschlandNodes].[Kreise71Web].[FedStateKey71].&[09].&[DE26].&[09679]",2019,1,"Norovirus","[KategorieNz].[Krankheit DE].&[Norovirus-Gastroenteritis]"
130.68,"SK Berlin Charlottenburg-Wilmersdorf","[DeutschlandNodes].[Kreise71Web].[FedStateKey71].&[11].&[DE30].&[11004]",2019,1,"Norovirus","[KategorieNz].[Krankheit DE].&[Norovirus-Gastroenteritis]"
101.75,"SK Berlin Friedrichshain-Kreuzberg","[DeutschlandNodes].[Kreise71Web].[FedStateKey71].&[11].&[DE30].&[11002]",2019,1,"Norovirus","[KategorieNz].[Krankheit DE].&[Norovirus-Gastroenteritis]"
207.31,"SK Berlin Lichtenberg","[DeutschlandNodes].[Kreise71Web].[FedStateKey71].&[11].&[DE30].&[11011]",2019,1,"Norovirus","[KategorieNz].[Krankheit DE].&[Norovirus-Gastroenteritis]"
212.95,"SK Berlin Marzahn-Hellersdorf","[DeutschlandNodes].[Kreise71Web].[FedStateKey71].&[11].&[DE30].&[11010]",2019,1,"Norovirus","[KategorieNz].[Krankheit DE].&[Norovirus-Gastroenteritis]"
145.24,"SK Berlin Mitte","[DeutschlandNodes].[Kreise71Web].[FedStateKey71].&[11].&[DE30].&[11001]",2019,1,"Norovirus","[KategorieNz].[Krankheit DE].&[Norovirus-Gastroenteritis]"
129.55,"SK Berlin Neukölln","[DeutschlandNodes].[Kreise71Web].[FedStateKey71].&[11].&[DE30].&[11008]",2019,1,"Norovirus","[KategorieNz].[Krankheit DE].&[Norovirus-Gastroenteritis]"
255.76,"SK Berlin Pankow","[DeutschlandNodes].[Kreise71Web].[FedStateKey71].&[11].&[DE30].&[11003]",2019,1,"Norovirus","[KategorieNz].[Krankheit DE].&[Norovirus-Gastroenteritis]"
123.99,"SK Berlin Reinickendorf","[DeutschlandNodes].[Kreise71Web].[FedStateKey71].&[11].&[DE30].&[11012]",2019,1,"Norovirus","[KategorieNz].[Krankheit DE].&[Norovirus-Gastroenteritis]"
187.01,"SK Berlin Spandau","[DeutschlandNodes].[Kreise71Web].[FedStateKey71].&[11].&[DE30].&[11005]",2019,1,"Norovirus","[KategorieNz].[Krankheit DE].&[Norovirus-Gastroenteritis]"
340.53,"SK Berlin Steglitz-Zehlendorf","[DeutschlandNodes].[Kreise71Web].[FedStateKey71].&[11].&[DE30].&[11006]",2019,1,"Norovirus","[KategorieNz].[Krankheit DE].&[Norovirus-Gastroenteritis]"
130.5,"SK Berlin Tempelhof-Schöneberg","[DeutschlandNodes].[Kreise71Web].[FedStateKey71].&[11].&[DE30].&[11007]",2019,1,"Norovirus","[KategorieNz].[Krankheit DE].&[Norovirus-Gastroenteritis]"
293.82,"SK Berlin Treptow-Köpenick","[DeutschlandNodes].[Kreise71Web].[FedStateKey71].&[11].&[DE30].&[11009]",2019,1,"Norovirus","[KategorieNz].[Krankheit DE].&[Norovirus-Gastroenteritis]"
232.13,"LK Barnim","[DeutschlandNodes].[Kreise71Web].[FedStateKey71].&[12].&[DE40].&[12060]",2019,1,"Norovirus","[KategorieNz].[Krankheit DE].&[Norovirus-Gastroenteritis]"
221.66,"SK Brandenburg a.d.Havel","[DeutschlandNodes].[Kreise71Web].[FedStateKey71].&[12].&[DE40].&[12051]",2019,1,"Norovirus","[KategorieNz].[Krankheit DE].&[Norovirus-Gastroenteritis]"
134.43,"SK Cottbus","[DeutschlandNodes].[Kreise71Web].[FedStateKey71].&[12].&[DE40].&[12052]",2019,1,"Norovirus","[KategorieNz].[Krankheit DE].&[Norovirus-Gastroenteritis]"
151.06,"LK Dahme-Spreewald","[DeutschlandNodes].[Kreise71Web].[FedStateKey71].&[12].&[DE40].&[12061]",2019,1,"Norovirus","[KategorieNz].[Krankheit DE].&[Norovirus-Gastroenteritis]"
263.19,"LK Elbe-Elster","[DeutschlandNodes].[Kreise71Web].[FedStateKey71].&[12].&[DE40].&[12062]",2019,1,"Norovirus","[KategorieNz].[Krankheit DE].&[Norovirus-Gastroenteritis]"
417.31,"SK Frankfurt (Oder)","[DeutschlandNodes].[Kreise71Web].[FedStateKey71].&[12].&[DE40].&[12053]",2019,1,"Norovirus","[KategorieNz].[Krankheit DE].&[Norovirus-Gastroenteritis]"
93.87,"LK Havelland","[DeutschlandNodes].[Kreise71Web].[FedStateKey71].&[12].&[DE40].&[12063]",2019,1,"Norovirus","[KategorieNz].[Krankheit DE].&[Norovirus-Gastroenteritis]"
195.15,"LK Märkisch-Oderland","[DeutschlandNodes].[Kreise71Web].[FedStateKey71].&[12].&[DE40].&[12064]",2019,1,"Norovirus","[KategorieNz].[Krankheit DE].&[Norovirus-Gastroenteritis]"
117.89,"LK Oberhavel","[DeutschlandNodes].[Kreise71Web].[FedStateKey71].&[12].&[DE40].&[12065]",2019,1,"Norovirus","[KategorieNz].[Krankheit DE].&[Norovirus-Gastroenteritis]"
248.69,"LK Oberspreewald-Lausitz","[DeutschlandNodes].[Kreise71Web].[FedStateKey71].&[12].&[DE40].&[12066]",2019,1,"Norovirus","[KategorieNz].[Krankheit DE].&[Norovirus-Gastroenteritis]"
436.23,"LK Oder-Spree","[DeutschlandNodes].[Kreise71Web].[FedStateKey71].&[12].&[DE40].&[12067]",2019,1,"Norovirus","[KategorieNz].[Krankheit DE].&[Norovirus-Gastroenteritis]"
164.88,"LK Ostprignitz-Ruppin","[DeutschlandNodes].[Kreise71Web].[FedStateKey71].&[12].&[DE40].&[12068]",2019,1,"Norovirus","[KategorieNz].[Krankheit DE].&[Norovirus-Gastroenteritis]"
120.33,"SK Potsdam","[DeutschlandNodes].[Kreise71Web].[FedStateKey71].&[12].&[DE40].&[12054]",2019,1,"Norovirus","[KategorieNz].[Krankheit DE].&[Norovirus-Gastroenteritis]"
168.08,"LK Potsdam-Mittelmark","[DeutschlandNodes].[Kreise71Web].[FedStateKey71].&[12].&[DE40].&[12069]",2019,1,"Norovirus","[KategorieNz].[Krankheit DE].&[Norovirus-Gastroenteritis]"
324.33,"LK Prignitz","[DeutschlandNodes].[Kreise71Web].[FedStateKey71].&[12].&[DE40].&[12070]",2019,1,"Norovirus","[KategorieNz].[Krankheit DE].&[Norovirus-Gastroenteritis]"
408.02,"LK Spree-Neiße","[DeutschlandNodes].[Kreise71Web].[FedStateKey71].&[12].&[DE40].&[12071]",2019,1,"Norovirus","[KategorieNz].[Krankheit DE].&[Norovirus-Gastroenteritis]"
158.24,"LK Teltow-Fläming","[DeutschlandNodes].[Kreise71Web].[FedStateKey71].&[12].&[DE40].&[12072]",2019,1,"Norovirus","[KategorieNz].[Krankheit DE].&[Norovirus-Gastroenteritis]"
190,"LK Uckermark","[DeutschlandNodes].[Kreise71Web].[FedStateKey71].&[12].&[DE40].&[12073]",2019,1,"Norovirus","[KategorieNz].[Krankheit DE].&[Norovirus-Gastroenteritis]"
99.37,"SK Bremen","[DeutschlandNodes].[Kreise71Web].[FedStateKey71].&[04].&[DE50].&[04011]",2019,1,"Norovirus","[KategorieNz].[Krankheit DE].&[Norovirus-Gastroenteritis]"
47.52,"SK Bremerhaven","[DeutschlandNodes].[Kreise71Web].[FedStateKey71].&[04].&[DE50].&[04012]",2019,1,"Norovirus","[KategorieNz].[Krankheit DE].&[Norovirus-Gastroenteritis]"
98.25,"SK Hamburg","[DeutschlandNodes].[Kreise71Web].[FedStateKey71].&[02].&[DE60].&[02000]",2019,1,"Norovirus","[KategorieNz].[Krankheit DE].&[Norovirus-Gastroenteritis]"
57.71,"LK Bergstraße","[DeutschlandNodes].[Kreise71Web].[FedStateKey71].&[06].&[DE71].&[06431]",2019,1,"Norovirus","[KategorieNz].[Krankheit DE].&[Norovirus-Gastroenteritis]"
35.65,"SK Darmstadt","[DeutschlandNodes].[Kreise71Web].[FedStateKey71].&[06].&[DE71].&[06411]",2019,1,"Norovirus","[KategorieNz].[Krankheit DE].&[Norovirus-Gastroenteritis]"
54.39,"LK Darmstadt-Dieburg","[DeutschlandNodes].[Kreise71Web].[FedStateKey71].&[06].&[DE71].&[06432]",2019,1,"Norovirus","[KategorieNz].[Krankheit DE].&[Norovirus-Gastroenteritis]"
101.52,"SK Frankfurt am Main","[DeutschlandNodes].[Kreise71Web].[FedStateKey71].&[06].&[DE71].&[06412]",2019,1,"Norovirus","[KategorieNz].[Krankheit DE].&[Norovirus-Gastroenteritis]"
59.48,"LK Groß-Gerau","[DeutschlandNodes].[Kreise71Web].[FedStateKey71].&[06].&[DE71].&[06433]",2019,1,"Norovirus","[KategorieNz].[Krankheit DE].&[Norovirus-Gastroenteritis]"
127.89,"LK Hochtaunuskreis","[DeutschlandNodes].[Kreise71Web].[FedStateKey71].&[06].&[DE71].&[06434]",2019,1,"Norovirus","[KategorieNz].[Krankheit DE].&[Norovirus-Gastroenteritis]"
268.46,"LK Main-Kinzig-Kreis","[DeutschlandNodes].[Kreise71Web].[FedStateKey71].&[06].&[DE71].&[06435]",2019,1,"Norovirus","[KategorieNz].[Krankheit DE].&[Norovirus-Gastroenteritis]"
62.04,"LK Main-Taunus-Kreis","[DeutschlandNodes].[Kreise71Web].[FedStateKey71].&[06].&[DE71].&[06436]",2019,1,"Norovirus","[KategorieNz].[Krankheit DE].&[Norovirus-Gastroenteritis]"
74.45,"LK Odenwaldkreis","[DeutschlandNodes].[Kreise71Web].[FedStateKey71].&[06].&[DE71].&[06437]",2019,1,"Norovirus","[KategorieNz].[Krankheit DE].&[Norovirus-Gastroenteritis]"
112.07,"SK Offenbach","[DeutschlandNodes].[Kreise71Web].[FedStateKey71].&[06].&[DE71].&[06413]",2019,1,"Norovirus","[KategorieNz].[Krankheit DE].&[Norovirus-Gastroenteritis]"
87.69,"LK Offenbach","[DeutschlandNodes].[Kreise71Web].[FedStateKey71].&[06].&[DE71].&[06438]",2019,1,"Norovirus","[KategorieNz].[Krankheit DE].&[Norovirus-Gastroenteritis]"
142.66,"LK Rheingau-Taunus-Kreis","[DeutschlandNodes].[Kreise71Web].[FedStateKey71].&[06].&[DE71].&[06439]",2019,1,"Norovirus","[KategorieNz].[Krankheit DE].&[Norovirus-Gastroenteritis]"
78.81,"LK Wetteraukreis","[DeutschlandNodes].[Kreise71Web].[FedStateKey71].&[06].&[DE71].&[06440]",2019,1,"Norovirus","[KategorieNz].[Krankheit DE].&[Norovirus-Gastroenteritis]"
158,"SK Wiesbaden","[DeutschlandNodes].[Kreise71Web].[FedStateKey71].&[06].&[DE71].&[06414]",2019,1,"Norovirus","[KategorieNz].[Krankheit DE].&[Norovirus-Gastroenteritis]"
166.61,"LK Gießen","[DeutschlandNodes].[Kreise71Web].[FedStateKey71].&[06].&[DE72].&[06531]",2019,1,"Norovirus","[KategorieNz].[Krankheit DE].&[Norovirus-Gastroenteritis]"
93.56,"LK Lahn-Dill-Kreis","[DeutschlandNodes].[Kreise71Web].[FedStateKey71].&[06].&[DE72].&[06532]",2019,1,"Norovirus","[KategorieNz].[Krankheit DE].&[Norovirus-Gastroenteritis]"
293.75,"LK Limburg-Weilburg","[DeutschlandNodes].[Kreise71Web].[FedStateKey71].&[06].&[DE72].&[06533]",2019,1,"Norovirus","[KategorieNz].[Krankheit DE].&[Norovirus-Gastroenteritis]"
74.06,"LK Marburg-Biedenkopf","[DeutschlandNodes].[Kreise71Web].[FedStateKey71].&[06].&[DE72].&[06534]",2019,1,"Norovirus","[KategorieNz].[Krankheit DE].&[Norovirus-Gastroenteritis]"
101.28,"LK Vogelsbergkreis","[DeutschlandNodes].[Kreise71Web].[FedStateKey71].&[06].&[DE72].&[06535]",2019,1,"Norovirus","[KategorieNz].[Krankheit DE].&[Norovirus-Gastroenteritis]"
198.53,"LK Fulda","[DeutschlandNodes].[Kreise71Web].[FedStateKey71].&[06].&[DE73].&[06631]",2019,1,"Norovirus","[KategorieNz].[Krankheit DE].&[Norovirus-Gastroenteritis]"
93.61,"LK Hersfeld-Rotenburg","[DeutschlandNodes].[Kreise71Web].[FedStateKey71].&[06].&[DE73].&[06632]",2019,1,"Norovirus","[KategorieNz].[Krankheit DE].&[Norovirus-Gastroenteritis]"
117.74,"SK Kassel","[DeutschlandNodes].[Kreise71Web].[FedStateKey71].&[06].&[DE73].&[06611]",2019,1,"Norovirus","[KategorieNz].[Krankheit DE].&[Norovirus-Gastroenteritis]"
120.8,"LK Kassel","[DeutschlandNodes].[Kreise71Web].[FedStateKey71].&[06].&[DE73].&[06633]",2019,1,"Norovirus","[KategorieNz].[Krankheit DE].&[Norovirus-Gastroenteritis]"
112.43,"LK Schwalm-Eder-Kreis","[DeutschlandNodes].[Kreise71Web].[FedStateKey71].&[06].&[DE73].&[06634]",2019,1,"Norovirus","[KategorieNz].[Krankheit DE].&[Norovirus-Gastroenteritis]"
451.39,"LK Waldeck-Frankenberg","[DeutschlandNodes].[Kreise71Web].[FedStateKey71].&[06].&[DE73].&[06635]",2019,1,"Norovirus","[KategorieNz].[Krankheit DE].&[Norovirus-Gastroenteritis]"
111.3,"LK Werra-Meißner-Kreis","[DeutschlandNodes].[Kreise71Web].[FedStateKey71].&[06].&[DE73].&[06636]",2019,1,"Norovirus","[KategorieNz].[Krankheit DE].&[Norovirus-Gastroenteritis]"
357.92,"LK Ludwigslust-Parchim","[DeutschlandNodes].[Kreise71Web].[FedStateKey71].&[13].&[DE80].&[13076]",2019,1,"Norovirus","[KategorieNz].[Krankheit DE].&[Norovirus-Gastroenteritis]"
319.29,"LK Mecklenburgische Seenplatte","[DeutschlandNodes].[Kreise71Web].[FedStateKey71].&[13].&[DE80].&[13071]",2019,1,"Norovirus","[KategorieNz].[Krankheit DE].&[Norovirus-Gastroenteritis]"
336.89,"LK Nordwestmecklenburg","[DeutschlandNodes].[Kreise71Web].[FedStateKey71].&[13].&[DE80].&[13074]",2019,1,"Norovirus","[KategorieNz].[Krankheit DE].&[Norovirus-Gastroenteritis]"
301.16,"SK Rostock","[DeutschlandNodes].[Kreise71Web].[FedStateKey71].&[13].&[DE80].&[13003]",2019,1,"Norovirus","[KategorieNz].[Krankheit DE].&[Norovirus-Gastroenteritis]"
525.04,"LK Rostock","[DeutschlandNodes].[Kreise71Web].[FedStateKey71].&[13].&[DE80].&[13072]",2019,1,"Norovirus","[KategorieNz].[Krankheit DE].&[Norovirus-Gastroenteritis]"
264.5,"SK Schwerin","[DeutschlandNodes].[Kreise71Web].[FedStateKey71].&[13].&[DE80].&[13004]",2019,1,"Norovirus","[KategorieNz].[Krankheit DE].&[Norovirus-Gastroenteritis]"
580.59,"LK Vorpommern-Greifswald","[DeutschlandNodes].[Kreise71Web].[FedStateKey71].&[13].&[DE80].&[13075]",2019,1,"Norovirus","[KategorieNz].[Krankheit DE].&[Norovirus-Gastroenteritis]"
390.29,"LK Vorpommern-Rügen","[DeutschlandNodes].[Kreise71Web].[FedStateKey71].&[13].&[DE80].&[13073]",2019,1,"Norovirus","[KategorieNz].[Krankheit DE].&[Norovirus-Gastroenteritis]"
117.08,"SK Braunschweig","[DeutschlandNodes].[Kreise71Web].[FedStateKey71].&[03].&[DE91].&[03101]",2019,1,"Norovirus","[KategorieNz].[Krankheit DE].&[Norovirus-Gastroenteritis]"
110.47,"LK Gifhorn","[DeutschlandNodes].[Kreise71Web].[FedStateKey71].&[03].&[DE91].&[03151]",2019,1,"Norovirus","[KategorieNz].[Krankheit DE].&[Norovirus-Gastroenteritis]"
161.42,"LK Goslar","[DeutschlandNodes].[Kreise71Web].[FedStateKey71].&[03].&[DE91].&[03153]",2019,1,"Norovirus","[KategorieNz].[Krankheit DE].&[Norovirus-Gastroenteritis]"
175.74,"LK Göttingen","[DeutschlandNodes].[Kreise71Web].[FedStateKey71].&[03].&[DE91].&[03159]",2019,1,"Norovirus","[KategorieNz].[Krankheit DE].&[Norovirus-Gastroenteritis]"
269.45,"LK Helmstedt","[DeutschlandNodes].[Kreise71Web].[FedStateKey71].&[03].&[DE91].&[03154]",2019,1,"Norovirus","[KategorieNz].[Krankheit DE].&[Norovirus-Gastroenteritis]"
152.7,"LK Northeim","[DeutschlandNodes].[Kreise71Web].[FedStateKey71].&[03].&[DE91].&[03155]",2019,1,"Norovirus","[KategorieNz].[Krankheit DE].&[Norovirus-Gastroenteritis]"
158.01,"LK Peine","[DeutschlandNodes].[Kreise71Web].[FedStateKey71].&[03].&[DE91].&[03157]",2019,1,"Norovirus","[KategorieNz].[Krankheit DE].&[Norovirus-Gastroenteritis]"
234.92,"SK Salzgitter","[DeutschlandNodes].[Kreise71Web].[FedStateKey71].&[03].&[DE91].&[03102]",2019,1,"Norovirus","[KategorieNz].[Krankheit DE].&[Norovirus-Gastroenteritis]"
148.8,"LK Wolfenbüttel","[DeutschlandNodes].[Kreise71Web].[FedStateKey71].&[03].&[DE91].&[03158]",2019,1,"Norovirus","[KategorieNz].[Krankheit DE].&[Norovirus-Gastroenteritis]"
61.11,"SK Wolfsburg","[DeutschlandNodes].[Kreise71Web].[FedStateKey71].&[03].&[DE91].&[03103]",2019,1,"Norovirus","[KategorieNz].[Krankheit DE].&[Norovirus-Gastroenteritis]"
63.57,"LK Diepholz","[DeutschlandNodes].[Kreise71Web].[FedStateKey71].&[03].&[DE92].&[03251]",2019,1,"Norovirus","[KategorieNz].[Krankheit DE].&[Norovirus-Gastroenteritis]"
143.39,"LK Hameln-Pyrmont","[DeutschlandNodes].[Kreise71Web].[FedStateKey71].&[03].&[DE92].&[03252]",2019,1,"Norovirus","[KategorieNz].[Krankheit DE].&[Norovirus-Gastroenteritis]"
70.35,"Region Hannover","[DeutschlandNodes].[Kreise71Web].[FedStateKey71].&[03].&[DE92].&[03241]",2019,1,"Norovirus","[KategorieNz].[Krankheit DE].&[Norovirus-Gastroenteritis]"
131.25,"LK Hildesheim","[DeutschlandNodes].[Kreise71Web].[FedStateKey71].&[03].&[DE92].&[03254]",2019,1,"Norovirus","[KategorieNz].[Krankheit DE].&[Norovirus-Gastroenteritis]"
188.76,"LK Holzminden","[DeutschlandNodes].[Kreise71Web].[FedStateKey71].&[03].&[DE92].&[03255]",2019,1,"Norovirus","[KategorieNz].[Krankheit DE].&[Norovirus-Gastroenteritis]"
79.91,"LK Nienburg (Weser)","[DeutschlandNodes].[Kreise71Web].[FedStateKey71].&[03].&[DE92].&[03256]",2019,1,"Norovirus","[KategorieNz].[Krankheit DE].&[Norovirus-Gastroenteritis]"
97.58,"LK Schaumburg","[DeutschlandNodes].[Kreise71Web].[FedStateKey71].&[03].&[DE92].&[03257]",2019,1,"Norovirus","[KategorieNz].[Krankheit DE].&[Norovirus-Gastroenteritis]"
112.28,"LK Celle","[DeutschlandNodes].[Kreise71Web].[FedStateKey71].&[03].&[DE93].&[03351]",2019,1,"Norovirus","[KategorieNz].[Krankheit DE].&[Norovirus-Gastroenteritis]"
103.52,"LK Cuxhaven","[DeutschlandNodes].[Kreise71Web].[FedStateKey71].&[03].&[DE93].&[03352]",2019,1,"Norovirus","[KategorieNz].[Krankheit DE].&[Norovirus-Gastroenteritis]"
62.49,"LK Harburg","[DeutschlandNodes].[Kreise71Web].[FedStateKey71].&[03].&[DE93].&[03353]",2019,1,"Norovirus","[KategorieNz].[Krankheit DE].&[Norovirus-Gastroenteritis]"
96.68,"LK Heidekreis","[DeutschlandNodes].[Kreise71Web].[FedStateKey71].&[03].&[DE93].&[03358]",2019,1,"Norovirus","[KategorieNz].[Krankheit DE].&[Norovirus-Gastroenteritis]"
113.61,"LK Lüchow-Dannenberg","[DeutschlandNodes].[Kreise71Web].[FedStateKey71].&[03].&[DE93].&[03354]",2019,1,"Norovirus","[KategorieNz].[Krankheit DE].&[Norovirus-Gastroenteritis]"
96.67,"LK Lüneburg","[DeutschlandNodes].[Kreise71Web].[FedStateKey71].&[03].&[DE93].&[03355]",2019,1,"Norovirus","[KategorieNz].[Krankheit DE].&[Norovirus-Gastroenteritis]"
168.53,"LK Osterholz","[DeutschlandNodes].[Kreise71Web].[FedStateKey71].&[03].&[DE93].&[03356]",2019,1,"Norovirus","[KategorieNz].[Krankheit DE].&[Norovirus-Gastroenteritis]"
125.78,"LK Rotenburg (Wümme)","[DeutschlandNodes].[Kreise71Web].[FedStateKey71].&[03].&[DE93].&[03357]",2019,1,"Norovirus","[KategorieNz].[Krankheit DE].&[Norovirus-Gastroenteritis]"
81.66,"LK Stade","[DeutschlandNodes].[Kreise71Web].[FedStateKey71].&[03].&[DE93].&[03359]",2019,1,"Norovirus","[KategorieNz].[Krankheit DE].&[Norovirus-Gastroenteritis]"
101.74,"LK Uelzen","[DeutschlandNodes].[Kreise71Web].[FedStateKey71].&[03].&[DE93].&[03360]",2019,1,"Norovirus","[KategorieNz].[Krankheit DE].&[Norovirus-Gastroenteritis]"
40.84,"LK Verden","[DeutschlandNodes].[Kreise71Web].[FedStateKey71].&[03].&[DE93].&[03361]",2019,1,"Norovirus","[KategorieNz].[Krankheit DE].&[Norovirus-Gastroenteritis]"
58.47,"LK Ammerland","[DeutschlandNodes].[Kreise71Web].[FedStateKey71].&[03].&[DE94].&[03451]",2019,1,"Norovirus","[KategorieNz].[Krankheit DE].&[Norovirus-Gastroenteritis]"
80.66,"LK Aurich","[DeutschlandNodes].[Kreise71Web].[FedStateKey71].&[03].&[DE94].&[03452]",2019,1,"Norovirus","[KategorieNz].[Krankheit DE].&[Norovirus-Gastroenteritis]"
56.83,"LK Cloppenburg","[DeutschlandNodes].[Kreise71Web].[FedStateKey71].&[03].&[DE94].&[03453]",2019,1,"Norovirus","[KategorieNz].[Krankheit DE].&[Norovirus-Gastroenteritis]"
148.27,"SK Delmenhorst","[DeutschlandNodes].[Kreise71Web].[FedStateKey71].&[03].&[DE94].&[03401]",2019,1,"Norovirus","[KategorieNz].[Krankheit DE].&[Norovirus-Gastroenteritis]"
142.25,"SK Emden","[DeutschlandNodes].[Kreise71Web].[FedStateKey71].&[03].&[DE94].&[03402]",2019,1,"Norovirus","[KategorieNz].[Krankheit DE].&[Norovirus-Gastroenteritis]"
160.88,"LK Emsland","[DeutschlandNodes].[Kreise71Web].[FedStateKey71].&[03].&[DE94].&[03454]",2019,1,"Norovirus","[KategorieNz].[Krankheit DE].&[Norovirus-Gastroenteritis]"
93.21,"LK Friesland","[DeutschlandNodes].[Kreise71Web].[FedStateKey71].&[03].&[DE94].&[03455]",2019,1,"Norovirus","[KategorieNz].[Krankheit DE].&[Norovirus-Gastroenteritis]"
115.92,"LK Grafschaft Bentheim","[DeutschlandNodes].[Kreise71Web].[FedStateKey71].&[03].&[DE94].&[03456]",2019,1,"Norovirus","[KategorieNz].[Krankheit DE].&[Norovirus-Gastroenteritis]"
62.66,"LK Leer","[DeutschlandNodes].[Kreise71Web].[FedStateKey71].&[03].&[DE94].&[03457]",2019,1,"Norovirus","[KategorieNz].[Krankheit DE].&[Norovirus-Gastroenteritis]"
38.44,"SK Oldenburg","[DeutschlandNodes].[Kreise71Web].[FedStateKey71].&[03].&[DE94].&[03403]",2019,1,"Norovirus","[KategorieNz].[Krankheit DE].&[Norovirus-Gastroenteritis]"
77.93,"LK Oldenburg","[DeutschlandNodes].[Kreise71Web].[FedStateKey71].&[03].&[DE94].&[03458]",2019,1,"Norovirus","[KategorieNz].[Krankheit DE].&[Norovirus-Gastroenteritis]"
48.41,"SK Osnabrück","[DeutschlandNodes].[Kreise71Web].[FedStateKey71].&[03].&[DE94].&[03404]",2019,1,"Norovirus","[KategorieNz].[Krankheit DE].&[Norovirus-Gastroenteritis]"
65.63,"LK Osnabrück","[DeutschlandNodes].[Kreise71Web].[FedStateKey71].&[03].&[DE94].&[03459]",2019,1,"Norovirus","[KategorieNz].[Krankheit DE].&[Norovirus-Gastroenteritis]"
42.01,"LK Vechta","[DeutschlandNodes].[Kreise71Web].[FedStateKey71].&[03].&[DE94].&[03460]",2019,1,"Norovirus","[KategorieNz].[Krankheit DE].&[Norovirus-Gastroenteritis]"
121.92,"LK Wesermarsch","[DeutschlandNodes].[Kreise71Web].[FedStateKey71].&[03].&[DE94].&[03461]",2019,1,"Norovirus","[KategorieNz].[Krankheit DE].&[Norovirus-Gastroenteritis]"
136.68,"SK Wilhelmshaven","[DeutschlandNodes].[Kreise71Web].[FedStateKey71].&[03].&[DE94].&[03405]",2019,1,"Norovirus","[KategorieNz].[Krankheit DE].&[Norovirus-Gastroenteritis]"
105.4,"LK Wittmund","[DeutschlandNodes].[Kreise71Web].[FedStateKey71].&[03].&[DE94].&[03462]",2019,1,"Norovirus","[KategorieNz].[Krankheit DE].&[Norovirus-Gastroenteritis]"
79.05,"SK Bochum","[DeutschlandNodes].[Kreise71Web].[FedStateKey71].&[05].&[DEA5].&[05911]",2019,1,"Norovirus","[KategorieNz].[Krankheit DE].&[Norovirus-Gastroenteritis]"
69.36,"SK Dortmund","[DeutschlandNodes].[Kreise71Web].[FedStateKey71].&[05].&[DEA5].&[05913]",2019,1,"Norovirus","[KategorieNz].[Krankheit DE].&[Norovirus-Gastroenteritis]"
103.36,"LK Ennepe-Ruhr-Kreis","[DeutschlandNodes].[Kreise71Web].[FedStateKey71].&[05].&[DEA5].&[05954]",2019,1,"Norovirus","[KategorieNz].[Krankheit DE].&[Norovirus-Gastroenteritis]"
188.67,"SK Hagen","[DeutschlandNodes].[Kreise71Web].[FedStateKey71].&[05].&[DEA5].&[05914]",2019,1,"Norovirus","[KategorieNz].[Krankheit DE].&[Norovirus-Gastroenteritis]"
110.05,"SK Hamm","[DeutschlandNodes].[Kreise71Web].[FedStateKey71].&[05].&[DEA5].&[05915]",2019,1,"Norovirus","[KategorieNz].[Krankheit DE].&[Norovirus-Gastroenteritis]"
84.37,"SK Herne","[DeutschlandNodes].[Kreise71Web].[FedStateKey71].&[05].&[DEA5].&[05916]",2019,1,"Norovirus","[KategorieNz].[Krankheit DE].&[Norovirus-Gastroenteritis]"
112.79,"LK Hochsauerlandkreis","[DeutschlandNodes].[Kreise71Web].[FedStateKey71].&[05].&[DEA5].&[05958]",2019,1,"Norovirus","[KategorieNz].[Krankheit DE].&[Norovirus-Gastroenteritis]"
74.11,"LK Märkischer Kreis","[DeutschlandNodes].[Kreise71Web].[FedStateKey71].&[05].&[DEA5].&[05962]",2019,1,"Norovirus","[KategorieNz].[Krankheit DE].&[Norovirus-Gastroenteritis]"
57.48,"LK Olpe","[DeutschlandNodes].[Kreise71Web].[FedStateKey71].&[05].&[DEA5].&[05966]",2019,1,"Norovirus","[KategorieNz].[Krankheit DE].&[Norovirus-Gastroenteritis]"
59.58,"LK Siegen-Wittgenstein","[DeutschlandNodes].[Kreise71Web].[FedStateKey71].&[05].&[DEA5].&[05970]",2019,1,"Norovirus","[KategorieNz].[Krankheit DE].&[Norovirus-Gastroenteritis]"
346.6,"LK Soest","[DeutschlandNodes].[Kreise71Web].[FedStateKey71].&[05].&[DEA5].&[05974]",2019,1,"Norovirus","[KategorieNz].[Krankheit DE].&[Norovirus-Gastroenteritis]"
91.16,"LK Unna","[DeutschlandNodes].[Kreise71Web].[FedStateKey71].&[05].&[DEA5].&[05978]",2019,1,"Norovirus","[KategorieNz].[Krankheit DE].&[Norovirus-Gastroenteritis]"
92.16,"SK Bielefeld","[DeutschlandNodes].[Kreise71Web].[FedStateKey71].&[05].&[DEA4].&[05711]",2019,1,"Norovirus","[KategorieNz].[Krankheit DE].&[Norovirus-Gastroenteritis]"
112.62,"LK Gütersloh","[DeutschlandNodes].[Kreise71Web].[FedStateKey71].&[05].&[DEA4].&[05754]",2019,1,"Norovirus","[KategorieNz].[Krankheit DE].&[Norovirus-Gastroenteritis]"
111.34,"LK Herford","[DeutschlandNodes].[Kreise71Web].[FedStateKey71].&[05].&[DEA4].&[05758]",2019,1,"Norovirus","[KategorieNz].[Krankheit DE].&[Norovirus-Gastroenteritis]"
194.65,"LK Höxter","[DeutschlandNodes].[Kreise71Web].[FedStateKey71].&[05].&[DEA4].&[05762]",2019,1,"Norovirus","[KategorieNz].[Krankheit DE].&[Norovirus-Gastroenteritis]"
210.64,"LK Lippe","[DeutschlandNodes].[Kreise71Web].[FedStateKey71].&[05].&[DEA4].&[05766]",2019,1,"Norovirus","[KategorieNz].[Krankheit DE].&[Norovirus-Gastroenteritis]"
96.97,"LK Minden-Lübbecke","[DeutschlandNodes].[Kreise71Web].[FedStateKey71].&[05].&[DEA4].&[05770]",2019,1,"Norovirus","[KategorieNz].[Krankheit DE].&[Norovirus-Gastroenteritis]"
120.52,"LK Paderborn","[DeutschlandNodes].[Kreise71Web].[FedStateKey71].&[05].&[DEA4].&[05774]",2019,1,"Norovirus","[KategorieNz].[Krankheit DE].&[Norovirus-Gastroenteritis]"
96.05,"SK Duisburg","[DeutschlandNodes].[Kreise71Web].[FedStateKey71].&[05].&[DEA1].&[05112]",2019,1,"Norovirus","[KategorieNz].[Krankheit DE].&[Norovirus-Gastroenteritis]"
78.31,"SK Düsseldorf","[DeutschlandNodes].[Kreise71Web].[FedStateKey71].&[05].&[DEA1].&[05111]",2019,1,"Norovirus","[KategorieNz].[Krankheit DE].&[Norovirus-Gastroenteritis]"
83.91,"SK Essen","[DeutschlandNodes].[Kreise71Web].[FedStateKey71].&[05].&[DEA1].&[05113]",2019,1,"Norovirus","[KategorieNz].[Krankheit DE].&[Norovirus-Gastroenteritis]"
78.73,"LK Kleve","[DeutschlandNodes].[Kreise71Web].[FedStateKey71].&[05].&[DEA1].&[05154]",2019,1,"Norovirus","[KategorieNz].[Krankheit DE].&[Norovirus-Gastroenteritis]"
62,"SK Krefeld","[DeutschlandNodes].[Kreise71Web].[FedStateKey71].&[05].&[DEA1].&[05114]",2019,1,"Norovirus","[KategorieNz].[Krankheit DE].&[Norovirus-Gastroenteritis]"
124.8,"LK Mettmann","[DeutschlandNodes].[Kreise71Web].[FedStateKey71].&[05].&[DEA1].&[05158]",2019,1,"Norovirus","[KategorieNz].[Krankheit DE].&[Norovirus-Gastroenteritis]"
122.59,"SK Mönchengladbach","[DeutschlandNodes].[Kreise71Web].[FedStateKey71].&[05].&[DEA1].&[05116]",2019,1,"Norovirus","[KategorieNz].[Krankheit DE].&[Norovirus-Gastroenteritis]"
106.66,"SK Mülheim a.d.Ruhr","[DeutschlandNodes].[Kreise71Web].[FedStateKey71].&[05].&[DEA1].&[05117]",2019,1,"Norovirus","[KategorieNz].[Krankheit DE].&[Norovirus-Gastroenteritis]"
176.5,"SK Oberhausen","[DeutschlandNodes].[Kreise71Web].[FedStateKey71].&[05].&[DEA1].&[05119]",2019,1,"Norovirus","[KategorieNz].[Krankheit DE].&[Norovirus-Gastroenteritis]"
58.38,"SK Remscheid","[DeutschlandNodes].[Kreise71Web].[FedStateKey71].&[05].&[DEA1].&[05120]",2019,1,"Norovirus","[KategorieNz].[Krankheit DE].&[Norovirus-Gastroenteritis]"
88.33,"LK Rhein-Kreis Neuss","[DeutschlandNodes].[Kreise71Web].[FedStateKey71].&[05].&[DEA1].&[05162]",2019,1,"Norovirus","[KategorieNz].[Krankheit DE].&[Norovirus-Gastroenteritis]"
108.64,"SK Solingen","[DeutschlandNodes].[Kreise71Web].[FedStateKey71].&[05].&[DEA1].&[05122]",2019,1,"Norovirus","[KategorieNz].[Krankheit DE].&[Norovirus-Gastroenteritis]"
120.46,"LK Viersen","[DeutschlandNodes].[Kreise71Web].[FedStateKey71].&[05].&[DEA1].&[05166]",2019,1,"Norovirus","[KategorieNz].[Krankheit DE].&[Norovirus-Gastroenteritis]"
82.4,"LK Wesel","[DeutschlandNodes].[Kreise71Web].[FedStateKey71].&[05].&[DEA1].&[05170]",2019,1,"Norovirus","[KategorieNz].[Krankheit DE].&[Norovirus-Gastroenteritis]"
121.09,"SK Wuppertal","[DeutschlandNodes].[Kreise71Web].[FedStateKey71].&[05].&[DEA1].&[05124]",2019,1,"Norovirus","[KategorieNz].[Krankheit DE].&[Norovirus-Gastroenteritis]"
134.11,"StädteRegion Aachen","[DeutschlandNodes].[Kreise71Web].[FedStateKey71].&[05].&[DEA2].&[05334]",2019,1,"Norovirus","[KategorieNz].[Krankheit DE].&[Norovirus-Gastroenteritis]"
84.93,"SK Bonn","[DeutschlandNodes].[Kreise71Web].[FedStateKey71].&[05].&[DEA2].&[05314]",2019,1,"Norovirus","[KategorieNz].[Krankheit DE].&[Norovirus-Gastroenteritis]"
134.9,"LK Düren","[DeutschlandNodes].[Kreise71Web].[FedStateKey71].&[05].&[DEA2].&[05358]",2019,1,"Norovirus","[KategorieNz].[Krankheit DE].&[Norovirus-Gastroenteritis]"
134.26,"LK Euskirchen","[DeutschlandNodes].[Kreise71Web].[FedStateKey71].&[05].&[DEA2].&[05366]",2019,1,"Norovirus","[KategorieNz].[Krankheit DE].&[Norovirus-Gastroenteritis]"
97.04,"LK Heinsberg","[DeutschlandNodes].[Kreise71Web].[FedStateKey71].&[05].&[DEA2].&[05370]",2019,1,"Norovirus","[KategorieNz].[Krankheit DE].&[Norovirus-Gastroenteritis]"
66.09,"SK Köln","[DeutschlandNodes].[Kreise71Web].[FedStateKey71].&[05].&[DEA2].&[05315]",2019,1,"Norovirus","[KategorieNz].[Krankheit DE].&[Norovirus-Gastroenteritis]"
54.97,"SK Leverkusen","[DeutschlandNodes].[Kreise71Web].[FedStateKey71].&[05].&[DEA2].&[05316]",2019,1,"Norovirus","[KategorieNz].[Krankheit DE].&[Norovirus-Gastroenteritis]"
231.2,"LK Oberbergischer Kreis","[DeutschlandNodes].[Kreise71Web].[FedStateKey71].&[05].&[DEA2].&[05374]",2019,1,"Norovirus","[KategorieNz].[Krankheit DE].&[Norovirus-Gastroenteritis]"
111.34,"LK Rhein-Erft-Kreis","[DeutschlandNodes].[Kreise71Web].[FedStateKey71].&[05].&[DEA2].&[05362]",2019,1,"Norovirus","[KategorieNz].[Krankheit DE].&[Norovirus-Gastroenteritis]"
46.95,"LK Rheinisch-Bergischer Kreis","[DeutschlandNodes].[Kreise71Web].[FedStateKey71].&[05].&[DEA2].&[05378]",2019,1,"Norovirus","[KategorieNz].[Krankheit DE].&[Norovirus-Gastroenteritis]"
151.14,"LK Rhein-Sieg-Kreis","[DeutschlandNodes].[Kreise71Web].[FedStateKey71].&[05].&[DEA2].&[05382]",2019,1,"Norovirus","[KategorieNz].[Krankheit DE].&[Norovirus-Gastroenteritis]"
151.34,"LK Borken","[DeutschlandNodes].[Kreise71Web].[FedStateKey71].&[05].&[DEA3].&[05554]",2019,1,"Norovirus","[KategorieNz].[Krankheit DE].&[Norovirus-Gastroenteritis]"
122.49,"SK Bottrop","[DeutschlandNodes].[Kreise71Web].[FedStateKey71].&[05].&[DEA3].&[05512]",2019,1,"Norovirus","[KategorieNz].[Krankheit DE].&[Norovirus-Gastroenteritis]"
301.92,"LK Coesfeld","[DeutschlandNodes].[Kreise71Web].[FedStateKey71].&[05].&[DEA3].&[05558]",2019,1,"Norovirus","[KategorieNz].[Krankheit DE].&[Norovirus-Gastroenteritis]"
52.76,"SK Gelsenkirchen","[DeutschlandNodes].[Kreise71Web].[FedStateKey71].&[05].&[DEA3].&[05513]",2019,1,"Norovirus","[KategorieNz].[Krankheit DE].&[Norovirus-Gastroenteritis]"
141.14,"SK Münster","[DeutschlandNodes].[Kreise71Web].[FedStateKey71].&[05].&[DEA3].&[05515]",2019,1,"Norovirus","[KategorieNz].[Krankheit DE].&[Norovirus-Gastroenteritis]"
123.43,"LK Recklinghausen","[DeutschlandNodes].[Kreise71Web].[FedStateKey71].&[05].&[DEA3].&[05562]",2019,1,"Norovirus","[KategorieNz].[Krankheit DE].&[Norovirus-Gastroenteritis]"
130.74,"LK Steinfurt","[DeutschlandNodes].[Kreise71Web].[FedStateKey71].&[05].&[DEA3].&[05566]",2019,1,"Norovirus","[KategorieNz].[Krankheit DE].&[Norovirus-Gastroenteritis]"
181.76,"LK Warendorf","[DeutschlandNodes].[Kreise71Web].[FedStateKey71].&[05].&[DEA3].&[05570]",2019,1,"Norovirus","[KategorieNz].[Krankheit DE].&[Norovirus-Gastroenteritis]"
177.57,"LK Ahrweiler","[DeutschlandNodes].[Kreise71Web].[FedStateKey71].&[07].&[DEB1].&[07131]",2019,1,"Norovirus","[KategorieNz].[Krankheit DE].&[Norovirus-Gastroenteritis]"
92.39,"LK Altenkirchen","[DeutschlandNodes].[Kreise71Web].[FedStateKey71].&[07].&[DEB1].&[07132]",2019,1,"Norovirus","[KategorieNz].[Krankheit DE].&[Norovirus-Gastroenteritis]"
102.31,"LK Bad Kreuznach","[DeutschlandNodes].[Kreise71Web].[FedStateKey71].&[07].&[DEB1].&[07133]",2019,1,"Norovirus","[KategorieNz].[Krankheit DE].&[Norovirus-Gastroenteritis]"
287.83,"LK Birkenfeld","[DeutschlandNodes].[Kreise71Web].[FedStateKey71].&[07].&[DEB1].&[07134]",2019,1,"Norovirus","[KategorieNz].[Krankheit DE].&[Norovirus-Gastroenteritis]"
490.43,"LK Cochem-Zell","[DeutschlandNodes].[Kreise71Web].[FedStateKey71].&[07].&[DEB1].&[07135]",2019,1,"Norovirus","[KategorieNz].[Krankheit DE].&[Norovirus-Gastroenteritis]"
39.46,"SK Koblenz","[DeutschlandNodes].[Kreise71Web].[FedStateKey71].&[07].&[DEB1].&[07111]",2019,1,"Norovirus","[KategorieNz].[Krankheit DE].&[Norovirus-Gastroenteritis]"
287.73,"LK Mayen-Koblenz","[DeutschlandNodes].[Kreise71Web].[FedStateKey71].&[07].&[DEB1].&[07137]",2019,1,"Norovirus","[KategorieNz].[Krankheit DE].&[Norovirus-Gastroenteritis]"
99.01,"LK Neuwied","[DeutschlandNodes].[Kreise71Web].[FedStateKey71].&[07].&[DEB1].&[07138]",2019,1,"Norovirus","[KategorieNz].[Krankheit DE].&[Norovirus-Gastroenteritis]"
267.54,"LK Rhein-Hunsrück-Kreis","[DeutschlandNodes].[Kreise71Web].[FedStateKey71].&[07].&[DEB1].&[07140]",2019,1,"Norovirus","[KategorieNz].[Krankheit DE].&[Norovirus-Gastroenteritis]"
119.38,"LK Rhein-Lahn-Kreis","[DeutschlandNodes].[Kreise71Web].[FedStateKey71].&[07].&[DEB1].&[07141]",2019,1,"Norovirus","[KategorieNz].[Krankheit DE].&[Norovirus-Gastroenteritis]"
133.73,"LK Westerwaldkreis","[DeutschlandNodes].[Kreise71Web].[FedStateKey71].&[07].&[DEB1].&[07143]",2019,1,"Norovirus","[KategorieNz].[Krankheit DE].&[Norovirus-Gastroenteritis]"
228.24,"LK Alzey-Worms","[DeutschlandNodes].[Kreise71Web].[FedStateKey71].&[07].&[DEB3].&[07331]",2019,1,"Norovirus","[KategorieNz].[Krankheit DE].&[Norovirus-Gastroenteritis]"
425.11,"LK Bad Dürkheim","[DeutschlandNodes].[Kreise71Web].[FedStateKey71].&[07].&[DEB3].&[07332]",2019,1,"Norovirus","[KategorieNz].[Krankheit DE].&[Norovirus-Gastroenteritis]"
176.57,"LK Donnersbergkreis","[DeutschlandNodes].[Kreise71Web].[FedStateKey71].&[07].&[DEB3].&[07333]",2019,1,"Norovirus","[KategorieNz].[Krankheit DE].&[Norovirus-Gastroenteritis]"
116.89,"SK Frankenthal","[DeutschlandNodes].[Kreise71Web].[FedStateKey71].&[07].&[DEB3].&[07311]",2019,1,"Norovirus","[KategorieNz].[Krankheit DE].&[Norovirus-Gastroenteritis]"
141.07,"LK Germersheim","[DeutschlandNodes].[Kreise71Web].[FedStateKey71].&[07].&[DEB3].&[07334]",2019,1,"Norovirus","[KategorieNz].[Krankheit DE].&[Norovirus-Gastroenteritis]"
218.93,"SK Kaiserslautern","[DeutschlandNodes].[Kreise71Web].[FedStateKey71].&[07].&[DEB3].&[07312]",2019,1,"Norovirus","[KategorieNz].[Krankheit DE].&[Norovirus-Gastroenteritis]"
181.17,"LK Kaiserslautern","[DeutschlandNodes].[Kreise71Web].[FedStateKey71].&[07].&[DEB3].&[07335]",2019,1,"Norovirus","[KategorieNz].[Krankheit DE].&[Norovirus-Gastroenteritis]"
254.92,"LK Kusel","[DeutschlandNodes].[Kreise71Web].[FedStateKey71].&[07].&[DEB3].&[07336]",2019,1,"Norovirus","[KategorieNz].[Krankheit DE].&[Norovirus-Gastroenteritis]"
57.59,"SK Landau i.d.Pfalz","[DeutschlandNodes].[Kreise71Web].[FedStateKey71].&[07].&[DEB3].&[07313]",2019,1,"Norovirus","[KategorieNz].[Krankheit DE].&[Norovirus-Gastroenteritis]"
175.9,"SK Ludwigshafen","[DeutschlandNodes].[Kreise71Web].[FedStateKey71].&[07].&[DEB3].&[07314]",2019,1,"Norovirus","[KategorieNz].[Krankheit DE].&[Norovirus-Gastroenteritis]"
20.59,"SK Mainz","[DeutschlandNodes].[Kreise71Web].[FedStateKey71].&[07].&[DEB3].&[07315]",2019,1,"Norovirus","[KategorieNz].[Krankheit DE].&[Norovirus-Gastroenteritis]"
89.87,"LK Mainz-Bingen","[DeutschlandNodes].[Kreise71Web].[FedStateKey71].&[07].&[DEB3].&[07339]",2019,1,"Norovirus","[KategorieNz].[Krankheit DE].&[Norovirus-Gastroenteritis]"
73.22,"SK Neustadt a.d.Weinstraße","[DeutschlandNodes].[Kreise71Web].[FedStateKey71].&[07].&[DEB3].&[07316]",2019,1,"Norovirus","[KategorieNz].[Krankheit DE].&[Norovirus-Gastroenteritis]"
196.37,"SK Pirmasens","[DeutschlandNodes].[Kreise71Web].[FedStateKey71].&[07].&[DEB3].&[07317]",2019,1,"Norovirus","[KategorieNz].[Krankheit DE].&[Norovirus-Gastroenteritis]"
122.89,"LK Rhein-Pfalz-Kreis","[DeutschlandNodes].[Kreise71Web].[FedStateKey71].&[07].&[DEB3].&[07338]",2019,1,"Norovirus","[KategorieNz].[Krankheit DE].&[Norovirus-Gastroenteritis]"
104.82,"SK Speyer","[DeutschlandNodes].[Kreise71Web].[FedStateKey71].&[07].&[DEB3].&[07318]",2019,1,"Norovirus","[KategorieNz].[Krankheit DE].&[Norovirus-Gastroenteritis]"
95.91,"LK Südliche Weinstraße","[DeutschlandNodes].[Kreise71Web].[FedStateKey71].&[07].&[DEB3].&[07337]",2019,1,"Norovirus","[KategorieNz].[Krankheit DE].&[Norovirus-Gastroenteritis]"
245.7,"LK Südwestpfalz","[DeutschlandNodes].[Kreise71Web].[FedStateKey71].&[07].&[DEB3].&[07340]",2019,1,"Norovirus","[KategorieNz].[Krankheit DE].&[Norovirus-Gastroenteritis]"
88.58,"SK Worms","[DeutschlandNodes].[Kreise71Web].[FedStateKey71].&[07].&[DEB3].&[07319]",2019,1,"Norovirus","[KategorieNz].[Krankheit DE].&[Norovirus-Gastroenteritis]"
90.66,"SK Zweibrücken","[DeutschlandNodes].[Kreise71Web].[FedStateKey71].&[07].&[DEB3].&[07320]",2019,1,"Norovirus","[KategorieNz].[Krankheit DE].&[Norovirus-Gastroenteritis]"
252.48,"LK Bernkastel-Wittlich","[DeutschlandNodes].[Kreise71Web].[FedStateKey71].&[07].&[DEB2].&[07231]",2019,1,"Norovirus","[KategorieNz].[Krankheit DE].&[Norovirus-Gastroenteritis]"
387.65,"LK Bitburg-Prüm","[DeutschlandNodes].[Kreise71Web].[FedStateKey71].&[07].&[DEB2].&[07232]",2019,1,"Norovirus","[KategorieNz].[Krankheit DE].&[Norovirus-Gastroenteritis]"
99.53,"SK Trier","[DeutschlandNodes].[Kreise71Web].[FedStateKey71].&[07].&[DEB2].&[07211]",2019,1,"Norovirus","[KategorieNz].[Krankheit DE].&[Norovirus-Gastroenteritis]"
129.19,"LK Trier-Saarburg","[DeutschlandNodes].[Kreise71Web].[FedStateKey71].&[07].&[DEB2].&[07235]",2019,1,"Norovirus","[KategorieNz].[Krankheit DE].&[Norovirus-Gastroenteritis]"
187.98,"LK Vulkaneifel","[DeutschlandNodes].[Kreise71Web].[FedStateKey71].&[07].&[DEB2].&[07233]",2019,1,"Norovirus","[KategorieNz].[Krankheit DE].&[Norovirus-Gastroenteritis]"
307.04,"LK Merzig-Wadern","[DeutschlandNodes].[Kreise71Web].[FedStateKey71].&[10].&[DEC0].&[10042]",2019,1,"Norovirus","[KategorieNz].[Krankheit DE].&[Norovirus-Gastroenteritis]"
85.99,"LK Neunkirchen","[DeutschlandNodes].[Kreise71Web].[FedStateKey71].&[10].&[DEC0].&[10043]",2019,1,"Norovirus","[KategorieNz].[Krankheit DE].&[Norovirus-Gastroenteritis]"
160.56,"LK Saarlouis","[DeutschlandNodes].[Kreise71Web].[FedStateKey71].&[10].&[DEC0].&[10044]",2019,1,"Norovirus","[KategorieNz].[Krankheit DE].&[Norovirus-Gastroenteritis]"
57.67,"LK Saarpfalz-Kreis","[DeutschlandNodes].[Kreise71Web].[FedStateKey71].&[10].&[DEC0].&[10045]",2019,1,"Norovirus","[KategorieNz].[Krankheit DE].&[Norovirus-Gastroenteritis]"
104.59,"LK Sankt Wendel","[DeutschlandNodes].[Kreise71Web].[FedStateKey71].&[10].&[DEC0].&[10046]",2019,1,"Norovirus","[KategorieNz].[Krankheit DE].&[Norovirus-Gastroenteritis]"
111.04,"LK Stadtverband Saarbrücken","[DeutschlandNodes].[Kreise71Web].[FedStateKey71].&[10].&[DEC0].&[10041]",2019,1,"Norovirus","[KategorieNz].[Krankheit DE].&[Norovirus-Gastroenteritis]"
233.83,"SK Chemnitz","[DeutschlandNodes].[Kreise71Web].[FedStateKey71].&[14].&[DED4].&[14511]",2019,1,"Norovirus","[KategorieNz].[Krankheit DE].&[Norovirus-Gastroenteritis]"
255.26,"LK Erzgebirgskreis","[DeutschlandNodes].[Kreise71Web].[FedStateKey71].&[14].&[DED4].&[14521]",2019,1,"Norovirus","[KategorieNz].[Krankheit DE].&[Norovirus-Gastroenteritis]"
253.54,"LK Mittelsachsen","[DeutschlandNodes].[Kreise71Web].[FedStateKey71].&[14].&[DED4].&[14522]",2019,1,"Norovirus","[KategorieNz].[Krankheit DE].&[Norovirus-Gastroenteritis]"
212.83,"LK Vogtlandkreis","[DeutschlandNodes].[Kreise71Web].[FedStateKey71].&[14].&[DED4].&[14523]",2019,1,"Norovirus","[KategorieNz].[Krankheit DE].&[Norovirus-Gastroenteritis]"
229.84,"LK Zwickau","[DeutschlandNodes].[Kreise71Web].[FedStateKey71].&[14].&[DED4].&[14524]",2019,1,"Norovirus","[KategorieNz].[Krankheit DE].&[Norovirus-Gastroenteritis]"
217.18,"LK Bautzen","[DeutschlandNodes].[Kreise71Web].[FedStateKey71].&[14].&[DED2].&[14625]",2019,1,"Norovirus","[KategorieNz].[Krankheit DE].&[Norovirus-Gastroenteritis]"
126.08,"SK Dresden","[DeutschlandNodes].[Kreise71Web].[FedStateKey71].&[14].&[DED2].&[14612]",2019,1,"Norovirus","[KategorieNz].[Krankheit DE].&[Norovirus-Gastroenteritis]"
354.54,"LK Görlitz","[DeutschlandNodes].[Kreise71Web].[FedStateKey71].&[14].&[DED2].&[14626]",2019,1,"Norovirus","[KategorieNz].[Krankheit DE].&[Norovirus-Gastroenteritis]"
184.93,"LK Meißen","[DeutschlandNodes].[Kreise71Web].[FedStateKey71].&[14].&[DED2].&[14627]",2019,1,"Norovirus","[KategorieNz].[Krankheit DE].&[Norovirus-Gastroenteritis]"
271.6,"LK Sächsische Schweiz-Osterzgebirge","[DeutschlandNodes].[Kreise71Web].[FedStateKey71].&[14].&[DED2].&[14628]",2019,1,"Norovirus","[KategorieNz].[Krankheit DE].&[Norovirus-Gastroenteritis]"
140.78,"SK Leipzig","[DeutschlandNodes].[Kreise71Web].[FedStateKey71].&[14].&[DED5].&[14713]",2019,1,"Norovirus","[KategorieNz].[Krankheit DE].&[Norovirus-Gastroenteritis]"
205.7,"LK Leipzig","[DeutschlandNodes].[Kreise71Web].[FedStateKey71].&[14].&[DED5].&[14729]",2019,1,"Norovirus","[KategorieNz].[Krankheit DE].&[Norovirus-Gastroenteritis]"
202.28,"LK Nordsachsen","[DeutschlandNodes].[Kreise71Web].[FedStateKey71].&[14].&[DED5].&[14730]",2019,1,"Norovirus","[KategorieNz].[Krankheit DE].&[Norovirus-Gastroenteritis]"
167.12,"LK Altmarkkreis Salzwedel","[DeutschlandNodes].[Kreise71Web].[FedStateKey71].&[15].&[DEE0].&[15081]",2019,1,"Norovirus","[KategorieNz].[Krankheit DE].&[Norovirus-Gastroenteritis]"
360.28,"LK Anhalt-Bitterfeld","[DeutschlandNodes].[Kreise71Web].[FedStateKey71].&[15].&[DEE0].&[15082]",2019,1,"Norovirus","[KategorieNz].[Krankheit DE].&[Norovirus-Gastroenteritis]"
416.56,"LK Börde","[DeutschlandNodes].[Kreise71Web].[FedStateKey71].&[15].&[DEE0].&[15083]",2019,1,"Norovirus","[KategorieNz].[Krankheit DE].&[Norovirus-Gastroenteritis]"
393.63,"LK Burgenlandkreis","[DeutschlandNodes].[Kreise71Web].[FedStateKey71].&[15].&[DEE0].&[15084]",2019,1,"Norovirus","[KategorieNz].[Krankheit DE].&[Norovirus-Gastroenteritis]"
304.61,"SK Dessau-Roßlau","[DeutschlandNodes].[Kreise71Web].[FedStateKey71].&[15].&[DEE0].&[15001]",2019,1,"Norovirus","[KategorieNz].[Krankheit DE].&[Norovirus-Gastroenteritis]"
283.55,"SK Halle","[DeutschlandNodes].[Kreise71Web].[FedStateKey71].&[15].&[DEE0].&[15002]",2019,1,"Norovirus","[KategorieNz].[Krankheit DE].&[Norovirus-Gastroenteritis]"
242.84,"LK Harz","[DeutschlandNodes].[Kreise71Web].[FedStateKey71].&[15].&[DEE0].&[15085]",2019,1,"Norovirus","[KategorieNz].[Krankheit DE].&[Norovirus-Gastroenteritis]"
636.24,"LK Jerichower Land","[DeutschlandNodes].[Kreise71Web].[FedStateKey71].&[15].&[DEE0].&[15086]",2019,1,"Norovirus","[KategorieNz].[Krankheit DE].&[Norovirus-Gastroenteritis]"
386.84,"SK Magdeburg","[DeutschlandNodes].[Kreise71Web].[FedStateKey71].&[15].&[DEE0].&[15003]",2019,1,"Norovirus","[KategorieNz].[Krankheit DE].&[Norovirus-Gastroenteritis]"
554.31,"LK Mansfeld-Südharz","[DeutschlandNodes].[Kreise71Web].[FedStateKey71].&[15].&[DEE0].&[15087]",2019,1,"Norovirus","[KategorieNz].[Krankheit DE].&[Norovirus-Gastroenteritis]"
188.23,"LK Saalekreis","[DeutschlandNodes].[Kreise71Web].[FedStateKey71].&[15].&[DEE0].&[15088]",2019,1,"Norovirus","[KategorieNz].[Krankheit DE].&[Norovirus-Gastroenteritis]"
501.78,"LK Salzlandkreis","[DeutschlandNodes].[Kreise71Web].[FedStateKey71].&[15].&[DEE0].&[15089]",2019,1,"Norovirus","[KategorieNz].[Krankheit DE].&[Norovirus-Gastroenteritis]"
632.25,"LK Stendal","[DeutschlandNodes].[Kreise71Web].[FedStateKey71].&[15].&[DEE0].&[15090]",2019,1,"Norovirus","[KategorieNz].[Krankheit DE].&[Norovirus-Gastroenteritis]"
424.96,"LK Wittenberg","[DeutschlandNodes].[Kreise71Web].[FedStateKey71].&[15].&[DEE0].&[15091]",2019,1,"Norovirus","[KategorieNz].[Krankheit DE].&[Norovirus-Gastroenteritis]"
52.56,"LK Dithmarschen","[DeutschlandNodes].[Kreise71Web].[FedStateKey71].&[01].&[DEF0].&[01051]",2019,1,"Norovirus","[KategorieNz].[Krankheit DE].&[Norovirus-Gastroenteritis]"
79.85,"SK Flensburg","[DeutschlandNodes].[Kreise71Web].[FedStateKey71].&[01].&[DEF0].&[01001]",2019,1,"Norovirus","[KategorieNz].[Krankheit DE].&[Norovirus-Gastroenteritis]"
603.98,"LK Herzogtum Lauenburg","[DeutschlandNodes].[Kreise71Web].[FedStateKey71].&[01].&[DEF0].&[01053]",2019,1,"Norovirus","[KategorieNz].[Krankheit DE].&[Norovirus-Gastroenteritis]"
252.03,"SK Kiel","[DeutschlandNodes].[Kreise71Web].[FedStateKey71].&[01].&[DEF0].&[01002]",2019,1,"Norovirus","[KategorieNz].[Krankheit DE].&[Norovirus-Gastroenteritis]"
146.4,"SK Lübeck","[DeutschlandNodes].[Kreise71Web].[FedStateKey71].&[01].&[DEF0].&[01003]",2019,1,"Norovirus","[KategorieNz].[Krankheit DE].&[Norovirus-Gastroenteritis]"
180.81,"SK Neumünster","[DeutschlandNodes].[Kreise71Web].[FedStateKey71].&[01].&[DEF0].&[01004]",2019,1,"Norovirus","[KategorieNz].[Krankheit DE].&[Norovirus-Gastroenteritis]"
202.47,"LK Nordfriesland","[DeutschlandNodes].[Kreise71Web].[FedStateKey71].&[01].&[DEF0].&[01054]",2019,1,"Norovirus","[KategorieNz].[Krankheit DE].&[Norovirus-Gastroenteritis]"
164.56,"LK Ostholstein","[DeutschlandNodes].[Kreise71Web].[FedStateKey71].&[01].&[DEF0].&[01055]",2019,1,"Norovirus","[KategorieNz].[Krankheit DE].&[Norovirus-Gastroenteritis]"
172.1,"LK Pinneberg","[DeutschlandNodes].[Kreise71Web].[FedStateKey71].&[01].&[DEF0].&[01056]",2019,1,"Norovirus","[KategorieNz].[Krankheit DE].&[Norovirus-Gastroenteritis]"
71.49,"LK Plön","[DeutschlandNodes].[Kreise71Web].[FedStateKey71].&[01].&[DEF0].&[01057]",2019,1,"Norovirus","[KategorieNz].[Krankheit DE].&[Norovirus-Gastroenteritis]"
58.01,"LK Rendsburg-Eckernförde","[DeutschlandNodes].[Kreise71Web].[FedStateKey71].&[01].&[DEF0].&[01058]",2019,1,"Norovirus","[KategorieNz].[Krankheit DE].&[Norovirus-Gastroenteritis]"
109.37,"LK Schleswig-Flensburg","[DeutschlandNodes].[Kreise71Web].[FedStateKey71].&[01].&[DEF0].&[01059]",2019,1,"Norovirus","[KategorieNz].[Krankheit DE].&[Norovirus-Gastroenteritis]"
105.35,"LK Segeberg","[DeutschlandNodes].[Kreise71Web].[FedStateKey71].&[01].&[DEF0].&[01060]",2019,1,"Norovirus","[KategorieNz].[Krankheit DE].&[Norovirus-Gastroenteritis]"
99.23,"LK Steinburg","[DeutschlandNodes].[Kreise71Web].[FedStateKey71].&[01].&[DEF0].&[01061]",2019,1,"Norovirus","[KategorieNz].[Krankheit DE].&[Norovirus-Gastroenteritis]"
43.41,"LK Stormarn","[DeutschlandNodes].[Kreise71Web].[FedStateKey71].&[01].&[DEF0].&[01062]",2019,1,"Norovirus","[KategorieNz].[Krankheit DE].&[Norovirus-Gastroenteritis]"
314.34,"LK Altenburger Land","[DeutschlandNodes].[Kreise71Web].[FedStateKey71].&[16].&[DEG0].&[16077]",2019,1,"Norovirus","[KategorieNz].[Krankheit DE].&[Norovirus-Gastroenteritis]"
529.97,"LK Eichsfeld","[DeutschlandNodes].[Kreise71Web].[FedStateKey71].&[16].&[DEG0].&[16061]",2019,1,"Norovirus","[KategorieNz].[Krankheit DE].&[Norovirus-Gastroenteritis]"
394.89,"SK Erfurt","[DeutschlandNodes].[Kreise71Web].[FedStateKey71].&[16].&[DEG0].&[16051]",2019,1,"Norovirus","[KategorieNz].[Krankheit DE].&[Norovirus-Gastroenteritis]"
252.35,"SK Gera","[DeutschlandNodes].[Kreise71Web].[FedStateKey71].&[16].&[DEG0].&[16052]",2019,1,"Norovirus","[KategorieNz].[Krankheit DE].&[Norovirus-Gastroenteritis]"
308.36,"LK Gotha","[DeutschlandNodes].[Kreise71Web].[FedStateKey71].&[16].&[DEG0].&[16067]",2019,1,"Norovirus","[KategorieNz].[Krankheit DE].&[Norovirus-Gastroenteritis]"
491.8,"LK Greiz","[DeutschlandNodes].[Kreise71Web].[FedStateKey71].&[16].&[DEG0].&[16076]",2019,1,"Norovirus","[KategorieNz].[Krankheit DE].&[Norovirus-Gastroenteritis]"
297.48,"LK Hildburghausen","[DeutschlandNodes].[Kreise71Web].[FedStateKey71].&[16].&[DEG0].&[16069]",2019,1,"Norovirus","[KategorieNz].[Krankheit DE].&[Norovirus-Gastroenteritis]"
357.65,"LK Ilm-Kreis","[DeutschlandNodes].[Kreise71Web].[FedStateKey71].&[16].&[DEG0].&[16070]",2019,1,"Norovirus","[KategorieNz].[Krankheit DE].&[Norovirus-Gastroenteritis]"
412.24,"SK Jena","[DeutschlandNodes].[Kreise71Web].[FedStateKey71].&[16].&[DEG0].&[16053]",2019,1,"Norovirus","[KategorieNz].[Krankheit DE].&[Norovirus-Gastroenteritis]"
375.95,"LK Kyffhäuserkreis","[DeutschlandNodes].[Kreise71Web].[FedStateKey71].&[16].&[DEG0].&[16065]",2019,1,"Norovirus","[KategorieNz].[Krankheit DE].&[Norovirus-Gastroenteritis]"
376.43,"LK Nordhausen","[DeutschlandNodes].[Kreise71Web].[FedStateKey71].&[16].&[DEG0].&[16062]",2019,1,"Norovirus","[KategorieNz].[Krankheit DE].&[Norovirus-Gastroenteritis]"
426.76,"LK Saale-Holzland-Kreis","[DeutschlandNodes].[Kreise71Web].[FedStateKey71].&[16].&[DEG0].&[16074]",2019,1,"Norovirus","[KategorieNz].[Krankheit DE].&[Norovirus-Gastroenteritis]"
140.7,"LK Saale-Orla-Kreis","[DeutschlandNodes].[Kreise71Web].[FedStateKey71].&[16].&[DEG0].&[16075]",2019,1,"Norovirus","[KategorieNz].[Krankheit DE].&[Norovirus-Gastroenteritis]"
498.07,"LK Saalfeld-Rudolstadt","[DeutschlandNodes].[Kreise71Web].[FedStateKey71].&[16].&[DEG0].&[16073]",2019,1,"Norovirus","[KategorieNz].[Krankheit DE].&[Norovirus-Gastroenteritis]"
249.77,"LK Schmalkalden-Meiningen","[DeutschlandNodes].[Kreise71Web].[FedStateKey71].&[16].&[DEG0].&[16066]",2019,1,"Norovirus","[KategorieNz].[Krankheit DE].&[Norovirus-Gastroenteritis]"
413.38,"LK Sömmerda","[DeutschlandNodes].[Kreise71Web].[FedStateKey71].&[16].&[DEG0].&[16068]",2019,1,"Norovirus","[KategorieNz].[Krankheit DE].&[Norovirus-Gastroenteritis]"
576.95,"LK Sonneberg","[DeutschlandNodes].[Kreise71Web].[FedStateKey71].&[16].&[DEG0].&[16072]",2019,1,"Norovirus","[KategorieNz].[Krankheit DE].&[Norovirus-Gastroenteritis]"
255.51,"SK Suhl","[DeutschlandNodes].[Kreise71Web].[FedStateKey71].&[16].&[DEG0].&[16054]",2019,1,"Norovirus","[KategorieNz].[Krankheit DE].&[Norovirus-Gastroenteritis]"
576.14,"LK Unstrut-Hainich-Kreis","[DeutschlandNodes].[Kreise71Web].[FedStateKey71].&[16].&[DEG0].&[16064]",2019,1,"Norovirus","[KategorieNz].[Krankheit DE].&[Norovirus-Gastroenteritis]"
212.13,"LK Wartburgkreis","[DeutschlandNodes].[Kreise71Web].[FedStateKey71].&[16].&[DEG0].&[16063]",2019,1,"Norovirus","[KategorieNz].[Krankheit DE].&[Norovirus-Gastroenteritis]"
456.86,"SK Weimar","[DeutschlandNodes].[Kreise71Web].[FedStateKey71].&[16].&[DEG0].&[16055]",2019,1,"Norovirus","[KategorieNz].[Krankheit DE].&[Norovirus-Gastroenteritis]"
473.49,"LK Weimarer Land","[DeutschlandNodes].[Kreise71Web].[FedStateKey71].&[16].&[DEG0].&[16071]",2019,1,"Norovirus","[KategorieNz].[Krankheit DE].&[Norovirus-Gastroenteritis]"
NA,"Unbekannt","[DeutschlandNodes].[Kreise71Web].[FedStateKey71].&[-1].&[????].&[?????]",2019,1,"Norovirus","[KategorieNz].[Krankheit DE].&[Norovirus-Gastroenteritis]"
33.98,"LK Breisgau-Hochschwarzwald","[DeutschlandNodes].[Kreise71Web].[FedStateKey71].&[08].&[DE13].&[08315]",2020,1,"Norovirus","[KategorieNz].[Krankheit DE].&[Norovirus-Gastroenteritis]"
25.77,"LK Emmendingen","[DeutschlandNodes].[Kreise71Web].[FedStateKey71].&[08].&[DE13].&[08316]",2020,1,"Norovirus","[KategorieNz].[Krankheit DE].&[Norovirus-Gastroenteritis]"
25.55,"SK Freiburg i.Breisgau","[DeutschlandNodes].[Kreise71Web].[FedStateKey71].&[08].&[DE13].&[08311]",2020,1,"Norovirus","[KategorieNz].[Krankheit DE].&[Norovirus-Gastroenteritis]"
18.13,"LK Konstanz","[DeutschlandNodes].[Kreise71Web].[FedStateKey71].&[08].&[DE13].&[08335]",2020,1,"Norovirus","[KategorieNz].[Krankheit DE].&[Norovirus-Gastroenteritis]"
39.33,"LK Lörrach","[DeutschlandNodes].[Kreise71Web].[FedStateKey71].&[08].&[DE13].&[08336]",2020,1,"Norovirus","[KategorieNz].[Krankheit DE].&[Norovirus-Gastroenteritis]"
83.68,"LK Ortenaukreis","[DeutschlandNodes].[Kreise71Web].[FedStateKey71].&[08].&[DE13].&[08317]",2020,1,"Norovirus","[KategorieNz].[Krankheit DE].&[Norovirus-Gastroenteritis]"
63.5,"LK Rottweil","[DeutschlandNodes].[Kreise71Web].[FedStateKey71].&[08].&[DE13].&[08325]",2020,1,"Norovirus","[KategorieNz].[Krankheit DE].&[Norovirus-Gastroenteritis]"
40.87,"LK Schwarzwald-Baar-Kreis","[DeutschlandNodes].[Kreise71Web].[FedStateKey71].&[08].&[DE13].&[08326]",2020,1,"Norovirus","[KategorieNz].[Krankheit DE].&[Norovirus-Gastroenteritis]"
28.94,"LK Tuttlingen","[DeutschlandNodes].[Kreise71Web].[FedStateKey71].&[08].&[DE13].&[08327]",2020,1,"Norovirus","[KategorieNz].[Krankheit DE].&[Norovirus-Gastroenteritis]"
36.21,"LK Waldshut","[DeutschlandNodes].[Kreise71Web].[FedStateKey71].&[08].&[DE13].&[08337]",2020,1,"Norovirus","[KategorieNz].[Krankheit DE].&[Norovirus-Gastroenteritis]"
41.48,"SK Baden-Baden","[DeutschlandNodes].[Kreise71Web].[FedStateKey71].&[08].&[DE12].&[08211]",2020,1,"Norovirus","[KategorieNz].[Krankheit DE].&[Norovirus-Gastroenteritis]"
55.57,"LK Calw","[DeutschlandNodes].[Kreise71Web].[FedStateKey71].&[08].&[DE12].&[08235]",2020,1,"Norovirus","[KategorieNz].[Krankheit DE].&[Norovirus-Gastroenteritis]"
41.05,"LK Enzkreis","[DeutschlandNodes].[Kreise71Web].[FedStateKey71].&[08].&[DE12].&[08236]",2020,1,"Norovirus","[KategorieNz].[Krankheit DE].&[Norovirus-Gastroenteritis]"
38.86,"LK Freudenstadt","[DeutschlandNodes].[Kreise71Web].[FedStateKey71].&[08].&[DE12].&[08237]",2020,1,"Norovirus","[KategorieNz].[Krankheit DE].&[Norovirus-Gastroenteritis]"
13.86,"SK Heidelberg","[DeutschlandNodes].[Kreise71Web].[FedStateKey71].&[08].&[DE12].&[08221]",2020,1,"Norovirus","[KategorieNz].[Krankheit DE].&[Norovirus-Gastroenteritis]"
21.07,"SK Karlsruhe","[DeutschlandNodes].[Kreise71Web].[FedStateKey71].&[08].&[DE12].&[08212]",2020,1,"Norovirus","[KategorieNz].[Krankheit DE].&[Norovirus-Gastroenteritis]"
20.36,"LK Karlsruhe","[DeutschlandNodes].[Kreise71Web].[FedStateKey71].&[08].&[DE12].&[08215]",2020,1,"Norovirus","[KategorieNz].[Krankheit DE].&[Norovirus-Gastroenteritis]"
28.41,"SK Mannheim","[DeutschlandNodes].[Kreise71Web].[FedStateKey71].&[08].&[DE12].&[08222]",2020,1,"Norovirus","[KategorieNz].[Krankheit DE].&[Norovirus-Gastroenteritis]"
38.94,"LK Neckar-Odenwald-Kreis","[DeutschlandNodes].[Kreise71Web].[FedStateKey71].&[08].&[DE12].&[08225]",2020,1,"Norovirus","[KategorieNz].[Krankheit DE].&[Norovirus-Gastroenteritis]"
25.39,"SK Pforzheim","[DeutschlandNodes].[Kreise71Web].[FedStateKey71].&[08].&[DE12].&[08231]",2020,1,"Norovirus","[KategorieNz].[Krankheit DE].&[Norovirus-Gastroenteritis]"
42.66,"LK Rastatt","[DeutschlandNodes].[Kreise71Web].[FedStateKey71].&[08].&[DE12].&[08216]",2020,1,"Norovirus","[KategorieNz].[Krankheit DE].&[Norovirus-Gastroenteritis]"
33.38,"LK Rhein-Neckar-Kreis","[DeutschlandNodes].[Kreise71Web].[FedStateKey71].&[08].&[DE12].&[08226]",2020,1,"Norovirus","[KategorieNz].[Krankheit DE].&[Norovirus-Gastroenteritis]"
17.56,"LK Böblingen","[DeutschlandNodes].[Kreise71Web].[FedStateKey71].&[08].&[DE11].&[08115]",2020,1,"Norovirus","[KategorieNz].[Krankheit DE].&[Norovirus-Gastroenteritis]"
29.8,"LK Esslingen","[DeutschlandNodes].[Kreise71Web].[FedStateKey71].&[08].&[DE11].&[08116]",2020,1,"Norovirus","[KategorieNz].[Krankheit DE].&[Norovirus-Gastroenteritis]"
32.07,"LK Göppingen","[DeutschlandNodes].[Kreise71Web].[FedStateKey71].&[08].&[DE11].&[08117]",2020,1,"Norovirus","[KategorieNz].[Krankheit DE].&[Norovirus-Gastroenteritis]"
29.36,"LK Heidenheim","[DeutschlandNodes].[Kreise71Web].[FedStateKey71].&[08].&[DE11].&[08135]",2020,1,"Norovirus","[KategorieNz].[Krankheit DE].&[Norovirus-Gastroenteritis]"
33.21,"SK Heilbronn","[DeutschlandNodes].[Kreise71Web].[FedStateKey71].&[08].&[DE11].&[08121]",2020,1,"Norovirus","[KategorieNz].[Krankheit DE].&[Norovirus-Gastroenteritis]"
25.41,"LK Heilbronn","[DeutschlandNodes].[Kreise71Web].[FedStateKey71].&[08].&[DE11].&[08125]",2020,1,"Norovirus","[KategorieNz].[Krankheit DE].&[Norovirus-Gastroenteritis]"
24.83,"LK Hohenlohekreis","[DeutschlandNodes].[Kreise71Web].[FedStateKey71].&[08].&[DE11].&[08126]",2020,1,"Norovirus","[KategorieNz].[Krankheit DE].&[Norovirus-Gastroenteritis]"
34.31,"LK Ludwigsburg","[DeutschlandNodes].[Kreise71Web].[FedStateKey71].&[08].&[DE11].&[08118]",2020,1,"Norovirus","[KategorieNz].[Krankheit DE].&[Norovirus-Gastroenteritis]"
54.26,"LK Main-Tauber-Kreis","[DeutschlandNodes].[Kreise71Web].[FedStateKey71].&[08].&[DE11].&[08128]",2020,1,"Norovirus","[KategorieNz].[Krankheit DE].&[Norovirus-Gastroenteritis]"
27.04,"LK Ostalbkreis","[DeutschlandNodes].[Kreise71Web].[FedStateKey71].&[08].&[DE11].&[08136]",2020,1,"Norovirus","[KategorieNz].[Krankheit DE].&[Norovirus-Gastroenteritis]"
45.17,"LK Rems-Murr-Kreis","[DeutschlandNodes].[Kreise71Web].[FedStateKey71].&[08].&[DE11].&[08119]",2020,1,"Norovirus","[KategorieNz].[Krankheit DE].&[Norovirus-Gastroenteritis]"
31.84,"LK Schwäbisch Hall","[DeutschlandNodes].[Kreise71Web].[FedStateKey71].&[08].&[DE11].&[08127]",2020,1,"Norovirus","[KategorieNz].[Krankheit DE].&[Norovirus-Gastroenteritis]"
28.24,"SK Stuttgart","[DeutschlandNodes].[Kreise71Web].[FedStateKey71].&[08].&[DE11].&[08111]",2020,1,"Norovirus","[KategorieNz].[Krankheit DE].&[Norovirus-Gastroenteritis]"
14.13,"LK Alb-Donau-Kreis","[DeutschlandNodes].[Kreise71Web].[FedStateKey71].&[08].&[DE14].&[08425]",2020,1,"Norovirus","[KategorieNz].[Krankheit DE].&[Norovirus-Gastroenteritis]"
25.22,"LK Biberach","[DeutschlandNodes].[Kreise71Web].[FedStateKey71].&[08].&[DE14].&[08426]",2020,1,"Norovirus","[KategorieNz].[Krankheit DE].&[Norovirus-Gastroenteritis]"
38.55,"LK Bodenseekreis","[DeutschlandNodes].[Kreise71Web].[FedStateKey71].&[08].&[DE14].&[08435]",2020,1,"Norovirus","[KategorieNz].[Krankheit DE].&[Norovirus-Gastroenteritis]"
23.44,"LK Ravensburg","[DeutschlandNodes].[Kreise71Web].[FedStateKey71].&[08].&[DE14].&[08436]",2020,1,"Norovirus","[KategorieNz].[Krankheit DE].&[Norovirus-Gastroenteritis]"
54.96,"LK Reutlingen","[DeutschlandNodes].[Kreise71Web].[FedStateKey71].&[08].&[DE14].&[08415]",2020,1,"Norovirus","[KategorieNz].[Krankheit DE].&[Norovirus-Gastroenteritis]"
42.77,"LK Sigmaringen","[DeutschlandNodes].[Kreise71Web].[FedStateKey71].&[08].&[DE14].&[08437]",2020,1,"Norovirus","[KategorieNz].[Krankheit DE].&[Norovirus-Gastroenteritis]"
24.95,"LK Tübingen","[DeutschlandNodes].[Kreise71Web].[FedStateKey71].&[08].&[DE14].&[08416]",2020,1,"Norovirus","[KategorieNz].[Krankheit DE].&[Norovirus-Gastroenteritis]"
26.9,"SK Ulm","[DeutschlandNodes].[Kreise71Web].[FedStateKey71].&[08].&[DE14].&[08421]",2020,1,"Norovirus","[KategorieNz].[Krankheit DE].&[Norovirus-Gastroenteritis]"
19.49,"LK Zollernalbkreis","[DeutschlandNodes].[Kreise71Web].[FedStateKey71].&[08].&[DE14].&[08417]",2020,1,"Norovirus","[KategorieNz].[Krankheit DE].&[Norovirus-Gastroenteritis]"
31.19,"SK Ansbach","[DeutschlandNodes].[Kreise71Web].[FedStateKey71].&[09].&[DE25].&[09561]",2020,1,"Norovirus","[KategorieNz].[Krankheit DE].&[Norovirus-Gastroenteritis]"
25.9,"LK Ansbach","[DeutschlandNodes].[Kreise71Web].[FedStateKey71].&[09].&[DE25].&[09571]",2020,1,"Norovirus","[KategorieNz].[Krankheit DE].&[Norovirus-Gastroenteritis]"
32.03,"SK Erlangen","[DeutschlandNodes].[Kreise71Web].[FedStateKey71].&[09].&[DE25].&[09562]",2020,1,"Norovirus","[KategorieNz].[Krankheit DE].&[Norovirus-Gastroenteritis]"
30.41,"LK Erlangen-Höchstadt","[DeutschlandNodes].[Kreise71Web].[FedStateKey71].&[09].&[DE25].&[09572]",2020,1,"Norovirus","[KategorieNz].[Krankheit DE].&[Norovirus-Gastroenteritis]"
44.45,"SK Fürth","[DeutschlandNodes].[Kreise71Web].[FedStateKey71].&[09].&[DE25].&[09563]",2020,1,"Norovirus","[KategorieNz].[Krankheit DE].&[Norovirus-Gastroenteritis]"
37.91,"LK Fürth","[DeutschlandNodes].[Kreise71Web].[FedStateKey71].&[09].&[DE25].&[09573]",2020,1,"Norovirus","[KategorieNz].[Krankheit DE].&[Norovirus-Gastroenteritis]"
17.77,"LK Neustadt a.d.Aisch-Bad Windsheim","[DeutschlandNodes].[Kreise71Web].[FedStateKey71].&[09].&[DE25].&[09575]",2020,1,"Norovirus","[KategorieNz].[Krankheit DE].&[Norovirus-Gastroenteritis]"
22.89,"SK Nürnberg","[DeutschlandNodes].[Kreise71Web].[FedStateKey71].&[09].&[DE25].&[09564]",2020,1,"Norovirus","[KategorieNz].[Krankheit DE].&[Norovirus-Gastroenteritis]"
31.55,"LK Nürnberger Land","[DeutschlandNodes].[Kreise71Web].[FedStateKey71].&[09].&[DE25].&[09574]",2020,1,"Norovirus","[KategorieNz].[Krankheit DE].&[Norovirus-Gastroenteritis]"
22.8,"LK Roth","[DeutschlandNodes].[Kreise71Web].[FedStateKey71].&[09].&[DE25].&[09576]",2020,1,"Norovirus","[KategorieNz].[Krankheit DE].&[Norovirus-Gastroenteritis]"
41.41,"SK Schwabach","[DeutschlandNodes].[Kreise71Web].[FedStateKey71].&[09].&[DE25].&[09565]",2020,1,"Norovirus","[KategorieNz].[Krankheit DE].&[Norovirus-Gastroenteritis]"
24.18,"LK Weißenburg-Gunzenhausen","[DeutschlandNodes].[Kreise71Web].[FedStateKey71].&[09].&[DE25].&[09577]",2020,1,"Norovirus","[KategorieNz].[Krankheit DE].&[Norovirus-Gastroenteritis]"
110.48,"LK Deggendorf","[DeutschlandNodes].[Kreise71Web].[FedStateKey71].&[09].&[DE22].&[09271]",2020,1,"Norovirus","[KategorieNz].[Krankheit DE].&[Norovirus-Gastroenteritis]"
40.11,"LK Dingolfing-Landau","[DeutschlandNodes].[Kreise71Web].[FedStateKey71].&[09].&[DE22].&[09279]",2020,1,"Norovirus","[KategorieNz].[Krankheit DE].&[Norovirus-Gastroenteritis]"
76.57,"LK Freyung-Grafenau","[DeutschlandNodes].[Kreise71Web].[FedStateKey71].&[09].&[DE22].&[09272]",2020,1,"Norovirus","[KategorieNz].[Krankheit DE].&[Norovirus-Gastroenteritis]"
23.5,"LK Kelheim","[DeutschlandNodes].[Kreise71Web].[FedStateKey71].&[09].&[DE22].&[09273]",2020,1,"Norovirus","[KategorieNz].[Krankheit DE].&[Norovirus-Gastroenteritis]"
32.85,"SK Landshut","[DeutschlandNodes].[Kreise71Web].[FedStateKey71].&[09].&[DE22].&[09261]",2020,1,"Norovirus","[KategorieNz].[Krankheit DE].&[Norovirus-Gastroenteritis]"
30.4,"LK Landshut","[DeutschlandNodes].[Kreise71Web].[FedStateKey71].&[09].&[DE22].&[09274]",2020,1,"Norovirus","[KategorieNz].[Krankheit DE].&[Norovirus-Gastroenteritis]"
116.38,"SK Passau","[DeutschlandNodes].[Kreise71Web].[FedStateKey71].&[09].&[DE22].&[09262]",2020,1,"Norovirus","[KategorieNz].[Krankheit DE].&[Norovirus-Gastroenteritis]"
79.09,"LK Passau","[DeutschlandNodes].[Kreise71Web].[FedStateKey71].&[09].&[DE22].&[09275]",2020,1,"Norovirus","[KategorieNz].[Krankheit DE].&[Norovirus-Gastroenteritis]"
62.09,"LK Regen","[DeutschlandNodes].[Kreise71Web].[FedStateKey71].&[09].&[DE22].&[09276]",2020,1,"Norovirus","[KategorieNz].[Krankheit DE].&[Norovirus-Gastroenteritis]"
50.9,"LK Rottal-Inn","[DeutschlandNodes].[Kreise71Web].[FedStateKey71].&[09].&[DE22].&[09277]",2020,1,"Norovirus","[KategorieNz].[Krankheit DE].&[Norovirus-Gastroenteritis]"
79.81,"SK Straubing","[DeutschlandNodes].[Kreise71Web].[FedStateKey71].&[09].&[DE22].&[09263]",2020,1,"Norovirus","[KategorieNz].[Krankheit DE].&[Norovirus-Gastroenteritis]"
100.25,"LK Straubing-Bogen","[DeutschlandNodes].[Kreise71Web].[FedStateKey71].&[09].&[DE22].&[09278]",2020,1,"Norovirus","[KategorieNz].[Krankheit DE].&[Norovirus-Gastroenteritis]"
20.6,"LK Altötting","[DeutschlandNodes].[Kreise71Web].[FedStateKey71].&[09].&[DE21].&[09171]",2020,1,"Norovirus","[KategorieNz].[Krankheit DE].&[Norovirus-Gastroenteritis]"
95.15,"LK Bad Tölz-Wolfratshausen","[DeutschlandNodes].[Kreise71Web].[FedStateKey71].&[09].&[DE21].&[09173]",2020,1,"Norovirus","[KategorieNz].[Krankheit DE].&[Norovirus-Gastroenteritis]"
41.38,"LK Berchtesgadener Land","[DeutschlandNodes].[Kreise71Web].[FedStateKey71].&[09].&[DE21].&[09172]",2020,1,"Norovirus","[KategorieNz].[Krankheit DE].&[Norovirus-Gastroenteritis]"
29.01,"LK Dachau","[DeutschlandNodes].[Kreise71Web].[FedStateKey71].&[09].&[DE21].&[09174]",2020,1,"Norovirus","[KategorieNz].[Krankheit DE].&[Norovirus-Gastroenteritis]"
18.74,"LK Ebersberg","[DeutschlandNodes].[Kreise71Web].[FedStateKey71].&[09].&[DE21].&[09175]",2020,1,"Norovirus","[KategorieNz].[Krankheit DE].&[Norovirus-Gastroenteritis]"
36.04,"LK Eichstätt","[DeutschlandNodes].[Kreise71Web].[FedStateKey71].&[09].&[DE21].&[09176]",2020,1,"Norovirus","[KategorieNz].[Krankheit DE].&[Norovirus-Gastroenteritis]"
44.64,"LK Erding","[DeutschlandNodes].[Kreise71Web].[FedStateKey71].&[09].&[DE21].&[09177]",2020,1,"Norovirus","[KategorieNz].[Krankheit DE].&[Norovirus-Gastroenteritis]"
30.5,"LK Freising","[DeutschlandNodes].[Kreise71Web].[FedStateKey71].&[09].&[DE21].&[09178]",2020,1,"Norovirus","[KategorieNz].[Krankheit DE].&[Norovirus-Gastroenteritis]"
62.17,"LK Fürstenfeldbruck","[DeutschlandNodes].[Kreise71Web].[FedStateKey71].&[09].&[DE21].&[09179]",2020,1,"Norovirus","[KategorieNz].[Krankheit DE].&[Norovirus-Gastroenteritis]"
65.7,"LK Garmisch-Partenkirchen","[DeutschlandNodes].[Kreise71Web].[FedStateKey71].&[09].&[DE21].&[09180]",2020,1,"Norovirus","[KategorieNz].[Krankheit DE].&[Norovirus-Gastroenteritis]"
23.37,"SK Ingolstadt","[DeutschlandNodes].[Kreise71Web].[FedStateKey71].&[09].&[DE21].&[09161]",2020,1,"Norovirus","[KategorieNz].[Krankheit DE].&[Norovirus-Gastroenteritis]"
37.18,"LK Landsberg a.Lech","[DeutschlandNodes].[Kreise71Web].[FedStateKey71].&[09].&[DE21].&[09181]",2020,1,"Norovirus","[KategorieNz].[Krankheit DE].&[Norovirus-Gastroenteritis]"
60.89,"LK Miesbach","[DeutschlandNodes].[Kreise71Web].[FedStateKey71].&[09].&[DE21].&[09182]",2020,1,"Norovirus","[KategorieNz].[Krankheit DE].&[Norovirus-Gastroenteritis]"
28.33,"LK Mühldorf a.Inn","[DeutschlandNodes].[Kreise71Web].[FedStateKey71].&[09].&[DE21].&[09183]",2020,1,"Norovirus","[KategorieNz].[Krankheit DE].&[Norovirus-Gastroenteritis]"
29.63,"SK München","[DeutschlandNodes].[Kreise71Web].[FedStateKey71].&[09].&[DE21].&[09162]",2020,1,"Norovirus","[KategorieNz].[Krankheit DE].&[Norovirus-Gastroenteritis]"
30.6,"LK München","[DeutschlandNodes].[Kreise71Web].[FedStateKey71].&[09].&[DE21].&[09184]",2020,1,"Norovirus","[KategorieNz].[Krankheit DE].&[Norovirus-Gastroenteritis]"
29.67,"LK Neuburg-Schrobenhausen","[DeutschlandNodes].[Kreise71Web].[FedStateKey71].&[09].&[DE21].&[09185]",2020,1,"Norovirus","[KategorieNz].[Krankheit DE].&[Norovirus-Gastroenteritis]"
29.43,"LK Pfaffenhofen a.d.Ilm","[DeutschlandNodes].[Kreise71Web].[FedStateKey71].&[09].&[DE21].&[09186]",2020,1,"Norovirus","[KategorieNz].[Krankheit DE].&[Norovirus-Gastroenteritis]"
17.3,"SK Rosenheim","[DeutschlandNodes].[Kreise71Web].[FedStateKey71].&[09].&[DE21].&[09163]",2020,1,"Norovirus","[KategorieNz].[Krankheit DE].&[Norovirus-Gastroenteritis]"
58.84,"LK Rosenheim","[DeutschlandNodes].[Kreise71Web].[FedStateKey71].&[09].&[DE21].&[09187]",2020,1,"Norovirus","[KategorieNz].[Krankheit DE].&[Norovirus-Gastroenteritis]"
57.1,"LK Starnberg","[DeutschlandNodes].[Kreise71Web].[FedStateKey71].&[09].&[DE21].&[09188]",2020,1,"Norovirus","[KategorieNz].[Krankheit DE].&[Norovirus-Gastroenteritis]"
107.05,"LK Traunstein","[DeutschlandNodes].[Kreise71Web].[FedStateKey71].&[09].&[DE21].&[09189]",2020,1,"Norovirus","[KategorieNz].[Krankheit DE].&[Norovirus-Gastroenteritis]"
72.72,"LK Weilheim-Schongau","[DeutschlandNodes].[Kreise71Web].[FedStateKey71].&[09].&[DE21].&[09190]",2020,1,"Norovirus","[KategorieNz].[Krankheit DE].&[Norovirus-Gastroenteritis]"
48.26,"SK Bamberg","[DeutschlandNodes].[Kreise71Web].[FedStateKey71].&[09].&[DE24].&[09461]",2020,1,"Norovirus","[KategorieNz].[Krankheit DE].&[Norovirus-Gastroenteritis]"
61.7,"LK Bamberg","[DeutschlandNodes].[Kreise71Web].[FedStateKey71].&[09].&[DE24].&[09471]",2020,1,"Norovirus","[KategorieNz].[Krankheit DE].&[Norovirus-Gastroenteritis]"
48.62,"SK Bayreuth","[DeutschlandNodes].[Kreise71Web].[FedStateKey71].&[09].&[DE24].&[09462]",2020,1,"Norovirus","[KategorieNz].[Krankheit DE].&[Norovirus-Gastroenteritis]"
46.3,"LK Bayreuth","[DeutschlandNodes].[Kreise71Web].[FedStateKey71].&[09].&[DE24].&[09472]",2020,1,"Norovirus","[KategorieNz].[Krankheit DE].&[Norovirus-Gastroenteritis]"
122.42,"SK Coburg","[DeutschlandNodes].[Kreise71Web].[FedStateKey71].&[09].&[DE24].&[09463]",2020,1,"Norovirus","[KategorieNz].[Krankheit DE].&[Norovirus-Gastroenteritis]"
145.55,"LK Coburg","[DeutschlandNodes].[Kreise71Web].[FedStateKey71].&[09].&[DE24].&[09473]",2020,1,"Norovirus","[KategorieNz].[Krankheit DE].&[Norovirus-Gastroenteritis]"
53.17,"LK Forchheim","[DeutschlandNodes].[Kreise71Web].[FedStateKey71].&[09].&[DE24].&[09474]",2020,1,"Norovirus","[KategorieNz].[Krankheit DE].&[Norovirus-Gastroenteritis]"
44.27,"SK Hof","[DeutschlandNodes].[Kreise71Web].[FedStateKey71].&[09].&[DE24].&[09464]",2020,1,"Norovirus","[KategorieNz].[Krankheit DE].&[Norovirus-Gastroenteritis]"
73,"LK Hof","[DeutschlandNodes].[Kreise71Web].[FedStateKey71].&[09].&[DE24].&[09475]",2020,1,"Norovirus","[KategorieNz].[Krankheit DE].&[Norovirus-Gastroenteritis]"
82.89,"LK Kronach","[DeutschlandNodes].[Kreise71Web].[FedStateKey71].&[09].&[DE24].&[09476]",2020,1,"Norovirus","[KategorieNz].[Krankheit DE].&[Norovirus-Gastroenteritis]"
60.2,"LK Kulmbach","[DeutschlandNodes].[Kreise71Web].[FedStateKey71].&[09].&[DE24].&[09477]",2020,1,"Norovirus","[KategorieNz].[Krankheit DE].&[Norovirus-Gastroenteritis]"
47.96,"LK Lichtenfels","[DeutschlandNodes].[Kreise71Web].[FedStateKey71].&[09].&[DE24].&[09478]",2020,1,"Norovirus","[KategorieNz].[Krankheit DE].&[Norovirus-Gastroenteritis]"
48.63,"LK Wunsiedel i.Fichtelgebirge","[DeutschlandNodes].[Kreise71Web].[FedStateKey71].&[09].&[DE24].&[09479]",2020,1,"Norovirus","[KategorieNz].[Krankheit DE].&[Norovirus-Gastroenteritis]"
33.29,"SK Amberg","[DeutschlandNodes].[Kreise71Web].[FedStateKey71].&[09].&[DE23].&[09361]",2020,1,"Norovirus","[KategorieNz].[Krankheit DE].&[Norovirus-Gastroenteritis]"
80.58,"LK Amberg-Sulzbach","[DeutschlandNodes].[Kreise71Web].[FedStateKey71].&[09].&[DE23].&[09371]",2020,1,"Norovirus","[KategorieNz].[Krankheit DE].&[Norovirus-Gastroenteritis]"
37.47,"LK Cham","[DeutschlandNodes].[Kreise71Web].[FedStateKey71].&[09].&[DE23].&[09372]",2020,1,"Norovirus","[KategorieNz].[Krankheit DE].&[Norovirus-Gastroenteritis]"
24.4,"LK Neumarkt i.d.OPf.","[DeutschlandNodes].[Kreise71Web].[FedStateKey71].&[09].&[DE23].&[09373]",2020,1,"Norovirus","[KategorieNz].[Krankheit DE].&[Norovirus-Gastroenteritis]"
54.94,"LK Neustadt a.d.Waldnaab","[DeutschlandNodes].[Kreise71Web].[FedStateKey71].&[09].&[DE23].&[09374]",2020,1,"Norovirus","[KategorieNz].[Krankheit DE].&[Norovirus-Gastroenteritis]"
34.15,"SK Regensburg","[DeutschlandNodes].[Kreise71Web].[FedStateKey71].&[09].&[DE23].&[09362]",2020,1,"Norovirus","[KategorieNz].[Krankheit DE].&[Norovirus-Gastroenteritis]"
30.37,"LK Regensburg","[DeutschlandNodes].[Kreise71Web].[FedStateKey71].&[09].&[DE23].&[09375]",2020,1,"Norovirus","[KategorieNz].[Krankheit DE].&[Norovirus-Gastroenteritis]"
110.45,"LK Schwandorf","[DeutschlandNodes].[Kreise71Web].[FedStateKey71].&[09].&[DE23].&[09376]",2020,1,"Norovirus","[KategorieNz].[Krankheit DE].&[Norovirus-Gastroenteritis]"
57.19,"LK Tirschenreuth","[DeutschlandNodes].[Kreise71Web].[FedStateKey71].&[09].&[DE23].&[09377]",2020,1,"Norovirus","[KategorieNz].[Krankheit DE].&[Norovirus-Gastroenteritis]"
42.32,"SK Weiden i.d.OPf.","[DeutschlandNodes].[Kreise71Web].[FedStateKey71].&[09].&[DE23].&[09363]",2020,1,"Norovirus","[KategorieNz].[Krankheit DE].&[Norovirus-Gastroenteritis]"
50.36,"LK Aichach-Friedberg","[DeutschlandNodes].[Kreise71Web].[FedStateKey71].&[09].&[DE27].&[09771]",2020,1,"Norovirus","[KategorieNz].[Krankheit DE].&[Norovirus-Gastroenteritis]"
56.45,"SK Augsburg","[DeutschlandNodes].[Kreise71Web].[FedStateKey71].&[09].&[DE27].&[09761]",2020,1,"Norovirus","[KategorieNz].[Krankheit DE].&[Norovirus-Gastroenteritis]"
40.25,"LK Augsburg","[DeutschlandNodes].[Kreise71Web].[FedStateKey71].&[09].&[DE27].&[09772]",2020,1,"Norovirus","[KategorieNz].[Krankheit DE].&[Norovirus-Gastroenteritis]"
31.9,"LK Dillingen a.d.Donau","[DeutschlandNodes].[Kreise71Web].[FedStateKey71].&[09].&[DE27].&[09773]",2020,1,"Norovirus","[KategorieNz].[Krankheit DE].&[Norovirus-Gastroenteritis]"
47.65,"LK Donau-Ries","[DeutschlandNodes].[Kreise71Web].[FedStateKey71].&[09].&[DE27].&[09779]",2020,1,"Norovirus","[KategorieNz].[Krankheit DE].&[Norovirus-Gastroenteritis]"
97.38,"LK Günzburg","[DeutschlandNodes].[Kreise71Web].[FedStateKey71].&[09].&[DE27].&[09774]",2020,1,"Norovirus","[KategorieNz].[Krankheit DE].&[Norovirus-Gastroenteritis]"
60.45,"SK Kaufbeuren","[DeutschlandNodes].[Kreise71Web].[FedStateKey71].&[09].&[DE27].&[09762]",2020,1,"Norovirus","[KategorieNz].[Krankheit DE].&[Norovirus-Gastroenteritis]"
NA,"SK Kempten","[DeutschlandNodes].[Kreise71Web].[FedStateKey71].&[09].&[DE27].&[09763]",2020,1,"Norovirus","[KategorieNz].[Krankheit DE].&[Norovirus-Gastroenteritis]"
54.82,"LK Lindau","[DeutschlandNodes].[Kreise71Web].[FedStateKey71].&[09].&[DE27].&[09776]",2020,1,"Norovirus","[KategorieNz].[Krankheit DE].&[Norovirus-Gastroenteritis]"
27.05,"SK Memmingen","[DeutschlandNodes].[Kreise71Web].[FedStateKey71].&[09].&[DE27].&[09764]",2020,1,"Norovirus","[KategorieNz].[Krankheit DE].&[Norovirus-Gastroenteritis]"
27.87,"LK Neu-Ulm","[DeutschlandNodes].[Kreise71Web].[FedStateKey71].&[09].&[DE27].&[09775]",2020,1,"Norovirus","[KategorieNz].[Krankheit DE].&[Norovirus-Gastroenteritis]"
33.91,"LK Oberallgäu","[DeutschlandNodes].[Kreise71Web].[FedStateKey71].&[09].&[DE27].&[09780]",2020,1,"Norovirus","[KategorieNz].[Krankheit DE].&[Norovirus-Gastroenteritis]"
38.76,"LK Ostallgäu","[DeutschlandNodes].[Kreise71Web].[FedStateKey71].&[09].&[DE27].&[09777]",2020,1,"Norovirus","[KategorieNz].[Krankheit DE].&[Norovirus-Gastroenteritis]"
48.58,"LK Unterallgäu","[DeutschlandNodes].[Kreise71Web].[FedStateKey71].&[09].&[DE27].&[09778]",2020,1,"Norovirus","[KategorieNz].[Krankheit DE].&[Norovirus-Gastroenteritis]"
4.23,"SK Aschaffenburg","[DeutschlandNodes].[Kreise71Web].[FedStateKey71].&[09].&[DE26].&[09661]",2020,1,"Norovirus","[KategorieNz].[Krankheit DE].&[Norovirus-Gastroenteritis]"
8.59,"LK Aschaffenburg","[DeutschlandNodes].[Kreise71Web].[FedStateKey71].&[09].&[DE26].&[09671]",2020,1,"Norovirus","[KategorieNz].[Krankheit DE].&[Norovirus-Gastroenteritis]"
27.14,"LK Bad Kissingen","[DeutschlandNodes].[Kreise71Web].[FedStateKey71].&[09].&[DE26].&[09672]",2020,1,"Norovirus","[KategorieNz].[Krankheit DE].&[Norovirus-Gastroenteritis]"
43.9,"LK Haßberge","[DeutschlandNodes].[Kreise71Web].[FedStateKey71].&[09].&[DE26].&[09674]",2020,1,"Norovirus","[KategorieNz].[Krankheit DE].&[Norovirus-Gastroenteritis]"
51.26,"LK Kitzingen","[DeutschlandNodes].[Kreise71Web].[FedStateKey71].&[09].&[DE26].&[09675]",2020,1,"Norovirus","[KategorieNz].[Krankheit DE].&[Norovirus-Gastroenteritis]"
19.05,"LK Main-Spessart","[DeutschlandNodes].[Kreise71Web].[FedStateKey71].&[09].&[DE26].&[09677]",2020,1,"Norovirus","[KategorieNz].[Krankheit DE].&[Norovirus-Gastroenteritis]"
131.27,"LK Miltenberg","[DeutschlandNodes].[Kreise71Web].[FedStateKey71].&[09].&[DE26].&[09676]",2020,1,"Norovirus","[KategorieNz].[Krankheit DE].&[Norovirus-Gastroenteritis]"
138.35,"LK Rhön-Grabfeld","[DeutschlandNodes].[Kreise71Web].[FedStateKey71].&[09].&[DE26].&[09673]",2020,1,"Norovirus","[KategorieNz].[Krankheit DE].&[Norovirus-Gastroenteritis]"
26.26,"SK Schweinfurt","[DeutschlandNodes].[Kreise71Web].[FedStateKey71].&[09].&[DE26].&[09662]",2020,1,"Norovirus","[KategorieNz].[Krankheit DE].&[Norovirus-Gastroenteritis]"
19.89,"LK Schweinfurt","[DeutschlandNodes].[Kreise71Web].[FedStateKey71].&[09].&[DE26].&[09678]",2020,1,"Norovirus","[KategorieNz].[Krankheit DE].&[Norovirus-Gastroenteritis]"
36.23,"SK Würzburg","[DeutschlandNodes].[Kreise71Web].[FedStateKey71].&[09].&[DE26].&[09663]",2020,1,"Norovirus","[KategorieNz].[Krankheit DE].&[Norovirus-Gastroenteritis]"
20.9,"LK Würzburg","[DeutschlandNodes].[Kreise71Web].[FedStateKey71].&[09].&[DE26].&[09679]",2020,1,"Norovirus","[KategorieNz].[Krankheit DE].&[Norovirus-Gastroenteritis]"
38.58,"SK Berlin Charlottenburg-Wilmersdorf","[DeutschlandNodes].[Kreise71Web].[FedStateKey71].&[11].&[DE30].&[11004]",2020,1,"Norovirus","[KategorieNz].[Krankheit DE].&[Norovirus-Gastroenteritis]"
21.49,"SK Berlin Friedrichshain-Kreuzberg","[DeutschlandNodes].[Kreise71Web].[FedStateKey71].&[11].&[DE30].&[11002]",2020,1,"Norovirus","[KategorieNz].[Krankheit DE].&[Norovirus-Gastroenteritis]"
24.66,"SK Berlin Lichtenberg","[DeutschlandNodes].[Kreise71Web].[FedStateKey71].&[11].&[DE30].&[11011]",2020,1,"Norovirus","[KategorieNz].[Krankheit DE].&[Norovirus-Gastroenteritis]"
39.77,"SK Berlin Marzahn-Hellersdorf","[DeutschlandNodes].[Kreise71Web].[FedStateKey71].&[11].&[DE30].&[11010]",2020,1,"Norovirus","[KategorieNz].[Krankheit DE].&[Norovirus-Gastroenteritis]"
35.77,"SK Berlin Mitte","[DeutschlandNodes].[Kreise71Web].[FedStateKey71].&[11].&[DE30].&[11001]",2020,1,"Norovirus","[KategorieNz].[Krankheit DE].&[Norovirus-Gastroenteritis]"
65.93,"SK Berlin Neukölln","[DeutschlandNodes].[Kreise71Web].[FedStateKey71].&[11].&[DE30].&[11008]",2020,1,"Norovirus","[KategorieNz].[Krankheit DE].&[Norovirus-Gastroenteritis]"
84.12,"SK Berlin Pankow","[DeutschlandNodes].[Kreise71Web].[FedStateKey71].&[11].&[DE30].&[11003]",2020,1,"Norovirus","[KategorieNz].[Krankheit DE].&[Norovirus-Gastroenteritis]"
35.42,"SK Berlin Reinickendorf","[DeutschlandNodes].[Kreise71Web].[FedStateKey71].&[11].&[DE30].&[11012]",2020,1,"Norovirus","[KategorieNz].[Krankheit DE].&[Norovirus-Gastroenteritis]"
32.17,"SK Berlin Spandau","[DeutschlandNodes].[Kreise71Web].[FedStateKey71].&[11].&[DE30].&[11005]",2020,1,"Norovirus","[KategorieNz].[Krankheit DE].&[Norovirus-Gastroenteritis]"
118.87,"SK Berlin Steglitz-Zehlendorf","[DeutschlandNodes].[Kreise71Web].[FedStateKey71].&[11].&[DE30].&[11006]",2020,1,"Norovirus","[KategorieNz].[Krankheit DE].&[Norovirus-Gastroenteritis]"
61.53,"SK Berlin Tempelhof-Schöneberg","[DeutschlandNodes].[Kreise71Web].[FedStateKey71].&[11].&[DE30].&[11007]",2020,1,"Norovirus","[KategorieNz].[Krankheit DE].&[Norovirus-Gastroenteritis]"
138.83,"SK Berlin Treptow-Köpenick","[DeutschlandNodes].[Kreise71Web].[FedStateKey71].&[11].&[DE30].&[11009]",2020,1,"Norovirus","[KategorieNz].[Krankheit DE].&[Norovirus-Gastroenteritis]"
52.84,"LK Barnim","[DeutschlandNodes].[Kreise71Web].[FedStateKey71].&[12].&[DE40].&[12060]",2020,1,"Norovirus","[KategorieNz].[Krankheit DE].&[Norovirus-Gastroenteritis]"
48.58,"SK Brandenburg a.d.Havel","[DeutschlandNodes].[Kreise71Web].[FedStateKey71].&[12].&[DE40].&[12051]",2020,1,"Norovirus","[KategorieNz].[Krankheit DE].&[Norovirus-Gastroenteritis]"
53.7,"SK Cottbus","[DeutschlandNodes].[Kreise71Web].[FedStateKey71].&[12].&[DE40].&[12052]",2020,1,"Norovirus","[KategorieNz].[Krankheit DE].&[Norovirus-Gastroenteritis]"
80.78,"LK Dahme-Spreewald","[DeutschlandNodes].[Kreise71Web].[FedStateKey71].&[12].&[DE40].&[12061]",2020,1,"Norovirus","[KategorieNz].[Krankheit DE].&[Norovirus-Gastroenteritis]"
192.91,"LK Elbe-Elster","[DeutschlandNodes].[Kreise71Web].[FedStateKey71].&[12].&[DE40].&[12062]",2020,1,"Norovirus","[KategorieNz].[Krankheit DE].&[Norovirus-Gastroenteritis]"
445.5,"SK Frankfurt (Oder)","[DeutschlandNodes].[Kreise71Web].[FedStateKey71].&[12].&[DE40].&[12053]",2020,1,"Norovirus","[KategorieNz].[Krankheit DE].&[Norovirus-Gastroenteritis]"
19.43,"LK Havelland","[DeutschlandNodes].[Kreise71Web].[FedStateKey71].&[12].&[DE40].&[12063]",2020,1,"Norovirus","[KategorieNz].[Krankheit DE].&[Norovirus-Gastroenteritis]"
105.48,"LK Märkisch-Oderland","[DeutschlandNodes].[Kreise71Web].[FedStateKey71].&[12].&[DE40].&[12064]",2020,1,"Norovirus","[KategorieNz].[Krankheit DE].&[Norovirus-Gastroenteritis]"
56.01,"LK Oberhavel","[DeutschlandNodes].[Kreise71Web].[FedStateKey71].&[12].&[DE40].&[12065]",2020,1,"Norovirus","[KategorieNz].[Krankheit DE].&[Norovirus-Gastroenteritis]"
92.25,"LK Oberspreewald-Lausitz","[DeutschlandNodes].[Kreise71Web].[FedStateKey71].&[12].&[DE40].&[12066]",2020,1,"Norovirus","[KategorieNz].[Krankheit DE].&[Norovirus-Gastroenteritis]"
188.54,"LK Oder-Spree","[DeutschlandNodes].[Kreise71Web].[FedStateKey71].&[12].&[DE40].&[12067]",2020,1,"Norovirus","[KategorieNz].[Krankheit DE].&[Norovirus-Gastroenteritis]"
157.88,"LK Ostprignitz-Ruppin","[DeutschlandNodes].[Kreise71Web].[FedStateKey71].&[12].&[DE40].&[12068]",2020,1,"Norovirus","[KategorieNz].[Krankheit DE].&[Norovirus-Gastroenteritis]"
32.95,"SK Potsdam","[DeutschlandNodes].[Kreise71Web].[FedStateKey71].&[12].&[DE40].&[12054]",2020,1,"Norovirus","[KategorieNz].[Krankheit DE].&[Norovirus-Gastroenteritis]"
62.4,"LK Potsdam-Mittelmark","[DeutschlandNodes].[Kreise71Web].[FedStateKey71].&[12].&[DE40].&[12069]",2020,1,"Norovirus","[KategorieNz].[Krankheit DE].&[Norovirus-Gastroenteritis]"
122.21,"LK Prignitz","[DeutschlandNodes].[Kreise71Web].[FedStateKey71].&[12].&[DE40].&[12070]",2020,1,"Norovirus","[KategorieNz].[Krankheit DE].&[Norovirus-Gastroenteritis]"
108.84,"LK Spree-Neiße","[DeutschlandNodes].[Kreise71Web].[FedStateKey71].&[12].&[DE40].&[12071]",2020,1,"Norovirus","[KategorieNz].[Krankheit DE].&[Norovirus-Gastroenteritis]"
87.44,"LK Teltow-Fläming","[DeutschlandNodes].[Kreise71Web].[FedStateKey71].&[12].&[DE40].&[12072]",2020,1,"Norovirus","[KategorieNz].[Krankheit DE].&[Norovirus-Gastroenteritis]"
78.65,"LK Uckermark","[DeutschlandNodes].[Kreise71Web].[FedStateKey71].&[12].&[DE40].&[12073]",2020,1,"Norovirus","[KategorieNz].[Krankheit DE].&[Norovirus-Gastroenteritis]"
21.18,"SK Bremen","[DeutschlandNodes].[Kreise71Web].[FedStateKey71].&[04].&[DE50].&[04011]",2020,1,"Norovirus","[KategorieNz].[Krankheit DE].&[Norovirus-Gastroenteritis]"
79.26,"SK Bremerhaven","[DeutschlandNodes].[Kreise71Web].[FedStateKey71].&[04].&[DE50].&[04012]",2020,1,"Norovirus","[KategorieNz].[Krankheit DE].&[Norovirus-Gastroenteritis]"
33.14,"SK Hamburg","[DeutschlandNodes].[Kreise71Web].[FedStateKey71].&[02].&[DE60].&[02000]",2020,1,"Norovirus","[KategorieNz].[Krankheit DE].&[Norovirus-Gastroenteritis]"
27.67,"LK Bergstraße","[DeutschlandNodes].[Kreise71Web].[FedStateKey71].&[06].&[DE71].&[06431]",2020,1,"Norovirus","[KategorieNz].[Krankheit DE].&[Norovirus-Gastroenteritis]"
20.73,"SK Darmstadt","[DeutschlandNodes].[Kreise71Web].[FedStateKey71].&[06].&[DE71].&[06411]",2020,1,"Norovirus","[KategorieNz].[Krankheit DE].&[Norovirus-Gastroenteritis]"
22.84,"LK Darmstadt-Dieburg","[DeutschlandNodes].[Kreise71Web].[FedStateKey71].&[06].&[DE71].&[06432]",2020,1,"Norovirus","[KategorieNz].[Krankheit DE].&[Norovirus-Gastroenteritis]"
18.58,"SK Frankfurt am Main","[DeutschlandNodes].[Kreise71Web].[FedStateKey71].&[06].&[DE71].&[06412]",2020,1,"Norovirus","[KategorieNz].[Krankheit DE].&[Norovirus-Gastroenteritis]"
17.77,"LK Groß-Gerau","[DeutschlandNodes].[Kreise71Web].[FedStateKey71].&[06].&[DE71].&[06433]",2020,1,"Norovirus","[KategorieNz].[Krankheit DE].&[Norovirus-Gastroenteritis]"
16.86,"LK Hochtaunuskreis","[DeutschlandNodes].[Kreise71Web].[FedStateKey71].&[06].&[DE71].&[06434]",2020,1,"Norovirus","[KategorieNz].[Krankheit DE].&[Norovirus-Gastroenteritis]"
48.85,"LK Main-Kinzig-Kreis","[DeutschlandNodes].[Kreise71Web].[FedStateKey71].&[06].&[DE71].&[06435]",2020,1,"Norovirus","[KategorieNz].[Krankheit DE].&[Norovirus-Gastroenteritis]"
19.64,"LK Main-Taunus-Kreis","[DeutschlandNodes].[Kreise71Web].[FedStateKey71].&[06].&[DE71].&[06436]",2020,1,"Norovirus","[KategorieNz].[Krankheit DE].&[Norovirus-Gastroenteritis]"
27.91,"LK Odenwaldkreis","[DeutschlandNodes].[Kreise71Web].[FedStateKey71].&[06].&[DE71].&[06437]",2020,1,"Norovirus","[KategorieNz].[Krankheit DE].&[Norovirus-Gastroenteritis]"
77.16,"SK Offenbach","[DeutschlandNodes].[Kreise71Web].[FedStateKey71].&[06].&[DE71].&[06413]",2020,1,"Norovirus","[KategorieNz].[Krankheit DE].&[Norovirus-Gastroenteritis]"
33.38,"LK Offenbach","[DeutschlandNodes].[Kreise71Web].[FedStateKey71].&[06].&[DE71].&[06438]",2020,1,"Norovirus","[KategorieNz].[Krankheit DE].&[Norovirus-Gastroenteritis]"
24.01,"LK Rheingau-Taunus-Kreis","[DeutschlandNodes].[Kreise71Web].[FedStateKey71].&[06].&[DE71].&[06439]",2020,1,"Norovirus","[KategorieNz].[Krankheit DE].&[Norovirus-Gastroenteritis]"
37.7,"LK Wetteraukreis","[DeutschlandNodes].[Kreise71Web].[FedStateKey71].&[06].&[DE71].&[06440]",2020,1,"Norovirus","[KategorieNz].[Krankheit DE].&[Norovirus-Gastroenteritis]"
33.02,"SK Wiesbaden","[DeutschlandNodes].[Kreise71Web].[FedStateKey71].&[06].&[DE71].&[06414]",2020,1,"Norovirus","[KategorieNz].[Krankheit DE].&[Norovirus-Gastroenteritis]"
74.72,"LK Gießen","[DeutschlandNodes].[Kreise71Web].[FedStateKey71].&[06].&[DE72].&[06531]",2020,1,"Norovirus","[KategorieNz].[Krankheit DE].&[Norovirus-Gastroenteritis]"
43.02,"LK Lahn-Dill-Kreis","[DeutschlandNodes].[Kreise71Web].[FedStateKey71].&[06].&[DE72].&[06532]",2020,1,"Norovirus","[KategorieNz].[Krankheit DE].&[Norovirus-Gastroenteritis]"
85.9,"LK Limburg-Weilburg","[DeutschlandNodes].[Kreise71Web].[FedStateKey71].&[06].&[DE72].&[06533]",2020,1,"Norovirus","[KategorieNz].[Krankheit DE].&[Norovirus-Gastroenteritis]"
45.95,"LK Marburg-Biedenkopf","[DeutschlandNodes].[Kreise71Web].[FedStateKey71].&[06].&[DE72].&[06534]",2020,1,"Norovirus","[KategorieNz].[Krankheit DE].&[Norovirus-Gastroenteritis]"
38.86,"LK Vogelsbergkreis","[DeutschlandNodes].[Kreise71Web].[FedStateKey71].&[06].&[DE72].&[06535]",2020,1,"Norovirus","[KategorieNz].[Krankheit DE].&[Norovirus-Gastroenteritis]"
41.25,"LK Fulda","[DeutschlandNodes].[Kreise71Web].[FedStateKey71].&[06].&[DE73].&[06631]",2020,1,"Norovirus","[KategorieNz].[Krankheit DE].&[Norovirus-Gastroenteritis]"
41.56,"LK Hersfeld-Rotenburg","[DeutschlandNodes].[Kreise71Web].[FedStateKey71].&[06].&[DE73].&[06632]",2020,1,"Norovirus","[KategorieNz].[Krankheit DE].&[Norovirus-Gastroenteritis]"
26.86,"SK Kassel","[DeutschlandNodes].[Kreise71Web].[FedStateKey71].&[06].&[DE73].&[06611]",2020,1,"Norovirus","[KategorieNz].[Krankheit DE].&[Norovirus-Gastroenteritis]"
38.82,"LK Kassel","[DeutschlandNodes].[Kreise71Web].[FedStateKey71].&[06].&[DE73].&[06633]",2020,1,"Norovirus","[KategorieNz].[Krankheit DE].&[Norovirus-Gastroenteritis]"
25.58,"LK Schwalm-Eder-Kreis","[DeutschlandNodes].[Kreise71Web].[FedStateKey71].&[06].&[DE73].&[06634]",2020,1,"Norovirus","[KategorieNz].[Krankheit DE].&[Norovirus-Gastroenteritis]"
36.42,"LK Waldeck-Frankenberg","[DeutschlandNodes].[Kreise71Web].[FedStateKey71].&[06].&[DE73].&[06635]",2020,1,"Norovirus","[KategorieNz].[Krankheit DE].&[Norovirus-Gastroenteritis]"
53.98,"LK Werra-Meißner-Kreis","[DeutschlandNodes].[Kreise71Web].[FedStateKey71].&[06].&[DE73].&[06636]",2020,1,"Norovirus","[KategorieNz].[Krankheit DE].&[Norovirus-Gastroenteritis]"
92.05,"LK Ludwigslust-Parchim","[DeutschlandNodes].[Kreise71Web].[FedStateKey71].&[13].&[DE80].&[13076]",2020,1,"Norovirus","[KategorieNz].[Krankheit DE].&[Norovirus-Gastroenteritis]"
134.08,"LK Mecklenburgische Seenplatte","[DeutschlandNodes].[Kreise71Web].[FedStateKey71].&[13].&[DE80].&[13071]",2020,1,"Norovirus","[KategorieNz].[Krankheit DE].&[Norovirus-Gastroenteritis]"
188,"LK Nordwestmecklenburg","[DeutschlandNodes].[Kreise71Web].[FedStateKey71].&[13].&[DE80].&[13074]",2020,1,"Norovirus","[KategorieNz].[Krankheit DE].&[Norovirus-Gastroenteritis]"
93.27,"SK Rostock","[DeutschlandNodes].[Kreise71Web].[FedStateKey71].&[13].&[DE80].&[13003]",2020,1,"Norovirus","[KategorieNz].[Krankheit DE].&[Norovirus-Gastroenteritis]"
172.75,"LK Rostock","[DeutschlandNodes].[Kreise71Web].[FedStateKey71].&[13].&[DE80].&[13072]",2020,1,"Norovirus","[KategorieNz].[Krankheit DE].&[Norovirus-Gastroenteritis]"
103.55,"SK Schwerin","[DeutschlandNodes].[Kreise71Web].[FedStateKey71].&[13].&[DE80].&[13004]",2020,1,"Norovirus","[KategorieNz].[Krankheit DE].&[Norovirus-Gastroenteritis]"
136.57,"LK Vorpommern-Greifswald","[DeutschlandNodes].[Kreise71Web].[FedStateKey71].&[13].&[DE80].&[13075]",2020,1,"Norovirus","[KategorieNz].[Krankheit DE].&[Norovirus-Gastroenteritis]"
159.28,"LK Vorpommern-Rügen","[DeutschlandNodes].[Kreise71Web].[FedStateKey71].&[13].&[DE80].&[13073]",2020,1,"Norovirus","[KategorieNz].[Krankheit DE].&[Norovirus-Gastroenteritis]"
32.59,"SK Braunschweig","[DeutschlandNodes].[Kreise71Web].[FedStateKey71].&[03].&[DE91].&[03101]",2020,1,"Norovirus","[KategorieNz].[Krankheit DE].&[Norovirus-Gastroenteritis]"
30.47,"LK Gifhorn","[DeutschlandNodes].[Kreise71Web].[FedStateKey71].&[03].&[DE91].&[03151]",2020,1,"Norovirus","[KategorieNz].[Krankheit DE].&[Norovirus-Gastroenteritis]"
65.34,"LK Goslar","[DeutschlandNodes].[Kreise71Web].[FedStateKey71].&[03].&[DE91].&[03153]",2020,1,"Norovirus","[KategorieNz].[Krankheit DE].&[Norovirus-Gastroenteritis]"
63.91,"LK Göttingen","[DeutschlandNodes].[Kreise71Web].[FedStateKey71].&[03].&[DE91].&[03159]",2020,1,"Norovirus","[KategorieNz].[Krankheit DE].&[Norovirus-Gastroenteritis]"
31.69,"LK Helmstedt","[DeutschlandNodes].[Kreise71Web].[FedStateKey71].&[03].&[DE91].&[03154]",2020,1,"Norovirus","[KategorieNz].[Krankheit DE].&[Norovirus-Gastroenteritis]"
58.43,"LK Northeim","[DeutschlandNodes].[Kreise71Web].[FedStateKey71].&[03].&[DE91].&[03155]",2020,1,"Norovirus","[KategorieNz].[Krankheit DE].&[Norovirus-Gastroenteritis]"
50.06,"LK Peine","[DeutschlandNodes].[Kreise71Web].[FedStateKey71].&[03].&[DE91].&[03157]",2020,1,"Norovirus","[KategorieNz].[Krankheit DE].&[Norovirus-Gastroenteritis]"
39.47,"SK Salzgitter","[DeutschlandNodes].[Kreise71Web].[FedStateKey71].&[03].&[DE91].&[03102]",2020,1,"Norovirus","[KategorieNz].[Krankheit DE].&[Norovirus-Gastroenteritis]"
36.03,"LK Wolfenbüttel","[DeutschlandNodes].[Kreise71Web].[FedStateKey71].&[03].&[DE91].&[03158]",2020,1,"Norovirus","[KategorieNz].[Krankheit DE].&[Norovirus-Gastroenteritis]"
16.15,"SK Wolfsburg","[DeutschlandNodes].[Kreise71Web].[FedStateKey71].&[03].&[DE91].&[03103]",2020,1,"Norovirus","[KategorieNz].[Krankheit DE].&[Norovirus-Gastroenteritis]"
42.65,"LK Diepholz","[DeutschlandNodes].[Kreise71Web].[FedStateKey71].&[03].&[DE92].&[03251]",2020,1,"Norovirus","[KategorieNz].[Krankheit DE].&[Norovirus-Gastroenteritis]"
43.07,"LK Hameln-Pyrmont","[DeutschlandNodes].[Kreise71Web].[FedStateKey71].&[03].&[DE92].&[03252]",2020,1,"Norovirus","[KategorieNz].[Krankheit DE].&[Norovirus-Gastroenteritis]"
33.76,"Region Hannover","[DeutschlandNodes].[Kreise71Web].[FedStateKey71].&[03].&[DE92].&[03241]",2020,1,"Norovirus","[KategorieNz].[Krankheit DE].&[Norovirus-Gastroenteritis]"
62.08,"LK Hildesheim","[DeutschlandNodes].[Kreise71Web].[FedStateKey71].&[03].&[DE92].&[03254]",2020,1,"Norovirus","[KategorieNz].[Krankheit DE].&[Norovirus-Gastroenteritis]"
94.01,"LK Holzminden","[DeutschlandNodes].[Kreise71Web].[FedStateKey71].&[03].&[DE92].&[03255]",2020,1,"Norovirus","[KategorieNz].[Krankheit DE].&[Norovirus-Gastroenteritis]"
37.81,"LK Nienburg (Weser)","[DeutschlandNodes].[Kreise71Web].[FedStateKey71].&[03].&[DE92].&[03256]",2020,1,"Norovirus","[KategorieNz].[Krankheit DE].&[Norovirus-Gastroenteritis]"
56.18,"LK Schaumburg","[DeutschlandNodes].[Kreise71Web].[FedStateKey71].&[03].&[DE92].&[03257]",2020,1,"Norovirus","[KategorieNz].[Krankheit DE].&[Norovirus-Gastroenteritis]"
26.76,"LK Celle","[DeutschlandNodes].[Kreise71Web].[FedStateKey71].&[03].&[DE93].&[03351]",2020,1,"Norovirus","[KategorieNz].[Krankheit DE].&[Norovirus-Gastroenteritis]"
35.21,"LK Cuxhaven","[DeutschlandNodes].[Kreise71Web].[FedStateKey71].&[03].&[DE93].&[03352]",2020,1,"Norovirus","[KategorieNz].[Krankheit DE].&[Norovirus-Gastroenteritis]"
35.54,"LK Harburg","[DeutschlandNodes].[Kreise71Web].[FedStateKey71].&[03].&[DE93].&[03353]",2020,1,"Norovirus","[KategorieNz].[Krankheit DE].&[Norovirus-Gastroenteritis]"
38.33,"LK Heidekreis","[DeutschlandNodes].[Kreise71Web].[FedStateKey71].&[03].&[DE93].&[03358]",2020,1,"Norovirus","[KategorieNz].[Krankheit DE].&[Norovirus-Gastroenteritis]"
28.86,"LK Lüchow-Dannenberg","[DeutschlandNodes].[Kreise71Web].[FedStateKey71].&[03].&[DE93].&[03354]",2020,1,"Norovirus","[KategorieNz].[Krankheit DE].&[Norovirus-Gastroenteritis]"
29.85,"LK Lüneburg","[DeutschlandNodes].[Kreise71Web].[FedStateKey71].&[03].&[DE93].&[03355]",2020,1,"Norovirus","[KategorieNz].[Krankheit DE].&[Norovirus-Gastroenteritis]"
30.53,"LK Osterholz","[DeutschlandNodes].[Kreise71Web].[FedStateKey71].&[03].&[DE93].&[03356]",2020,1,"Norovirus","[KategorieNz].[Krankheit DE].&[Norovirus-Gastroenteritis]"
46.81,"LK Rotenburg (Wümme)","[DeutschlandNodes].[Kreise71Web].[FedStateKey71].&[03].&[DE93].&[03357]",2020,1,"Norovirus","[KategorieNz].[Krankheit DE].&[Norovirus-Gastroenteritis]"
25.32,"LK Stade","[DeutschlandNodes].[Kreise71Web].[FedStateKey71].&[03].&[DE93].&[03359]",2020,1,"Norovirus","[KategorieNz].[Krankheit DE].&[Norovirus-Gastroenteritis]"
23.77,"LK Uelzen","[DeutschlandNodes].[Kreise71Web].[FedStateKey71].&[03].&[DE93].&[03360]",2020,1,"Norovirus","[KategorieNz].[Krankheit DE].&[Norovirus-Gastroenteritis]"
20.35,"LK Verden","[DeutschlandNodes].[Kreise71Web].[FedStateKey71].&[03].&[DE93].&[03361]",2020,1,"Norovirus","[KategorieNz].[Krankheit DE].&[Norovirus-Gastroenteritis]"
23.08,"LK Ammerland","[DeutschlandNodes].[Kreise71Web].[FedStateKey71].&[03].&[DE94].&[03451]",2020,1,"Norovirus","[KategorieNz].[Krankheit DE].&[Norovirus-Gastroenteritis]"
46.27,"LK Aurich","[DeutschlandNodes].[Kreise71Web].[FedStateKey71].&[03].&[DE94].&[03452]",2020,1,"Norovirus","[KategorieNz].[Krankheit DE].&[Norovirus-Gastroenteritis]"
28.96,"LK Cloppenburg","[DeutschlandNodes].[Kreise71Web].[FedStateKey71].&[03].&[DE94].&[03453]",2020,1,"Norovirus","[KategorieNz].[Krankheit DE].&[Norovirus-Gastroenteritis]"
67.09,"SK Delmenhorst","[DeutschlandNodes].[Kreise71Web].[FedStateKey71].&[03].&[DE94].&[03401]",2020,1,"Norovirus","[KategorieNz].[Krankheit DE].&[Norovirus-Gastroenteritis]"
72.18,"SK Emden","[DeutschlandNodes].[Kreise71Web].[FedStateKey71].&[03].&[DE94].&[03402]",2020,1,"Norovirus","[KategorieNz].[Krankheit DE].&[Norovirus-Gastroenteritis]"
36.48,"LK Emsland","[DeutschlandNodes].[Kreise71Web].[FedStateKey71].&[03].&[DE94].&[03454]",2020,1,"Norovirus","[KategorieNz].[Krankheit DE].&[Norovirus-Gastroenteritis]"
58.6,"LK Friesland","[DeutschlandNodes].[Kreise71Web].[FedStateKey71].&[03].&[DE94].&[03455]",2020,1,"Norovirus","[KategorieNz].[Krankheit DE].&[Norovirus-Gastroenteritis]"
34.81,"LK Grafschaft Bentheim","[DeutschlandNodes].[Kreise71Web].[FedStateKey71].&[03].&[DE94].&[03456]",2020,1,"Norovirus","[KategorieNz].[Krankheit DE].&[Norovirus-Gastroenteritis]"
29.16,"LK Leer","[DeutschlandNodes].[Kreise71Web].[FedStateKey71].&[03].&[DE94].&[03457]",2020,1,"Norovirus","[KategorieNz].[Krankheit DE].&[Norovirus-Gastroenteritis]"
18.87,"SK Oldenburg","[DeutschlandNodes].[Kreise71Web].[FedStateKey71].&[03].&[DE94].&[03403]",2020,1,"Norovirus","[KategorieNz].[Krankheit DE].&[Norovirus-Gastroenteritis]"
16.73,"LK Oldenburg","[DeutschlandNodes].[Kreise71Web].[FedStateKey71].&[03].&[DE94].&[03458]",2020,1,"Norovirus","[KategorieNz].[Krankheit DE].&[Norovirus-Gastroenteritis]"
22.53,"SK Osnabrück","[DeutschlandNodes].[Kreise71Web].[FedStateKey71].&[03].&[DE94].&[03404]",2020,1,"Norovirus","[KategorieNz].[Krankheit DE].&[Norovirus-Gastroenteritis]"
23.65,"LK Osnabrück","[DeutschlandNodes].[Kreise71Web].[FedStateKey71].&[03].&[DE94].&[03459]",2020,1,"Norovirus","[KategorieNz].[Krankheit DE].&[Norovirus-Gastroenteritis]"
23.66,"LK Vechta","[DeutschlandNodes].[Kreise71Web].[FedStateKey71].&[03].&[DE94].&[03460]",2020,1,"Norovirus","[KategorieNz].[Krankheit DE].&[Norovirus-Gastroenteritis]"
74.56,"LK Wesermarsch","[DeutschlandNodes].[Kreise71Web].[FedStateKey71].&[03].&[DE94].&[03461]",2020,1,"Norovirus","[KategorieNz].[Krankheit DE].&[Norovirus-Gastroenteritis]"
49.21,"SK Wilhelmshaven","[DeutschlandNodes].[Kreise71Web].[FedStateKey71].&[03].&[DE94].&[03405]",2020,1,"Norovirus","[KategorieNz].[Krankheit DE].&[Norovirus-Gastroenteritis]"
55.76,"LK Wittmund","[DeutschlandNodes].[Kreise71Web].[FedStateKey71].&[03].&[DE94].&[03462]",2020,1,"Norovirus","[KategorieNz].[Krankheit DE].&[Norovirus-Gastroenteritis]"
35.12,"SK Bochum","[DeutschlandNodes].[Kreise71Web].[FedStateKey71].&[05].&[DEA5].&[05911]",2020,1,"Norovirus","[KategorieNz].[Krankheit DE].&[Norovirus-Gastroenteritis]"
58.02,"SK Dortmund","[DeutschlandNodes].[Kreise71Web].[FedStateKey71].&[05].&[DEA5].&[05913]",2020,1,"Norovirus","[KategorieNz].[Krankheit DE].&[Norovirus-Gastroenteritis]"
57.56,"LK Ennepe-Ruhr-Kreis","[DeutschlandNodes].[Kreise71Web].[FedStateKey71].&[05].&[DEA5].&[05954]",2020,1,"Norovirus","[KategorieNz].[Krankheit DE].&[Norovirus-Gastroenteritis]"
70.49,"SK Hagen","[DeutschlandNodes].[Kreise71Web].[FedStateKey71].&[05].&[DEA5].&[05914]",2020,1,"Norovirus","[KategorieNz].[Krankheit DE].&[Norovirus-Gastroenteritis]"
48.05,"SK Hamm","[DeutschlandNodes].[Kreise71Web].[FedStateKey71].&[05].&[DEA5].&[05915]",2020,1,"Norovirus","[KategorieNz].[Krankheit DE].&[Norovirus-Gastroenteritis]"
53.52,"SK Herne","[DeutschlandNodes].[Kreise71Web].[FedStateKey71].&[05].&[DEA5].&[05916]",2020,1,"Norovirus","[KategorieNz].[Krankheit DE].&[Norovirus-Gastroenteritis]"
47.87,"LK Hochsauerlandkreis","[DeutschlandNodes].[Kreise71Web].[FedStateKey71].&[05].&[DEA5].&[05958]",2020,1,"Norovirus","[KategorieNz].[Krankheit DE].&[Norovirus-Gastroenteritis]"
32.79,"LK Märkischer Kreis","[DeutschlandNodes].[Kreise71Web].[FedStateKey71].&[05].&[DEA5].&[05962]",2020,1,"Norovirus","[KategorieNz].[Krankheit DE].&[Norovirus-Gastroenteritis]"
22.5,"LK Olpe","[DeutschlandNodes].[Kreise71Web].[FedStateKey71].&[05].&[DEA5].&[05966]",2020,1,"Norovirus","[KategorieNz].[Krankheit DE].&[Norovirus-Gastroenteritis]"
80.58,"LK Siegen-Wittgenstein","[DeutschlandNodes].[Kreise71Web].[FedStateKey71].&[05].&[DEA5].&[05970]",2020,1,"Norovirus","[KategorieNz].[Krankheit DE].&[Norovirus-Gastroenteritis]"
160.12,"LK Soest","[DeutschlandNodes].[Kreise71Web].[FedStateKey71].&[05].&[DEA5].&[05974]",2020,1,"Norovirus","[KategorieNz].[Krankheit DE].&[Norovirus-Gastroenteritis]"
59.19,"LK Unna","[DeutschlandNodes].[Kreise71Web].[FedStateKey71].&[05].&[DEA5].&[05978]",2020,1,"Norovirus","[KategorieNz].[Krankheit DE].&[Norovirus-Gastroenteritis]"
26.99,"SK Bielefeld","[DeutschlandNodes].[Kreise71Web].[FedStateKey71].&[05].&[DEA4].&[05711]",2020,1,"Norovirus","[KategorieNz].[Krankheit DE].&[Norovirus-Gastroenteritis]"
26.04,"LK Gütersloh","[DeutschlandNodes].[Kreise71Web].[FedStateKey71].&[05].&[DEA4].&[05754]",2020,1,"Norovirus","[KategorieNz].[Krankheit DE].&[Norovirus-Gastroenteritis]"
45.5,"LK Herford","[DeutschlandNodes].[Kreise71Web].[FedStateKey71].&[05].&[DEA4].&[05758]",2020,1,"Norovirus","[KategorieNz].[Krankheit DE].&[Norovirus-Gastroenteritis]"
68.7,"LK Höxter","[DeutschlandNodes].[Kreise71Web].[FedStateKey71].&[05].&[DEA4].&[05762]",2020,1,"Norovirus","[KategorieNz].[Krankheit DE].&[Norovirus-Gastroenteritis]"
44.1,"LK Lippe","[DeutschlandNodes].[Kreise71Web].[FedStateKey71].&[05].&[DEA4].&[05766]",2020,1,"Norovirus","[KategorieNz].[Krankheit DE].&[Norovirus-Gastroenteritis]"
42.87,"LK Minden-Lübbecke","[DeutschlandNodes].[Kreise71Web].[FedStateKey71].&[05].&[DEA4].&[05770]",2020,1,"Norovirus","[KategorieNz].[Krankheit DE].&[Norovirus-Gastroenteritis]"
35.68,"LK Paderborn","[DeutschlandNodes].[Kreise71Web].[FedStateKey71].&[05].&[DEA4].&[05774]",2020,1,"Norovirus","[KategorieNz].[Krankheit DE].&[Norovirus-Gastroenteritis]"
29.64,"SK Duisburg","[DeutschlandNodes].[Kreise71Web].[FedStateKey71].&[05].&[DEA1].&[05112]",2020,1,"Norovirus","[KategorieNz].[Krankheit DE].&[Norovirus-Gastroenteritis]"
31.43,"SK Düsseldorf","[DeutschlandNodes].[Kreise71Web].[FedStateKey71].&[05].&[DEA1].&[05111]",2020,1,"Norovirus","[KategorieNz].[Krankheit DE].&[Norovirus-Gastroenteritis]"
22.49,"SK Essen","[DeutschlandNodes].[Kreise71Web].[FedStateKey71].&[05].&[DEA1].&[05113]",2020,1,"Norovirus","[KategorieNz].[Krankheit DE].&[Norovirus-Gastroenteritis]"
23.28,"LK Kleve","[DeutschlandNodes].[Kreise71Web].[FedStateKey71].&[05].&[DEA1].&[05154]",2020,1,"Norovirus","[KategorieNz].[Krankheit DE].&[Norovirus-Gastroenteritis]"
32.18,"SK Krefeld","[DeutschlandNodes].[Kreise71Web].[FedStateKey71].&[05].&[DEA1].&[05114]",2020,1,"Norovirus","[KategorieNz].[Krankheit DE].&[Norovirus-Gastroenteritis]"
66.28,"LK Mettmann","[DeutschlandNodes].[Kreise71Web].[FedStateKey71].&[05].&[DEA1].&[05158]",2020,1,"Norovirus","[KategorieNz].[Krankheit DE].&[Norovirus-Gastroenteritis]"
28.5,"SK Mönchengladbach","[DeutschlandNodes].[Kreise71Web].[FedStateKey71].&[05].&[DEA1].&[05116]",2020,1,"Norovirus","[KategorieNz].[Krankheit DE].&[Norovirus-Gastroenteritis]"
34.52,"SK Mülheim a.d.Ruhr","[DeutschlandNodes].[Kreise71Web].[FedStateKey71].&[05].&[DEA1].&[05117]",2020,1,"Norovirus","[KategorieNz].[Krankheit DE].&[Norovirus-Gastroenteritis]"
53.44,"SK Oberhausen","[DeutschlandNodes].[Kreise71Web].[FedStateKey71].&[05].&[DEA1].&[05119]",2020,1,"Norovirus","[KategorieNz].[Krankheit DE].&[Norovirus-Gastroenteritis]"
71.74,"SK Remscheid","[DeutschlandNodes].[Kreise71Web].[FedStateKey71].&[05].&[DEA1].&[05120]",2020,1,"Norovirus","[KategorieNz].[Krankheit DE].&[Norovirus-Gastroenteritis]"
25,"LK Rhein-Kreis Neuss","[DeutschlandNodes].[Kreise71Web].[FedStateKey71].&[05].&[DEA1].&[05162]",2020,1,"Norovirus","[KategorieNz].[Krankheit DE].&[Norovirus-Gastroenteritis]"
28.9,"SK Solingen","[DeutschlandNodes].[Kreise71Web].[FedStateKey71].&[05].&[DEA1].&[05122]",2020,1,"Norovirus","[KategorieNz].[Krankheit DE].&[Norovirus-Gastroenteritis]"
20.77,"LK Viersen","[DeutschlandNodes].[Kreise71Web].[FedStateKey71].&[05].&[DEA1].&[05166]",2020,1,"Norovirus","[KategorieNz].[Krankheit DE].&[Norovirus-Gastroenteritis]"
33.47,"LK Wesel","[DeutschlandNodes].[Kreise71Web].[FedStateKey71].&[05].&[DEA1].&[05170]",2020,1,"Norovirus","[KategorieNz].[Krankheit DE].&[Norovirus-Gastroenteritis]"
40.56,"SK Wuppertal","[DeutschlandNodes].[Kreise71Web].[FedStateKey71].&[05].&[DEA1].&[05124]",2020,1,"Norovirus","[KategorieNz].[Krankheit DE].&[Norovirus-Gastroenteritis]"
25.69,"StädteRegion Aachen","[DeutschlandNodes].[Kreise71Web].[FedStateKey71].&[05].&[DEA2].&[05334]",2020,1,"Norovirus","[KategorieNz].[Krankheit DE].&[Norovirus-Gastroenteritis]"
21.78,"SK Bonn","[DeutschlandNodes].[Kreise71Web].[FedStateKey71].&[05].&[DEA2].&[05314]",2020,1,"Norovirus","[KategorieNz].[Krankheit DE].&[Norovirus-Gastroenteritis]"
61.85,"LK Düren","[DeutschlandNodes].[Kreise71Web].[FedStateKey71].&[05].&[DEA2].&[05358]",2020,1,"Norovirus","[KategorieNz].[Krankheit DE].&[Norovirus-Gastroenteritis]"
63.28,"LK Euskirchen","[DeutschlandNodes].[Kreise71Web].[FedStateKey71].&[05].&[DEA2].&[05366]",2020,1,"Norovirus","[KategorieNz].[Krankheit DE].&[Norovirus-Gastroenteritis]"
26.9,"LK Heinsberg","[DeutschlandNodes].[Kreise71Web].[FedStateKey71].&[05].&[DEA2].&[05370]",2020,1,"Norovirus","[KategorieNz].[Krankheit DE].&[Norovirus-Gastroenteritis]"
20.58,"SK Köln","[DeutschlandNodes].[Kreise71Web].[FedStateKey71].&[05].&[DEA2].&[05315]",2020,1,"Norovirus","[KategorieNz].[Krankheit DE].&[Norovirus-Gastroenteritis]"
33.56,"SK Leverkusen","[DeutschlandNodes].[Kreise71Web].[FedStateKey71].&[05].&[DEA2].&[05316]",2020,1,"Norovirus","[KategorieNz].[Krankheit DE].&[Norovirus-Gastroenteritis]"
92.01,"LK Oberbergischer Kreis","[DeutschlandNodes].[Kreise71Web].[FedStateKey71].&[05].&[DEA2].&[05374]",2020,1,"Norovirus","[KategorieNz].[Krankheit DE].&[Norovirus-Gastroenteritis]"
18.31,"LK Rhein-Erft-Kreis","[DeutschlandNodes].[Kreise71Web].[FedStateKey71].&[05].&[DEA2].&[05362]",2020,1,"Norovirus","[KategorieNz].[Krankheit DE].&[Norovirus-Gastroenteritis]"
16.24,"LK Rheinisch-Bergischer Kreis","[DeutschlandNodes].[Kreise71Web].[FedStateKey71].&[05].&[DEA2].&[05378]",2020,1,"Norovirus","[KategorieNz].[Krankheit DE].&[Norovirus-Gastroenteritis]"
23.65,"LK Rhein-Sieg-Kreis","[DeutschlandNodes].[Kreise71Web].[FedStateKey71].&[05].&[DEA2].&[05382]",2020,1,"Norovirus","[KategorieNz].[Krankheit DE].&[Norovirus-Gastroenteritis]"
57.81,"LK Borken","[DeutschlandNodes].[Kreise71Web].[FedStateKey71].&[05].&[DEA3].&[05554]",2020,1,"Norovirus","[KategorieNz].[Krankheit DE].&[Norovirus-Gastroenteritis]"
74.11,"SK Bottrop","[DeutschlandNodes].[Kreise71Web].[FedStateKey71].&[05].&[DEA3].&[05512]",2020,1,"Norovirus","[KategorieNz].[Krankheit DE].&[Norovirus-Gastroenteritis]"
52.56,"LK Coesfeld","[DeutschlandNodes].[Kreise71Web].[FedStateKey71].&[05].&[DEA3].&[05558]",2020,1,"Norovirus","[KategorieNz].[Krankheit DE].&[Norovirus-Gastroenteritis]"
59.44,"SK Gelsenkirchen","[DeutschlandNodes].[Kreise71Web].[FedStateKey71].&[05].&[DEA3].&[05513]",2020,1,"Norovirus","[KategorieNz].[Krankheit DE].&[Norovirus-Gastroenteritis]"
31.61,"SK Münster","[DeutschlandNodes].[Kreise71Web].[FedStateKey71].&[05].&[DEA3].&[05515]",2020,1,"Norovirus","[KategorieNz].[Krankheit DE].&[Norovirus-Gastroenteritis]"
50.85,"LK Recklinghausen","[DeutschlandNodes].[Kreise71Web].[FedStateKey71].&[05].&[DEA3].&[05562]",2020,1,"Norovirus","[KategorieNz].[Krankheit DE].&[Norovirus-Gastroenteritis]"
22.31,"LK Steinfurt","[DeutschlandNodes].[Kreise71Web].[FedStateKey71].&[05].&[DEA3].&[05566]",2020,1,"Norovirus","[KategorieNz].[Krankheit DE].&[Norovirus-Gastroenteritis]"
43.26,"LK Warendorf","[DeutschlandNodes].[Kreise71Web].[FedStateKey71].&[05].&[DEA3].&[05570]",2020,1,"Norovirus","[KategorieNz].[Krankheit DE].&[Norovirus-Gastroenteritis]"
16.09,"LK Ahrweiler","[DeutschlandNodes].[Kreise71Web].[FedStateKey71].&[07].&[DEB1].&[07131]",2020,1,"Norovirus","[KategorieNz].[Krankheit DE].&[Norovirus-Gastroenteritis]"
87.54,"LK Altenkirchen","[DeutschlandNodes].[Kreise71Web].[FedStateKey71].&[07].&[DEB1].&[07132]",2020,1,"Norovirus","[KategorieNz].[Krankheit DE].&[Norovirus-Gastroenteritis]"
64.25,"LK Bad Kreuznach","[DeutschlandNodes].[Kreise71Web].[FedStateKey71].&[07].&[DEB1].&[07133]",2020,1,"Norovirus","[KategorieNz].[Krankheit DE].&[Norovirus-Gastroenteritis]"
87.84,"LK Birkenfeld","[DeutschlandNodes].[Kreise71Web].[FedStateKey71].&[07].&[DEB1].&[07134]",2020,1,"Norovirus","[KategorieNz].[Krankheit DE].&[Norovirus-Gastroenteritis]"
220.86,"LK Cochem-Zell","[DeutschlandNodes].[Kreise71Web].[FedStateKey71].&[07].&[DEB1].&[07135]",2020,1,"Norovirus","[KategorieNz].[Krankheit DE].&[Norovirus-Gastroenteritis]"
22.93,"SK Koblenz","[DeutschlandNodes].[Kreise71Web].[FedStateKey71].&[07].&[DEB1].&[07111]",2020,1,"Norovirus","[KategorieNz].[Krankheit DE].&[Norovirus-Gastroenteritis]"
40.97,"LK Mayen-Koblenz","[DeutschlandNodes].[Kreise71Web].[FedStateKey71].&[07].&[DEB1].&[07137]",2020,1,"Norovirus","[KategorieNz].[Krankheit DE].&[Norovirus-Gastroenteritis]"
15.84,"LK Neuwied","[DeutschlandNodes].[Kreise71Web].[FedStateKey71].&[07].&[DEB1].&[07138]",2020,1,"Norovirus","[KategorieNz].[Krankheit DE].&[Norovirus-Gastroenteritis]"
19.34,"LK Rhein-Hunsrück-Kreis","[DeutschlandNodes].[Kreise71Web].[FedStateKey71].&[07].&[DEB1].&[07140]",2020,1,"Norovirus","[KategorieNz].[Krankheit DE].&[Norovirus-Gastroenteritis]"
37.53,"LK Rhein-Lahn-Kreis","[DeutschlandNodes].[Kreise71Web].[FedStateKey71].&[07].&[DEB1].&[07141]",2020,1,"Norovirus","[KategorieNz].[Krankheit DE].&[Norovirus-Gastroenteritis]"
90.72,"LK Westerwaldkreis","[DeutschlandNodes].[Kreise71Web].[FedStateKey71].&[07].&[DEB1].&[07143]",2020,1,"Norovirus","[KategorieNz].[Krankheit DE].&[Norovirus-Gastroenteritis]"
120.87,"LK Alzey-Worms","[DeutschlandNodes].[Kreise71Web].[FedStateKey71].&[07].&[DEB3].&[07331]",2020,1,"Norovirus","[KategorieNz].[Krankheit DE].&[Norovirus-Gastroenteritis]"
57.14,"LK Bad Dürkheim","[DeutschlandNodes].[Kreise71Web].[FedStateKey71].&[07].&[DEB3].&[07332]",2020,1,"Norovirus","[KategorieNz].[Krankheit DE].&[Norovirus-Gastroenteritis]"
70.16,"LK Donnersbergkreis","[DeutschlandNodes].[Kreise71Web].[FedStateKey71].&[07].&[DEB3].&[07333]",2020,1,"Norovirus","[KategorieNz].[Krankheit DE].&[Norovirus-Gastroenteritis]"
80,"SK Frankenthal","[DeutschlandNodes].[Kreise71Web].[FedStateKey71].&[07].&[DEB3].&[07311]",2020,1,"Norovirus","[KategorieNz].[Krankheit DE].&[Norovirus-Gastroenteritis]"
34.88,"LK Germersheim","[DeutschlandNodes].[Kreise71Web].[FedStateKey71].&[07].&[DEB3].&[07334]",2020,1,"Norovirus","[KategorieNz].[Krankheit DE].&[Norovirus-Gastroenteritis]"
34.12,"SK Kaiserslautern","[DeutschlandNodes].[Kreise71Web].[FedStateKey71].&[07].&[DEB3].&[07312]",2020,1,"Norovirus","[KategorieNz].[Krankheit DE].&[Norovirus-Gastroenteritis]"
32.92,"LK Kaiserslautern","[DeutschlandNodes].[Kreise71Web].[FedStateKey71].&[07].&[DEB3].&[07335]",2020,1,"Norovirus","[KategorieNz].[Krankheit DE].&[Norovirus-Gastroenteritis]"
84.16,"LK Kusel","[DeutschlandNodes].[Kreise71Web].[FedStateKey71].&[07].&[DEB3].&[07336]",2020,1,"Norovirus","[KategorieNz].[Krankheit DE].&[Norovirus-Gastroenteritis]"
21.42,"SK Landau i.d.Pfalz","[DeutschlandNodes].[Kreise71Web].[FedStateKey71].&[07].&[DEB3].&[07313]",2020,1,"Norovirus","[KategorieNz].[Krankheit DE].&[Norovirus-Gastroenteritis]"
53.32,"SK Ludwigshafen","[DeutschlandNodes].[Kreise71Web].[FedStateKey71].&[07].&[DEB3].&[07314]",2020,1,"Norovirus","[KategorieNz].[Krankheit DE].&[Norovirus-Gastroenteritis]"
7.37,"SK Mainz","[DeutschlandNodes].[Kreise71Web].[FedStateKey71].&[07].&[DEB3].&[07315]",2020,1,"Norovirus","[KategorieNz].[Krankheit DE].&[Norovirus-Gastroenteritis]"
30.26,"LK Mainz-Bingen","[DeutschlandNodes].[Kreise71Web].[FedStateKey71].&[07].&[DEB3].&[07339]",2020,1,"Norovirus","[KategorieNz].[Krankheit DE].&[Norovirus-Gastroenteritis]"
15.01,"SK Neustadt a.d.Weinstraße","[DeutschlandNodes].[Kreise71Web].[FedStateKey71].&[07].&[DEB3].&[07316]",2020,1,"Norovirus","[KategorieNz].[Krankheit DE].&[Norovirus-Gastroenteritis]"
19.91,"SK Pirmasens","[DeutschlandNodes].[Kreise71Web].[FedStateKey71].&[07].&[DEB3].&[07317]",2020,1,"Norovirus","[KategorieNz].[Krankheit DE].&[Norovirus-Gastroenteritis]"
35.54,"LK Rhein-Pfalz-Kreis","[DeutschlandNodes].[Kreise71Web].[FedStateKey71].&[07].&[DEB3].&[07338]",2020,1,"Norovirus","[KategorieNz].[Krankheit DE].&[Norovirus-Gastroenteritis]"
37.45,"SK Speyer","[DeutschlandNodes].[Kreise71Web].[FedStateKey71].&[07].&[DEB3].&[07318]",2020,1,"Norovirus","[KategorieNz].[Krankheit DE].&[Norovirus-Gastroenteritis]"
35.2,"LK Südliche Weinstraße","[DeutschlandNodes].[Kreise71Web].[FedStateKey71].&[07].&[DEB3].&[07337]",2020,1,"Norovirus","[KategorieNz].[Krankheit DE].&[Norovirus-Gastroenteritis]"
38.98,"LK Südwestpfalz","[DeutschlandNodes].[Kreise71Web].[FedStateKey71].&[07].&[DEB3].&[07340]",2020,1,"Norovirus","[KategorieNz].[Krankheit DE].&[Norovirus-Gastroenteritis]"
11.98,"SK Worms","[DeutschlandNodes].[Kreise71Web].[FedStateKey71].&[07].&[DEB3].&[07319]",2020,1,"Norovirus","[KategorieNz].[Krankheit DE].&[Norovirus-Gastroenteritis]"
11.76,"SK Zweibrücken","[DeutschlandNodes].[Kreise71Web].[FedStateKey71].&[07].&[DEB3].&[07320]",2020,1,"Norovirus","[KategorieNz].[Krankheit DE].&[Norovirus-Gastroenteritis]"
46.15,"LK Bernkastel-Wittlich","[DeutschlandNodes].[Kreise71Web].[FedStateKey71].&[07].&[DEB2].&[07231]",2020,1,"Norovirus","[KategorieNz].[Krankheit DE].&[Norovirus-Gastroenteritis]"
124.93,"LK Bitburg-Prüm","[DeutschlandNodes].[Kreise71Web].[FedStateKey71].&[07].&[DEB2].&[07232]",2020,1,"Norovirus","[KategorieNz].[Krankheit DE].&[Norovirus-Gastroenteritis]"
17.17,"SK Trier","[DeutschlandNodes].[Kreise71Web].[FedStateKey71].&[07].&[DEB2].&[07211]",2020,1,"Norovirus","[KategorieNz].[Krankheit DE].&[Norovirus-Gastroenteritis]"
25.91,"LK Trier-Saarburg","[DeutschlandNodes].[Kreise71Web].[FedStateKey71].&[07].&[DEB2].&[07235]",2020,1,"Norovirus","[KategorieNz].[Krankheit DE].&[Norovirus-Gastroenteritis]"
21.49,"LK Vulkaneifel","[DeutschlandNodes].[Kreise71Web].[FedStateKey71].&[07].&[DEB2].&[07233]",2020,1,"Norovirus","[KategorieNz].[Krankheit DE].&[Norovirus-Gastroenteritis]"
78.28,"LK Merzig-Wadern","[DeutschlandNodes].[Kreise71Web].[FedStateKey71].&[10].&[DEC0].&[10042]",2020,1,"Norovirus","[KategorieNz].[Krankheit DE].&[Norovirus-Gastroenteritis]"
17.53,"LK Neunkirchen","[DeutschlandNodes].[Kreise71Web].[FedStateKey71].&[10].&[DEC0].&[10043]",2020,1,"Norovirus","[KategorieNz].[Krankheit DE].&[Norovirus-Gastroenteritis]"
64.52,"LK Saarlouis","[DeutschlandNodes].[Kreise71Web].[FedStateKey71].&[10].&[DEC0].&[10044]",2020,1,"Norovirus","[KategorieNz].[Krankheit DE].&[Norovirus-Gastroenteritis]"
21.18,"LK Saarpfalz-Kreis","[DeutschlandNodes].[Kreise71Web].[FedStateKey71].&[10].&[DEC0].&[10045]",2020,1,"Norovirus","[KategorieNz].[Krankheit DE].&[Norovirus-Gastroenteritis]"
62.46,"LK Sankt Wendel","[DeutschlandNodes].[Kreise71Web].[FedStateKey71].&[10].&[DEC0].&[10046]",2020,1,"Norovirus","[KategorieNz].[Krankheit DE].&[Norovirus-Gastroenteritis]"
37.25,"LK Stadtverband Saarbrücken","[DeutschlandNodes].[Kreise71Web].[FedStateKey71].&[10].&[DEC0].&[10041]",2020,1,"Norovirus","[KategorieNz].[Krankheit DE].&[Norovirus-Gastroenteritis]"
92.06,"SK Chemnitz","[DeutschlandNodes].[Kreise71Web].[FedStateKey71].&[14].&[DED4].&[14511]",2020,1,"Norovirus","[KategorieNz].[Krankheit DE].&[Norovirus-Gastroenteritis]"
76.53,"LK Erzgebirgskreis","[DeutschlandNodes].[Kreise71Web].[FedStateKey71].&[14].&[DED4].&[14521]",2020,1,"Norovirus","[KategorieNz].[Krankheit DE].&[Norovirus-Gastroenteritis]"
81.6,"LK Mittelsachsen","[DeutschlandNodes].[Kreise71Web].[FedStateKey71].&[14].&[DED4].&[14522]",2020,1,"Norovirus","[KategorieNz].[Krankheit DE].&[Norovirus-Gastroenteritis]"
92.45,"LK Vogtlandkreis","[DeutschlandNodes].[Kreise71Web].[FedStateKey71].&[14].&[DED4].&[14523]",2020,1,"Norovirus","[KategorieNz].[Krankheit DE].&[Norovirus-Gastroenteritis]"
93.58,"LK Zwickau","[DeutschlandNodes].[Kreise71Web].[FedStateKey71].&[14].&[DED4].&[14524]",2020,1,"Norovirus","[KategorieNz].[Krankheit DE].&[Norovirus-Gastroenteritis]"
112.75,"LK Bautzen","[DeutschlandNodes].[Kreise71Web].[FedStateKey71].&[14].&[DED2].&[14625]",2020,1,"Norovirus","[KategorieNz].[Krankheit DE].&[Norovirus-Gastroenteritis]"
56.63,"SK Dresden","[DeutschlandNodes].[Kreise71Web].[FedStateKey71].&[14].&[DED2].&[14612]",2020,1,"Norovirus","[KategorieNz].[Krankheit DE].&[Norovirus-Gastroenteritis]"
138.49,"LK Görlitz","[DeutschlandNodes].[Kreise71Web].[FedStateKey71].&[14].&[DED2].&[14626]",2020,1,"Norovirus","[KategorieNz].[Krankheit DE].&[Norovirus-Gastroenteritis]"
66.98,"LK Meißen","[DeutschlandNodes].[Kreise71Web].[FedStateKey71].&[14].&[DED2].&[14627]",2020,1,"Norovirus","[KategorieNz].[Krankheit DE].&[Norovirus-Gastroenteritis]"
134.85,"LK Sächsische Schweiz-Osterzgebirge","[DeutschlandNodes].[Kreise71Web].[FedStateKey71].&[14].&[DED2].&[14628]",2020,1,"Norovirus","[KategorieNz].[Krankheit DE].&[Norovirus-Gastroenteritis]"
48.87,"SK Leipzig","[DeutschlandNodes].[Kreise71Web].[FedStateKey71].&[14].&[DED5].&[14713]",2020,1,"Norovirus","[KategorieNz].[Krankheit DE].&[Norovirus-Gastroenteritis]"
113.01,"LK Leipzig","[DeutschlandNodes].[Kreise71Web].[FedStateKey71].&[14].&[DED5].&[14729]",2020,1,"Norovirus","[KategorieNz].[Krankheit DE].&[Norovirus-Gastroenteritis]"
92.68,"LK Nordsachsen","[DeutschlandNodes].[Kreise71Web].[FedStateKey71].&[14].&[DED5].&[14730]",2020,1,"Norovirus","[KategorieNz].[Krankheit DE].&[Norovirus-Gastroenteritis]"
154.8,"LK Altmarkkreis Salzwedel","[DeutschlandNodes].[Kreise71Web].[FedStateKey71].&[15].&[DEE0].&[15081]",2020,1,"Norovirus","[KategorieNz].[Krankheit DE].&[Norovirus-Gastroenteritis]"
119.58,"LK Anhalt-Bitterfeld","[DeutschlandNodes].[Kreise71Web].[FedStateKey71].&[15].&[DEE0].&[15082]",2020,1,"Norovirus","[KategorieNz].[Krankheit DE].&[Norovirus-Gastroenteritis]"
105.53,"LK Börde","[DeutschlandNodes].[Kreise71Web].[FedStateKey71].&[15].&[DEE0].&[15083]",2020,1,"Norovirus","[KategorieNz].[Krankheit DE].&[Norovirus-Gastroenteritis]"
87.84,"LK Burgenlandkreis","[DeutschlandNodes].[Kreise71Web].[FedStateKey71].&[15].&[DEE0].&[15084]",2020,1,"Norovirus","[KategorieNz].[Krankheit DE].&[Norovirus-Gastroenteritis]"
78.13,"SK Dessau-Roßlau","[DeutschlandNodes].[Kreise71Web].[FedStateKey71].&[15].&[DEE0].&[15001]",2020,1,"Norovirus","[KategorieNz].[Krankheit DE].&[Norovirus-Gastroenteritis]"
71.05,"SK Halle","[DeutschlandNodes].[Kreise71Web].[FedStateKey71].&[15].&[DEE0].&[15002]",2020,1,"Norovirus","[KategorieNz].[Krankheit DE].&[Norovirus-Gastroenteritis]"
232.26,"LK Harz","[DeutschlandNodes].[Kreise71Web].[FedStateKey71].&[15].&[DEE0].&[15085]",2020,1,"Norovirus","[KategorieNz].[Krankheit DE].&[Norovirus-Gastroenteritis]"
300.88,"LK Jerichower Land","[DeutschlandNodes].[Kreise71Web].[FedStateKey71].&[15].&[DEE0].&[15086]",2020,1,"Norovirus","[KategorieNz].[Krankheit DE].&[Norovirus-Gastroenteritis]"
81.01,"SK Magdeburg","[DeutschlandNodes].[Kreise71Web].[FedStateKey71].&[15].&[DEE0].&[15003]",2020,1,"Norovirus","[KategorieNz].[Krankheit DE].&[Norovirus-Gastroenteritis]"
188.5,"LK Mansfeld-Südharz","[DeutschlandNodes].[Kreise71Web].[FedStateKey71].&[15].&[DEE0].&[15087]",2020,1,"Norovirus","[KategorieNz].[Krankheit DE].&[Norovirus-Gastroenteritis]"
123.75,"LK Saalekreis","[DeutschlandNodes].[Kreise71Web].[FedStateKey71].&[15].&[DEE0].&[15088]",2020,1,"Norovirus","[KategorieNz].[Krankheit DE].&[Norovirus-Gastroenteritis]"
109.89,"LK Salzlandkreis","[DeutschlandNodes].[Kreise71Web].[FedStateKey71].&[15].&[DEE0].&[15089]",2020,1,"Norovirus","[KategorieNz].[Krankheit DE].&[Norovirus-Gastroenteritis]"
152.96,"LK Stendal","[DeutschlandNodes].[Kreise71Web].[FedStateKey71].&[15].&[DEE0].&[15090]",2020,1,"Norovirus","[KategorieNz].[Krankheit DE].&[Norovirus-Gastroenteritis]"
122.4,"LK Wittenberg","[DeutschlandNodes].[Kreise71Web].[FedStateKey71].&[15].&[DEE0].&[15091]",2020,1,"Norovirus","[KategorieNz].[Krankheit DE].&[Norovirus-Gastroenteritis]"
18.01,"LK Dithmarschen","[DeutschlandNodes].[Kreise71Web].[FedStateKey71].&[01].&[DEF0].&[01051]",2020,1,"Norovirus","[KategorieNz].[Krankheit DE].&[Norovirus-Gastroenteritis]"
58.93,"SK Flensburg","[DeutschlandNodes].[Kreise71Web].[FedStateKey71].&[01].&[DEF0].&[01001]",2020,1,"Norovirus","[KategorieNz].[Krankheit DE].&[Norovirus-Gastroenteritis]"
247.55,"LK Herzogtum Lauenburg","[DeutschlandNodes].[Kreise71Web].[FedStateKey71].&[01].&[DEF0].&[01053]",2020,1,"Norovirus","[KategorieNz].[Krankheit DE].&[Norovirus-Gastroenteritis]"
100.16,"SK Kiel","[DeutschlandNodes].[Kreise71Web].[FedStateKey71].&[01].&[DEF0].&[01002]",2020,1,"Norovirus","[KategorieNz].[Krankheit DE].&[Norovirus-Gastroenteritis]"
31.97,"SK Lübeck","[DeutschlandNodes].[Kreise71Web].[FedStateKey71].&[01].&[DEF0].&[01003]",2020,1,"Norovirus","[KategorieNz].[Krankheit DE].&[Norovirus-Gastroenteritis]"
201.49,"SK Neumünster","[DeutschlandNodes].[Kreise71Web].[FedStateKey71].&[01].&[DEF0].&[01004]",2020,1,"Norovirus","[KategorieNz].[Krankheit DE].&[Norovirus-Gastroenteritis]"
59.23,"LK Nordfriesland","[DeutschlandNodes].[Kreise71Web].[FedStateKey71].&[01].&[DEF0].&[01054]",2020,1,"Norovirus","[KategorieNz].[Krankheit DE].&[Norovirus-Gastroenteritis]"
35.73,"LK Ostholstein","[DeutschlandNodes].[Kreise71Web].[FedStateKey71].&[01].&[DEF0].&[01055]",2020,1,"Norovirus","[KategorieNz].[Krankheit DE].&[Norovirus-Gastroenteritis]"
33.74,"LK Pinneberg","[DeutschlandNodes].[Kreise71Web].[FedStateKey71].&[01].&[DEF0].&[01056]",2020,1,"Norovirus","[KategorieNz].[Krankheit DE].&[Norovirus-Gastroenteritis]"
40.97,"LK Plön","[DeutschlandNodes].[Kreise71Web].[FedStateKey71].&[01].&[DEF0].&[01057]",2020,1,"Norovirus","[KategorieNz].[Krankheit DE].&[Norovirus-Gastroenteritis]"
20.75,"LK Rendsburg-Eckernförde","[DeutschlandNodes].[Kreise71Web].[FedStateKey71].&[01].&[DEF0].&[01058]",2020,1,"Norovirus","[KategorieNz].[Krankheit DE].&[Norovirus-Gastroenteritis]"
40.46,"LK Schleswig-Flensburg","[DeutschlandNodes].[Kreise71Web].[FedStateKey71].&[01].&[DEF0].&[01059]",2020,1,"Norovirus","[KategorieNz].[Krankheit DE].&[Norovirus-Gastroenteritis]"
72.3,"LK Segeberg","[DeutschlandNodes].[Kreise71Web].[FedStateKey71].&[01].&[DEF0].&[01060]",2020,1,"Norovirus","[KategorieNz].[Krankheit DE].&[Norovirus-Gastroenteritis]"
26.01,"LK Steinburg","[DeutschlandNodes].[Kreise71Web].[FedStateKey71].&[01].&[DEF0].&[01061]",2020,1,"Norovirus","[KategorieNz].[Krankheit DE].&[Norovirus-Gastroenteritis]"
26.53,"LK Stormarn","[DeutschlandNodes].[Kreise71Web].[FedStateKey71].&[01].&[DEF0].&[01062]",2020,1,"Norovirus","[KategorieNz].[Krankheit DE].&[Norovirus-Gastroenteritis]"
124.5,"LK Altenburger Land","[DeutschlandNodes].[Kreise71Web].[FedStateKey71].&[16].&[DEG0].&[16077]",2020,1,"Norovirus","[KategorieNz].[Krankheit DE].&[Norovirus-Gastroenteritis]"
144.78,"LK Eichsfeld","[DeutschlandNodes].[Kreise71Web].[FedStateKey71].&[16].&[DEG0].&[16061]",2020,1,"Norovirus","[KategorieNz].[Krankheit DE].&[Norovirus-Gastroenteritis]"
270.48,"SK Erfurt","[DeutschlandNodes].[Kreise71Web].[FedStateKey71].&[16].&[DEG0].&[16051]",2020,1,"Norovirus","[KategorieNz].[Krankheit DE].&[Norovirus-Gastroenteritis]"
64.04,"SK Gera","[DeutschlandNodes].[Kreise71Web].[FedStateKey71].&[16].&[DEG0].&[16052]",2020,1,"Norovirus","[KategorieNz].[Krankheit DE].&[Norovirus-Gastroenteritis]"
104.04,"LK Gotha","[DeutschlandNodes].[Kreise71Web].[FedStateKey71].&[16].&[DEG0].&[16067]",2020,1,"Norovirus","[KategorieNz].[Krankheit DE].&[Norovirus-Gastroenteritis]"
144.83,"LK Greiz","[DeutschlandNodes].[Kreise71Web].[FedStateKey71].&[16].&[DEG0].&[16076]",2020,1,"Norovirus","[KategorieNz].[Krankheit DE].&[Norovirus-Gastroenteritis]"
59.05,"LK Hildburghausen","[DeutschlandNodes].[Kreise71Web].[FedStateKey71].&[16].&[DEG0].&[16069]",2020,1,"Norovirus","[KategorieNz].[Krankheit DE].&[Norovirus-Gastroenteritis]"
182.75,"LK Ilm-Kreis","[DeutschlandNodes].[Kreise71Web].[FedStateKey71].&[16].&[DEG0].&[16070]",2020,1,"Norovirus","[KategorieNz].[Krankheit DE].&[Norovirus-Gastroenteritis]"
188.75,"SK Jena","[DeutschlandNodes].[Kreise71Web].[FedStateKey71].&[16].&[DEG0].&[16053]",2020,1,"Norovirus","[KategorieNz].[Krankheit DE].&[Norovirus-Gastroenteritis]"
108.81,"LK Kyffhäuserkreis","[DeutschlandNodes].[Kreise71Web].[FedStateKey71].&[16].&[DEG0].&[16065]",2020,1,"Norovirus","[KategorieNz].[Krankheit DE].&[Norovirus-Gastroenteritis]"
317.75,"LK Nordhausen","[DeutschlandNodes].[Kreise71Web].[FedStateKey71].&[16].&[DEG0].&[16062]",2020,1,"Norovirus","[KategorieNz].[Krankheit DE].&[Norovirus-Gastroenteritis]"
251.16,"LK Saale-Holzland-Kreis","[DeutschlandNodes].[Kreise71Web].[FedStateKey71].&[16].&[DEG0].&[16074]",2020,1,"Norovirus","[KategorieNz].[Krankheit DE].&[Norovirus-Gastroenteritis]"
130.6,"LK Saale-Orla-Kreis","[DeutschlandNodes].[Kreise71Web].[FedStateKey71].&[16].&[DEG0].&[16075]",2020,1,"Norovirus","[KategorieNz].[Krankheit DE].&[Norovirus-Gastroenteritis]"
140.98,"LK Saalfeld-Rudolstadt","[DeutschlandNodes].[Kreise71Web].[FedStateKey71].&[16].&[DEG0].&[16073]",2020,1,"Norovirus","[KategorieNz].[Krankheit DE].&[Norovirus-Gastroenteritis]"
85.32,"LK Schmalkalden-Meiningen","[DeutschlandNodes].[Kreise71Web].[FedStateKey71].&[16].&[DEG0].&[16066]",2020,1,"Norovirus","[KategorieNz].[Krankheit DE].&[Norovirus-Gastroenteritis]"
108.53,"LK Sömmerda","[DeutschlandNodes].[Kreise71Web].[FedStateKey71].&[16].&[DEG0].&[16068]",2020,1,"Norovirus","[KategorieNz].[Krankheit DE].&[Norovirus-Gastroenteritis]"
80.64,"LK Sonneberg","[DeutschlandNodes].[Kreise71Web].[FedStateKey71].&[16].&[DEG0].&[16072]",2020,1,"Norovirus","[KategorieNz].[Krankheit DE].&[Norovirus-Gastroenteritis]"
43.96,"SK Suhl","[DeutschlandNodes].[Kreise71Web].[FedStateKey71].&[16].&[DEG0].&[16054]",2020,1,"Norovirus","[KategorieNz].[Krankheit DE].&[Norovirus-Gastroenteritis]"
177.98,"LK Unstrut-Hainich-Kreis","[DeutschlandNodes].[Kreise71Web].[FedStateKey71].&[16].&[DEG0].&[16064]",2020,1,"Norovirus","[KategorieNz].[Krankheit DE].&[Norovirus-Gastroenteritis]"
117.55,"LK Wartburgkreis","[DeutschlandNodes].[Kreise71Web].[FedStateKey71].&[16].&[DEG0].&[16063]",2020,1,"Norovirus","[KategorieNz].[Krankheit DE].&[Norovirus-Gastroenteritis]"
216.6,"SK Weimar","[DeutschlandNodes].[Kreise71Web].[FedStateKey71].&[16].&[DEG0].&[16055]",2020,1,"Norovirus","[KategorieNz].[Krankheit DE].&[Norovirus-Gastroenteritis]"
233.32,"LK Weimarer Land","[DeutschlandNodes].[Kreise71Web].[FedStateKey71].&[16].&[DEG0].&[16071]",2020,1,"Norovirus","[KategorieNz].[Krankheit DE].&[Norovirus-Gastroenteritis]"
NA,"Unbekannt","[DeutschlandNodes].[Kreise71Web].[FedStateKey71].&[-1].&[????].&[?????]",2020,1,"Norovirus","[KategorieNz].[Krankheit DE].&[Norovirus-Gastroenteritis]"
